clean_match_id,match_date_utc,competition_code,season,team_a_name,team_b_name,target_result,predicted_result,elo_gap,abs_elo_gap,elo_gap_bucket,is_neutral_venue,host_advantage_side,is_group_stage,is_knockout_stage
8312,2021-09-01 22:00:00+00:00,WCQ,2021,North Macedonia,Armenia,DRAW,TEAM_A_WIN,0.52,0.52,0-50,False,TEAM_A,False,False
9335,2025-06-03 22:00:00+00:00,WCQ,2025,Barbados,Aruba,DRAW,TEAM_A_WIN,-0.893,0.893,0-50,False,TEAM_A,False,False
7917,2019-09-03 22:00:00+00:00,WCQ,2019,Burundi,Tanzania,DRAW,TEAM_A_WIN,1.46,1.46,0-50,False,TEAM_A,False,False
8037,2019-11-18 23:00:00+00:00,WCQ,2019,Vietnam,Thailand,DRAW,TEAM_A_WIN,-3.619,3.619,0-50,False,TEAM_A,False,False
7932,2019-09-04 22:00:00+00:00,WCQ,2019,Singapore,Yemen,DRAW,TEAM_A_WIN,4.594,4.594,0-50,False,TEAM_A,False,False
8560,2021-11-10 23:00:00+00:00,WCQ,2021,Iraq,Syria,DRAW,TEAM_B_WIN,6.465,6.465,0-50,True,NONE,False,False
8318,2021-09-01 22:00:00+00:00,WCQ,2021,Canada,Honduras,DRAW,TEAM_A_WIN,7.304,7.304,0-50,False,TEAM_A,False,False
8974,2024-03-20 23:00:00+00:00,WCQ,2024,Afghanistan,India,DRAW,TEAM_B_WIN,8.018,8.018,0-50,True,NONE,False,False
9710,2025-11-17 23:00:00+00:00,WCQ,2025,Austria,Bosnia and Herzegovina,DRAW,TEAM_A_WIN,-9.136,9.136,0-50,False,TEAM_A,False,False
8900,2023-11-15 23:00:00+00:00,WCQ,2023,Lebanon,Palestine,DRAW,TEAM_B_WIN,-9.312,9.312,0-50,True,NONE,False,False
9151,2024-09-09 22:00:00+00:00,WCQ,2024,North Korea,Qatar,DRAW,TEAM_B_WIN,9.419,9.419,0-50,True,NONE,False,False
8260,2021-06-14 22:00:00+00:00,WCQ,2021,India,Afghanistan,DRAW,TEAM_B_WIN,-13.564,13.564,0-50,True,NONE,False,False
7920,2019-09-03 22:00:00+00:00,WCQ,2019,Ethiopia,Lesotho,DRAW,TEAM_A_WIN,15.464,15.464,0-50,False,TEAM_A,False,False
9125,2024-06-10 22:00:00+00:00,WCQ,2024,Saint Lucia,Aruba,DRAW,TEAM_B_WIN,17.398,17.398,0-50,True,NONE,False,False
8224,2021-06-07 22:00:00+00:00,WCQ,2021,Barbados,Dominica,DRAW,TEAM_B_WIN,19.083,19.083,0-50,True,NONE,False,False
8749,2022-03-28 22:00:00+00:00,WCQ,2022,Syria,Iraq,DRAW,TEAM_B_WIN,-22.397,22.397,0-50,True,NONE,False,False
9060,2024-06-06 22:00:00+00:00,WCQ,2024,Kenya,Burundi,DRAW,TEAM_B_WIN,22.661,22.661,0-50,True,NONE,False,False
9513,2025-09-08 22:00:00+00:00,WCQ,2025,Mauritania,South Sudan,DRAW,TEAM_A_WIN,-23.706,23.706,0-50,False,TEAM_A,False,False
7826,2017-11-10 23:00:00+00:00,WCQ,2017,Gabon,Mali,DRAW,TEAM_A_WIN,23.77,23.77,0-50,False,TEAM_A,False,False
9187,2024-10-14 22:00:00+00:00,WCQ,2024,Palestine,Kuwait,DRAW,TEAM_B_WIN,-25.394,25.394,0-50,True,NONE,False,False
8616,2021-11-13 23:00:00+00:00,WCQ,2021,Madagascar,Tanzania,DRAW,TEAM_A_WIN,-26.302,26.302,0-50,False,TEAM_A,False,False
7830,2017-11-10 23:00:00+00:00,WCQ,2017,Zambia,Cameroon,DRAW,TEAM_A_WIN,-28.302,28.302,0-50,False,TEAM_A,False,False
9210,2024-11-16 23:00:00+00:00,WCQ,2024,Fiji,New Caledonia,DRAW,TEAM_B_WIN,-29.301,29.301,0-50,True,NONE,False,False
8785,2022-11-23 23:00:00+00:00,WC,2022,Uruguay,South Korea,DRAW,TEAM_B_WIN,-29.827,29.827,0-50,True,NONE,False,False
8875,2023-11-14 23:00:00+00:00,WCQ,2023,Ethiopia,Sierra Leone,DRAW,TEAM_B_WIN,-29.869,29.869,0-50,True,NONE,False,False
8371,2021-09-06 22:00:00+00:00,WCQ,2021,Burkina Faso,Algeria,DRAW,TEAM_B_WIN,29.948,29.948,0-50,True,NONE,False,False
8992,2024-03-21 23:00:00+00:00,WCQ,2024,United States Virgin Islands,British Virgin Islands,DRAW,TEAM_B_WIN,-30.09,30.09,0-50,False,TEAM_A,False,False
9343,2025-06-04 22:00:00+00:00,WCQ,2025,North Korea,Kyrgyzstan,DRAW,TEAM_B_WIN,31.622,31.622,0-50,True,NONE,False,False
8991,2024-03-21 23:00:00+00:00,WCQ,2024,Anguilla,Turks and Caicos Islands,DRAW,TEAM_B_WIN,-32.022,32.022,0-50,False,TEAM_A,False,False
9168,2024-10-09 22:00:00+00:00,WCQ,2024,United Arab Emirates,North Korea,DRAW,TEAM_A_WIN,32.142,32.142,0-50,False,TEAM_A,False,False
9010,2024-03-25 23:00:00+00:00,WCQ,2024,British Virgin Islands,United States Virgin Islands,DRAW,TEAM_A_WIN,32.379,32.379,0-50,False,TEAM_A,False,False
8357,2021-09-04 22:00:00+00:00,WCQ,2021,Ecuador,Chile,DRAW,TEAM_A_WIN,-33.152,33.152,0-50,False,TEAM_A,False,False
9011,2024-03-25 23:00:00+00:00,WCQ,2024,Turks and Caicos Islands,Anguilla,DRAW,TEAM_A_WIN,34.09,34.09,0-50,False,TEAM_A,False,False
8368,2021-09-05 22:00:00+00:00,WCQ,2021,Uganda,Mali,DRAW,TEAM_A_WIN,38.51,38.51,0-50,False,TEAM_A,False,False
7896,2018-07-02 22:00:00+00:00,WC,2018,Colombia,England,DRAW,TEAM_B_WIN,-38.817,38.817,0-50,True,NONE,False,False
8529,2021-10-11 22:00:00+00:00,WCQ,2021,Ukraine,Bosnia and Herzegovina,DRAW,TEAM_A_WIN,39.927,39.927,0-50,False,TEAM_A,False,False
9049,2024-06-05 22:00:00+00:00,WCQ,2024,Palestine,Lebanon,DRAW,TEAM_A_WIN,40.865,40.865,0-50,True,NONE,False,False
8155,2021-03-30 22:00:00+00:00,WCQ,2021,Northern Ireland,Bulgaria,DRAW,TEAM_A_WIN,-41.261,41.261,0-50,False,TEAM_A,False,False
8571,2021-11-10 23:00:00+00:00,WCQ,2021,Slovakia,Slovenia,DRAW,TEAM_A_WIN,41.723,41.723,0-50,False,TEAM_A,False,False
8587,2021-11-11 23:00:00+00:00,WCQ,2021,El Salvador,Jamaica,DRAW,TEAM_A_WIN,43.748,43.748,0-50,False,TEAM_A,False,False
7911,2019-06-10 22:00:00+00:00,WCQ,2019,Bangladesh,Laos,DRAW,TEAM_A_WIN,45.046,45.046,0-50,False,TEAM_A,False,False
9023,2024-06-05 22:00:00+00:00,WCQ,2024,Guinea-Bissau,Ethiopia,DRAW,TEAM_A_WIN,47.258,47.258,0-50,False,TEAM_A,False,False
8799,2022-11-27 23:00:00+00:00,WC,2022,Cameroon,Serbia,DRAW,TEAM_B_WIN,-47.385,47.385,0-50,True,NONE,False,False
7884,2018-06-26 22:00:00+00:00,WC,2018,Switzerland,Costa Rica,DRAW,TEAM_A_WIN,47.406,47.406,0-50,True,NONE,False,False
9315,2025-03-24 23:00:00+00:00,WCQ,2025,Sudan,South Sudan,DRAW,TEAM_A_WIN,48.632,48.632,0-50,True,NONE,False,False
8017,2019-11-13 23:00:00+00:00,WCQ,2019,Afghanistan,India,DRAW,TEAM_B_WIN,49.382,49.382,0-50,True,NONE,False,False
9448,2025-09-04 22:00:00+00:00,WCQ,2025,Congo,Tanzania,DRAW,TEAM_B_WIN,-51.608,51.608,50-100,False,TEAM_A,False,False
8291,2021-09-01 22:00:00+00:00,WCQ,2021,Namibia,Congo,DRAW,TEAM_B_WIN,-51.97,51.97,50-100,True,NONE,False,False
8445,2021-10-06 22:00:00+00:00,WCQ,2021,Uruguay,Colombia,DRAW,TEAM_A_WIN,52.88,52.88,50-100,False,TEAM_A,False,False
7876,2018-06-24 22:00:00+00:00,WC,2018,Iran,Portugal,DRAW,TEAM_B_WIN,-52.885,52.885,50-100,True,NONE,False,False
9281,2025-03-22 23:00:00+00:00,WCQ,2025,Eswatini,Mauritius,DRAW,TEAM_A_WIN,53.485,53.485,50-100,True,NONE,False,False
9204,2024-11-13 23:00:00+00:00,WCQ,2024,Australia,Saudi Arabia,DRAW,TEAM_A_WIN,53.541,53.541,50-100,False,TEAM_A,False,False
8857,2023-10-11 22:00:00+00:00,WCQ,2023,Nepal,Laos,DRAW,TEAM_A_WIN,53.935,53.935,50-100,False,TEAM_A,False,False
8883,2023-11-15 23:00:00+00:00,WCQ,2023,Chile,Paraguay,DRAW,TEAM_A_WIN,54.081,54.081,50-100,False,TEAM_A,False,False
8851,2023-10-11 22:00:00+00:00,WCQ,2023,Cambodia,Pakistan,DRAW,TEAM_A_WIN,55.486,55.486,50-100,False,TEAM_A,False,False
7937,2019-09-04 22:00:00+00:00,WCQ,2019,Thailand,Vietnam,DRAW,TEAM_B_WIN,55.949,55.949,50-100,False,TEAM_A,False,False
8036,2019-11-18 23:00:00+00:00,WCQ,2019,Kyrgyzstan,Tajikistan,DRAW,TEAM_A_WIN,56.457,56.457,50-100,False,TEAM_A,False,False
9568,2025-10-09 22:00:00+00:00,WCQ,2025,Sudan,Mauritania,DRAW,TEAM_A_WIN,56.62,56.62,50-100,True,NONE,False,False
9612,2025-10-12 22:00:00+00:00,WCQ,2025,South Sudan,Togo,DRAW,TEAM_B_WIN,-58.459,58.459,50-100,False,TEAM_A,False,False
7944,2019-09-05 22:00:00+00:00,WCQ,2019,Comoros,Togo,DRAW,TEAM_B_WIN,-60.219,60.219,50-100,False,TEAM_A,False,False
8959,2023-11-20 23:00:00+00:00,WCQ,2023,South Sudan,Mauritania,DRAW,TEAM_B_WIN,60.913,60.913,50-100,True,NONE,False,False
8938,2023-11-20 23:00:00+00:00,WCQ,2023,Peru,Venezuela,DRAW,TEAM_A_WIN,61.123,61.123,50-100,False,TEAM_A,False,False
8834,2022-12-17 23:00:00+00:00,WC,2022,Argentina,France,DRAW,TEAM_B_WIN,-62.417,62.417,50-100,True,NONE,False,False
9393,2025-06-09 22:00:00+00:00,WCQ,2025,Palestine,Oman,DRAW,TEAM_B_WIN,-62.992,62.992,50-100,True,NONE,False,False
9205,2024-11-14 23:00:00+00:00,WCQ,2024,Peru,Chile,DRAW,TEAM_A_WIN,66.112,66.112,50-100,False,TEAM_A,False,False
7973,2019-09-09 22:00:00+00:00,WCQ,2019,Sudan,Chad,DRAW,TEAM_B_WIN,-66.329,66.329,50-100,False,TEAM_A,False,False
7979,2019-10-09 22:00:00+00:00,WCQ,2019,Jordan,Kuwait,DRAW,TEAM_A_WIN,67.198,67.198,50-100,False,TEAM_A,False,False
8790,2022-11-24 23:00:00+00:00,WC,2022,England,United States,DRAW,TEAM_A_WIN,70.537,70.537,50-100,True,NONE,False,False
8297,2021-09-01 22:00:00+00:00,WCQ,2021,United Arab Emirates,Lebanon,DRAW,TEAM_A_WIN,71.335,71.335,50-100,False,TEAM_A,False,False
9113,2024-06-10 22:00:00+00:00,WCQ,2024,Turkmenistan,Hong Kong,DRAW,TEAM_A_WIN,71.968,71.968,50-100,False,TEAM_A,False,False
8813,2022-11-30 23:00:00+00:00,WC,2022,Croatia,Belgium,DRAW,TEAM_B_WIN,-73.454,73.454,50-100,True,NONE,False,False
8454,2021-10-07 22:00:00+00:00,WCQ,2021,Iceland,Armenia,DRAW,TEAM_A_WIN,74.047,74.047,50-100,False,TEAM_A,False,False
7924,2019-09-03 22:00:00+00:00,WCQ,2019,South Sudan,Equatorial Guinea,DRAW,TEAM_B_WIN,76.416,76.416,50-100,True,NONE,False,False
7828,2017-11-10 23:00:00+00:00,WCQ,2017,New Zealand,Peru,DRAW,TEAM_A_WIN,76.557,76.557,50-100,False,TEAM_A,False,False
9013,2024-06-04 22:00:00+00:00,WCQ,2024,Togo,South Sudan,DRAW,TEAM_A_WIN,77.821,77.821,50-100,False,TEAM_A,False,False
7974,2019-09-09 22:00:00+00:00,WCQ,2019,Eswatini,Djibouti,DRAW,TEAM_A_WIN,80.442,80.442,50-100,False,TEAM_A,False,False
9247,2025-03-19 23:00:00+00:00,WCQ,2025,Gambia,Kenya,DRAW,TEAM_B_WIN,-80.483,80.483,50-100,True,NONE,False,False
8574,2021-11-10 23:00:00+00:00,WCQ,2021,Romania,Iceland,DRAW,TEAM_A_WIN,81.84,81.84,50-100,False,TEAM_A,False,False
8630,2021-11-14 23:00:00+00:00,WCQ,2021,Guinea-Bissau,Sudan,DRAW,TEAM_A_WIN,83.199,83.199,50-100,True,NONE,False,False
8252,2021-06-14 22:00:00+00:00,WCQ,2021,Philippines,Maldives,DRAW,TEAM_A_WIN,84.595,84.595,50-100,True,NONE,False,False
8274,2021-08-31 22:00:00+00:00,WCQ,2021,Guinea-Bissau,Guinea,DRAW,TEAM_B_WIN,-86.476,86.476,50-100,True,NONE,False,False
8001,2019-10-14 22:00:00+00:00,WCQ,2019,India,Bangladesh,DRAW,TEAM_A_WIN,90.359,90.359,50-100,False,TEAM_A,False,False
9120,2024-06-10 22:00:00+00:00,WCQ,2024,Yemen,Nepal,DRAW,TEAM_A_WIN,90.795,90.795,50-100,True,NONE,False,False
9039,2024-06-05 22:00:00+00:00,WCQ,2024,Kyrgyzstan,Malaysia,DRAW,TEAM_A_WIN,91.118,91.118,50-100,False,TEAM_A,False,False
8781,2022-11-22 23:00:00+00:00,WC,2022,Morocco,Croatia,DRAW,TEAM_B_WIN,-91.481,91.481,50-100,True,NONE,False,False
8269,2021-08-31 22:00:00+00:00,WCQ,2021,Central African Republic,Cape Verde,DRAW,TEAM_B_WIN,-91.739,91.739,50-100,True,NONE,False,False
9014,2024-06-04 22:00:00+00:00,WCQ,2024,Namibia,Liberia,DRAW,TEAM_A_WIN,93.02,93.02,50-100,True,NONE,False,False
8950,2023-11-20 23:00:00+00:00,WCQ,2023,Philippines,Indonesia,DRAW,TEAM_A_WIN,93.664,93.664,50-100,False,TEAM_A,False,False
8961,2023-11-20 23:00:00+00:00,WCQ,2023,Lesotho,Benin,DRAW,TEAM_B_WIN,-93.928,93.928,50-100,True,NONE,False,False
8184,2021-06-02 22:00:00+00:00,WCQ,2021,Argentina,Chile,DRAW,TEAM_A_WIN,94.939,94.939,50-100,False,TEAM_A,False,False
8192,2021-06-03 22:00:00+00:00,WCQ,2021,Dominican Republic,Barbados,DRAW,TEAM_A_WIN,96.472,96.472,50-100,False,TEAM_A,False,False
8327,2021-09-02 22:00:00+00:00,WCQ,2021,Zimbabwe,South Africa,DRAW,TEAM_B_WIN,-96.909,96.909,50-100,False,TEAM_A,False,False
9577,2025-10-09 22:00:00+00:00,WCQ,2025,Kosovo,Slovenia,DRAW,TEAM_B_WIN,-97.077,97.077,50-100,False,TEAM_A,False,False
9641,2025-10-13 22:00:00+00:00,WCQ,2025,Guinea,Botswana,DRAW,TEAM_A_WIN,98.809,98.809,50-100,True,NONE,False,False
9351,2025-06-05 22:00:00+00:00,WCQ,2025,Colombia,Peru,DRAW,TEAM_A_WIN,99.372,99.372,50-100,False,TEAM_A,False,False
9103,2024-06-10 22:00:00+00:00,WCQ,2024,Madagascar,Mali,DRAW,TEAM_B_WIN,-99.708,99.708,50-100,True,NONE,False,False
8062,2021-03-23 23:00:00+00:00,WCQ,2021,Antigua and Barbuda,Montserrat,DRAW,TEAM_A_WIN,100.258,100.258,100-200,True,NONE,False,False
8825,2022-12-05 23:00:00+00:00,WC,2022,Morocco,Spain,DRAW,TEAM_B_WIN,-101.324,101.324,100-200,True,NONE,False,False
8836,2023-09-06 22:00:00+00:00,WCQ,2023,Paraguay,Peru,DRAW,TEAM_B_WIN,-102.156,102.156,100-200,False,TEAM_A,False,False
8070,2021-03-23 23:00:00+00:00,WCQ,2021,Finland,Bosnia and Herzegovina,DRAW,TEAM_B_WIN,-106.072,106.072,100-200,False,TEAM_A,False,False
7844,2018-06-14 22:00:00+00:00,WC,2018,Portugal,Spain,DRAW,TEAM_B_WIN,-106.5,106.5,100-200,True,NONE,False,False
8687,2022-01-29 23:00:00+00:00,WCQ,2022,Mexico,Costa Rica,DRAW,TEAM_A_WIN,107.137,107.137,100-200,False,TEAM_A,False,False
8855,2023-10-11 22:00:00+00:00,WCQ,2023,Maldives,Bangladesh,DRAW,TEAM_A_WIN,107.724,107.724,100-200,False,TEAM_A,False,False
9161,2024-10-09 22:00:00+00:00,WCQ,2024,Ecuador,Paraguay,DRAW,TEAM_A_WIN,108.267,108.267,100-200,False,TEAM_A,False,False
8896,2023-11-15 23:00:00+00:00,WCQ,2023,Tajikistan,Jordan,DRAW,TEAM_B_WIN,-108.785,108.785,100-200,False,TEAM_A,False,False
8487,2021-10-09 22:00:00+00:00,WCQ,2021,Zambia,Equatorial Guinea,DRAW,TEAM_A_WIN,109.352,109.352,100-200,False,TEAM_A,False,False
8640,2021-11-15 23:00:00+00:00,WCQ,2021,Mauritania,Equatorial Guinea,DRAW,TEAM_B_WIN,-112.367,112.367,100-200,False,TEAM_A,False,False
9705,2025-11-17 23:00:00+00:00,WCQ,2025,Sweden,Slovenia,DRAW,TEAM_A_WIN,112.992,112.992,100-200,False,TEAM_A,False,False
9191,2024-10-14 22:00:00+00:00,WCQ,2024,Saudi Arabia,Bahrain,DRAW,TEAM_A_WIN,113.763,113.763,100-200,False,TEAM_A,False,False
9136,2024-09-04 22:00:00+00:00,WCQ,2024,Jordan,Kuwait,DRAW,TEAM_A_WIN,113.937,113.937,100-200,False,TEAM_A,False,False
8179,2021-06-02 22:00:00+00:00,WCQ,2021,Bangladesh,Afghanistan,DRAW,TEAM_B_WIN,-119.926,119.926,100-200,True,NONE,False,False
8652,2021-11-15 23:00:00+00:00,WCQ,2021,China PR,Australia,DRAW,TEAM_B_WIN,-124.639,124.639,100-200,True,NONE,False,False
8712,2022-03-23 23:00:00+00:00,WCQ,2022,Panama,Honduras,DRAW,TEAM_A_WIN,126.087,126.087,100-200,False,TEAM_A,False,False
8387,2021-09-06 22:00:00+00:00,WCQ,2021,Republic of Ireland,Serbia,DRAW,TEAM_B_WIN,-127.948,127.948,100-200,False,TEAM_A,False,False
9033,2024-06-05 22:00:00+00:00,WCQ,2024,India,Kuwait,DRAW,TEAM_B_WIN,-128.843,128.843,100-200,False,TEAM_A,False,False
8827,2022-12-08 23:00:00+00:00,WC,2022,Croatia,Brazil,DRAW,TEAM_B_WIN,-130.542,130.542,100-200,True,NONE,False,False
8052,2020-11-11 23:00:00+00:00,WCQ,2020,Argentina,Paraguay,DRAW,TEAM_A_WIN,133.2,133.2,100-200,False,TEAM_A,False,False
9026,2024-06-05 22:00:00+00:00,WCQ,2024,Senegal,DR Congo,DRAW,TEAM_A_WIN,133.503,133.503,100-200,False,TEAM_A,False,False
9224,2024-11-18 23:00:00+00:00,WCQ,2024,Kuwait,Jordan,DRAW,TEAM_B_WIN,-134.262,134.262,100-200,False,TEAM_A,False,False
8284,2021-08-31 22:00:00+00:00,WCQ,2021,Turkey,Montenegro,DRAW,TEAM_A_WIN,134.321,134.321,100-200,False,TEAM_A,False,False
9073,2024-06-08 22:00:00+00:00,WCQ,2024,Djibouti,Ethiopia,DRAW,TEAM_B_WIN,-136.018,136.018,100-200,True,NONE,False,False
8551,2021-11-10 23:00:00+00:00,WCQ,2021,Uganda,Kenya,DRAW,TEAM_A_WIN,137.778,137.778,100-200,False,TEAM_A,False,False
9273,2025-03-21 23:00:00+00:00,WCQ,2025,Togo,Mauritania,DRAW,TEAM_A_WIN,140.202,140.202,100-200,False,TEAM_A,False,False
9543,2025-10-07 22:00:00+00:00,WCQ,2025,Eswatini,Angola,DRAW,TEAM_B_WIN,-140.489,140.489,100-200,False,TEAM_A,False,False
9306,2025-03-24 23:00:00+00:00,WCQ,2025,South Korea,Jordan,DRAW,TEAM_A_WIN,141.385,141.385,100-200,False,TEAM_A,False,False
9264,2025-03-20 23:00:00+00:00,WCQ,2025,Guinea,Somalia,DRAW,TEAM_A_WIN,142.572,142.572,100-200,True,NONE,False,False
7878,2018-06-25 22:00:00+00:00,WC,2018,Denmark,France,DRAW,TEAM_B_WIN,-143.223,143.223,100-200,True,NONE,False,False
8423,2021-10-06 22:00:00+00:00,WCQ,2021,Iraq,Lebanon,DRAW,TEAM_A_WIN,143.97,143.97,100-200,True,NONE,False,False
9717,2025-11-17 23:00:00+00:00,WCQ,2025,Trinidad and Tobago,Bermuda,DRAW,TEAM_A_WIN,144.054,144.054,100-200,False,TEAM_A,False,False
9111,2024-06-10 22:00:00+00:00,WCQ,2024,Oman,Kyrgyzstan,DRAW,TEAM_A_WIN,144.402,144.402,100-200,False,TEAM_A,False,False
8481,2021-10-08 22:00:00+00:00,WCQ,2021,Guinea,Sudan,DRAW,TEAM_A_WIN,145.783,145.783,100-200,True,NONE,False,False
8181,2021-06-02 22:00:00+00:00,WCQ,2021,Thailand,Indonesia,DRAW,TEAM_A_WIN,146.972,146.972,100-200,True,NONE,False,False
8547,2021-10-13 22:00:00+00:00,WCQ,2021,Colombia,Ecuador,DRAW,TEAM_A_WIN,148.449,148.449,100-200,False,TEAM_A,False,False
9142,2024-09-05 22:00:00+00:00,WCQ,2024,Peru,Colombia,DRAW,TEAM_B_WIN,-149.954,149.954,100-200,False,TEAM_A,False,False
8443,2021-10-06 22:00:00+00:00,WCQ,2021,Paraguay,Argentina,DRAW,TEAM_B_WIN,-150.491,150.491,100-200,False,TEAM_A,False,False
9390,2025-06-09 22:00:00+00:00,WCQ,2025,Kyrgyzstan,United Arab Emirates,DRAW,TEAM_B_WIN,-152.186,152.186,100-200,False,TEAM_A,False,False
8903,2023-11-15 23:00:00+00:00,WCQ,2023,Sudan,Togo,DRAW,TEAM_B_WIN,-152.566,152.566,100-200,True,NONE,False,False
8643,2021-11-15 23:00:00+00:00,WCQ,2021,Nigeria,Cape Verde,DRAW,TEAM_A_WIN,152.659,152.659,100-200,False,TEAM_A,False,False
8124,2021-03-27 23:00:00+00:00,WCQ,2021,Ukraine,Finland,DRAW,TEAM_A_WIN,153.047,153.047,100-200,False,TEAM_A,False,False
9189,2024-10-14 22:00:00+00:00,WCQ,2024,Japan,Australia,DRAW,TEAM_A_WIN,154.082,154.082,100-200,False,TEAM_A,False,False
9244,2025-03-19 23:00:00+00:00,WCQ,2025,Zimbabwe,Benin,DRAW,TEAM_B_WIN,-154.16,154.16,100-200,True,NONE,False,False
8315,2021-09-01 22:00:00+00:00,WCQ,2021,Peru,Uruguay,DRAW,TEAM_B_WIN,-154.617,154.617,100-200,False,TEAM_A,False,False
8873,2023-10-16 22:00:00+00:00,WCQ,2023,Sri Lanka,Yemen,DRAW,TEAM_B_WIN,-156.608,156.608,100-200,False,TEAM_A,False,False
9085,2024-06-09 22:00:00+00:00,WCQ,2024,Burkina Faso,Sierra Leone,DRAW,TEAM_A_WIN,157.815,157.815,100-200,True,NONE,False,False
8717,2022-03-23 23:00:00+00:00,WCQ,2022,China PR,Saudi Arabia,DRAW,TEAM_B_WIN,-158.171,158.171,100-200,True,NONE,False,False
8059,2020-11-16 23:00:00+00:00,WCQ,2020,Paraguay,Bolivia,DRAW,TEAM_A_WIN,158.778,158.778,100-200,False,TEAM_A,False,False
8880,2023-11-15 23:00:00+00:00,WCQ,2023,Venezuela,Ecuador,DRAW,TEAM_B_WIN,-159.257,159.257,100-200,False,TEAM_A,False,False
8325,2021-09-02 22:00:00+00:00,WCQ,2021,Mozambique,Ivory Coast,DRAW,TEAM_B_WIN,-160.513,160.513,100-200,False,TEAM_A,False,False
8668,2021-11-15 23:00:00+00:00,WCQ,2021,Colombia,Paraguay,DRAW,TEAM_A_WIN,160.834,160.834,100-200,False,TEAM_A,False,False
9718,2025-11-17 23:00:00+00:00,WCQ,2025,Costa Rica,Honduras,DRAW,TEAM_A_WIN,162.445,162.445,100-200,False,TEAM_A,False,False
8421,2021-10-05 22:00:00+00:00,WCQ,2021,Sudan,Guinea,DRAW,TEAM_B_WIN,-163.313,163.313,100-200,True,NONE,False,False
9651,2025-10-13 22:00:00+00:00,WCQ,2025,Panama,Suriname,DRAW,TEAM_A_WIN,163.62,163.62,100-200,False,TEAM_A,False,False
8404,2021-09-07 22:00:00+00:00,WCQ,2021,Wales,Estonia,DRAW,TEAM_A_WIN,163.64,163.64,100-200,False,TEAM_A,False,False
9647,2025-10-13 22:00:00+00:00,WCQ,2025,Estonia,Moldova,DRAW,TEAM_A_WIN,164.785,164.785,100-200,False,TEAM_A,False,False
9036,2024-06-05 22:00:00+00:00,WCQ,2024,China PR,Thailand,DRAW,TEAM_A_WIN,165.139,165.139,100-200,False,TEAM_A,False,False
8695,2022-01-31 23:00:00+00:00,WCQ,2022,Oman,Australia,DRAW,TEAM_B_WIN,-166.249,166.249,100-200,False,TEAM_A,False,False
8394,2021-09-06 22:00:00+00:00,WCQ,2021,Montenegro,Latvia,DRAW,TEAM_A_WIN,168.41,168.41,100-200,False,TEAM_A,False,False
9225,2024-11-18 23:00:00+00:00,WCQ,2024,Bahrain,Australia,DRAW,TEAM_B_WIN,-168.939,168.939,100-200,False,TEAM_A,False,False
8233,2021-06-07 22:00:00+00:00,WCQ,2021,Chile,Bolivia,DRAW,TEAM_A_WIN,170.395,170.395,100-200,False,TEAM_A,False,False
8505,2021-10-10 22:00:00+00:00,WCQ,2021,Cyprus,Malta,DRAW,TEAM_A_WIN,171.124,171.124,100-200,False,TEAM_A,False,False
7829,2017-11-10 23:00:00+00:00,WCQ,2017,Tunisia,Libya,DRAW,TEAM_A_WIN,171.443,171.443,100-200,False,TEAM_A,False,False
9155,2024-09-09 22:00:00+00:00,WCQ,2024,Kuwait,Iraq,DRAW,TEAM_B_WIN,-172.699,172.699,100-200,False,TEAM_A,False,False
9172,2024-10-09 22:00:00+00:00,WCQ,2024,Bahrain,Indonesia,DRAW,TEAM_A_WIN,173.182,173.182,100-200,False,TEAM_A,False,False
9435,2025-09-03 22:00:00+00:00,WCQ,2025,Lithuania,Malta,DRAW,TEAM_A_WIN,175.554,175.554,100-200,False,TEAM_A,False,False
9097,2024-06-10 22:00:00+00:00,WCQ,2024,Angola,Cameroon,DRAW,TEAM_B_WIN,-177.086,177.086,100-200,False,TEAM_A,False,False
8183,2021-06-02 22:00:00+00:00,WCQ,2021,Uruguay,Paraguay,DRAW,TEAM_A_WIN,177.46,177.46,100-200,False,TEAM_A,False,False
8957,2023-11-20 23:00:00+00:00,WCQ,2023,Bangladesh,Lebanon,DRAW,TEAM_B_WIN,-178.811,178.811,100-200,False,TEAM_A,False,False
9615,2025-10-12 22:00:00+00:00,WCQ,2025,Cameroon,Angola,DRAW,TEAM_A_WIN,182.165,182.165,100-200,False,TEAM_A,False,False
8204,2021-06-04 22:00:00+00:00,WCQ,2021,Bahamas,Trinidad and Tobago,DRAW,TEAM_B_WIN,-183.306,183.306,100-200,False,TEAM_A,False,False
8484,2021-10-09 22:00:00+00:00,WCQ,2021,Jamaica,Canada,DRAW,TEAM_B_WIN,-183.932,183.932,100-200,False,TEAM_A,False,False
8910,2023-11-16 23:00:00+00:00,WCQ,2023,Burkina Faso,Guinea-Bissau,DRAW,TEAM_A_WIN,186.181,186.181,100-200,True,NONE,False,False
9238,2025-03-19 23:00:00+00:00,WCQ,2025,Iraq,Kuwait,DRAW,TEAM_A_WIN,186.447,186.447,100-200,False,TEAM_A,False,False
9302,2025-03-24 23:00:00+00:00,WCQ,2025,Chile,Ecuador,DRAW,TEAM_B_WIN,-188.167,188.167,100-200,False,TEAM_A,False,False
9489,2025-09-07 22:00:00+00:00,WCQ,2025,Guinea,Algeria,DRAW,TEAM_B_WIN,-188.72,188.72,100-200,True,NONE,False,False
9365,2025-06-06 22:00:00+00:00,WCQ,2025,Malta,Lithuania,DRAW,TEAM_B_WIN,-190.445,190.445,100-200,False,TEAM_A,False,False
8115,2021-03-27 23:00:00+00:00,WCQ,2021,Montserrat,El Salvador,DRAW,TEAM_B_WIN,-194.06,194.06,100-200,True,NONE,False,False
9032,2024-06-05 22:00:00+00:00,WCQ,2024,Afghanistan,Qatar,DRAW,TEAM_B_WIN,-197.14,197.14,100-200,True,NONE,False,False
9455,2025-09-04 22:00:00+00:00,WCQ,2025,Slovenia,Sweden,DRAW,TEAM_B_WIN,-198.505,198.505,100-200,False,TEAM_A,False,False
8655,2021-11-15 23:00:00+00:00,WCQ,2021,Jamaica,United States,DRAW,TEAM_B_WIN,-198.698,198.698,100-200,False,TEAM_A,False,False
8293,2021-09-01 22:00:00+00:00,WCQ,2021,DR Congo,Tanzania,DRAW,TEAM_A_WIN,200.248,200.248,200-400,False,TEAM_A,False,False
8412,2021-09-07 22:00:00+00:00,WCQ,2021,Costa Rica,Jamaica,DRAW,TEAM_A_WIN,200.6,200.6,200-400,False,TEAM_A,False,False
9018,2024-06-04 22:00:00+00:00,WCQ,2024,Trinidad and Tobago,Grenada,DRAW,TEAM_A_WIN,201.796,201.796,200-400,False,TEAM_A,False,False
8223,2021-06-07 22:00:00+00:00,WCQ,2021,Curaçao,Guatemala,DRAW,TEAM_B_WIN,-204.258,204.258,200-400,False,TEAM_A,False,False
9290,2025-03-23 23:00:00+00:00,WCQ,2025,Central African Republic,Mali,DRAW,TEAM_B_WIN,-205.003,205.003,200-400,True,NONE,False,False
7929,2019-09-04 22:00:00+00:00,WCQ,2019,Cambodia,Hong Kong,DRAW,TEAM_B_WIN,-205.798,205.798,200-400,False,TEAM_A,False,False
8078,2021-03-23 23:00:00+00:00,WCQ,2021,Cyprus,Slovakia,DRAW,TEAM_B_WIN,-206.201,206.201,200-400,False,TEAM_A,False,False
9317,2025-03-24 23:00:00+00:00,WCQ,2025,Nigeria,Zimbabwe,DRAW,TEAM_A_WIN,206.334,206.334,200-400,False,TEAM_A,False,False
9571,2025-10-09 22:00:00+00:00,WCQ,2025,South Africa,Zimbabwe,DRAW,TEAM_A_WIN,206.577,206.577,200-400,False,TEAM_A,False,False
8754,2022-03-28 22:00:00+00:00,WCQ,2022,Ecuador,Argentina,DRAW,TEAM_B_WIN,-206.785,206.785,200-400,False,TEAM_A,False,False
9370,2025-06-06 22:00:00+00:00,WCQ,2025,Albania,Serbia,DRAW,TEAM_B_WIN,-207.262,207.262,200-400,False,TEAM_A,False,False
9708,2025-11-17 23:00:00+00:00,WCQ,2025,Spain,Turkey,DRAW,TEAM_A_WIN,208.839,208.839,200-400,False,TEAM_A,False,False
9237,2025-03-19 23:00:00+00:00,WCQ,2025,South Korea,Oman,DRAW,TEAM_A_WIN,209.086,209.086,200-400,False,TEAM_A,False,False
8978,2024-03-20 23:00:00+00:00,WCQ,2024,Singapore,China PR,DRAW,TEAM_B_WIN,-209.189,209.189,200-400,False,TEAM_A,False,False
9508,2025-09-08 22:00:00+00:00,WCQ,2025,Chile,Uruguay,DRAW,TEAM_B_WIN,-210.988,210.988,200-400,False,TEAM_A,False,False
8579,2021-11-11 23:00:00+00:00,WCQ,2021,Burkina Faso,Niger,DRAW,TEAM_A_WIN,211.013,211.013,200-400,True,NONE,False,False
9047,2024-06-05 22:00:00+00:00,WCQ,2024,Bahrain,Yemen,DRAW,TEAM_A_WIN,211.428,211.428,200-400,False,TEAM_A,False,False
9298,2025-03-24 23:00:00+00:00,WCQ,2025,Bolivia,Uruguay,DRAW,TEAM_B_WIN,-211.671,211.671,200-400,False,TEAM_A,False,False
8221,2021-06-07 22:00:00+00:00,WCQ,2021,Bermuda,Cayman Islands,DRAW,TEAM_A_WIN,211.782,211.782,200-400,True,NONE,False,False
9292,2025-03-23 23:00:00+00:00,WCQ,2025,Lithuania,Finland,DRAW,TEAM_B_WIN,-211.987,211.987,200-400,False,TEAM_A,False,False
8085,2021-03-24 23:00:00+00:00,WCQ,2021,Spain,Greece,DRAW,TEAM_A_WIN,212.247,212.247,200-400,False,TEAM_A,False,False
9595,2025-10-10 22:00:00+00:00,WCQ,2025,Latvia,Andorra,DRAW,TEAM_A_WIN,214.586,214.586,200-400,False,TEAM_A,False,False
9310,2025-03-24 23:00:00+00:00,WCQ,2025,Japan,Saudi Arabia,DRAW,TEAM_A_WIN,215.565,215.565,200-400,False,TEAM_A,False,False
8313,2021-09-01 22:00:00+00:00,WCQ,2021,Bolivia,Colombia,DRAW,TEAM_B_WIN,-216.23,216.23,200-400,False,TEAM_A,False,False
8496,2021-10-09 22:00:00+00:00,WCQ,2021,Colombia,Brazil,DRAW,TEAM_B_WIN,-217.361,217.361,200-400,False,TEAM_A,False,False
8788,2022-11-24 23:00:00+00:00,WC,2022,Netherlands,Ecuador,DRAW,TEAM_A_WIN,218.856,218.856,200-400,True,NONE,False,False
8965,2023-11-20 23:00:00+00:00,WCQ,2023,Mauritius,Angola,DRAW,TEAM_B_WIN,-219.245,219.245,200-400,False,TEAM_A,False,False
9386,2025-06-09 22:00:00+00:00,WCQ,2025,Argentina,Colombia,DRAW,TEAM_A_WIN,219.62,219.62,200-400,False,TEAM_A,False,False
9675,2025-11-13 23:00:00+00:00,WCQ,2025,Poland,Netherlands,DRAW,TEAM_B_WIN,-219.782,219.782,200-400,False,TEAM_A,False,False
9562,2025-10-08 22:00:00+00:00,WCQ,2025,Czech Republic,Croatia,DRAW,TEAM_B_WIN,-221.032,221.032,200-400,False,TEAM_A,False,False
7960,2019-09-09 22:00:00+00:00,WCQ,2019,Qatar,India,DRAW,TEAM_A_WIN,221.54,221.54,200-400,False,TEAM_A,False,False
8870,2023-10-16 22:00:00+00:00,WCQ,2023,Macau,Myanmar,DRAW,TEAM_B_WIN,-222.07,222.07,200-400,False,TEAM_A,False,False
8506,2021-10-10 22:00:00+00:00,WCQ,2021,Croatia,Slovakia,DRAW,TEAM_A_WIN,222.597,222.597,200-400,False,TEAM_A,False,False
8608,2021-11-12 23:00:00+00:00,WCQ,2021,Norway,Latvia,DRAW,TEAM_A_WIN,224.108,224.108,200-400,False,TEAM_A,False,False
8960,2023-11-20 23:00:00+00:00,WCQ,2023,Togo,Senegal,DRAW,TEAM_B_WIN,-225.059,225.059,200-400,False,TEAM_A,False,False
8303,2021-09-01 22:00:00+00:00,WCQ,2021,Italy,Bulgaria,DRAW,TEAM_A_WIN,225.913,225.913,200-400,False,TEAM_A,False,False
8926,2023-11-18 23:00:00+00:00,WCQ,2023,Zimbabwe,Nigeria,DRAW,TEAM_B_WIN,-228.566,228.566,200-400,True,NONE,False,False
9100,2024-06-10 22:00:00+00:00,WCQ,2024,Kenya,Ivory Coast,DRAW,TEAM_B_WIN,-232.325,232.325,200-400,True,NONE,False,False
8975,2024-03-20 23:00:00+00:00,WCQ,2024,Myanmar,Syria,DRAW,TEAM_B_WIN,-234.11,234.11,200-400,False,TEAM_A,False,False
8556,2021-11-10 23:00:00+00:00,WCQ,2021,Togo,Senegal,DRAW,TEAM_B_WIN,-235.287,235.287,200-400,False,TEAM_A,False,False
9529,2025-09-08 22:00:00+00:00,WCQ,2025,Cyprus,Romania,DRAW,TEAM_B_WIN,-236.568,236.568,200-400,False,TEAM_A,False,False
7994,2019-10-14 22:00:00+00:00,WCQ,2019,Philippines,China PR,DRAW,TEAM_B_WIN,-237.248,237.248,200-400,False,TEAM_A,False,False
8565,2021-11-10 23:00:00+00:00,WCQ,2021,Republic of Ireland,Portugal,DRAW,TEAM_B_WIN,-242.057,242.057,200-400,False,TEAM_A,False,False
8631,2021-11-14 23:00:00+00:00,WCQ,2021,Northern Ireland,Italy,DRAW,TEAM_B_WIN,-243.872,243.872,200-400,False,TEAM_A,False,False
8933,2023-11-19 23:00:00+00:00,WCQ,2023,Mali,Central African Republic,DRAW,TEAM_A_WIN,246.024,246.024,200-400,False,TEAM_A,False,False
8904,2023-11-15 23:00:00+00:00,WCQ,2023,Nigeria,Lesotho,DRAW,TEAM_A_WIN,246.638,246.638,200-400,False,TEAM_A,False,False
8402,2021-09-07 22:00:00+00:00,WCQ,2021,Northern Ireland,Switzerland,DRAW,TEAM_B_WIN,-248.07,248.07,200-400,False,TEAM_A,False,False
9084,2024-06-09 22:00:00+00:00,WCQ,2024,Guinea-Bissau,Egypt,DRAW,TEAM_B_WIN,-248.454,248.454,200-400,False,TEAM_A,False,False
9535,2025-09-08 22:00:00+00:00,WCQ,2025,Costa Rica,Haiti,DRAW,TEAM_A_WIN,248.724,248.724,200-400,False,TEAM_A,False,False
9616,2025-10-12 22:00:00+00:00,WCQ,2025,Mauritius,Libya,DRAW,TEAM_B_WIN,-252.1,252.1,200-400,False,TEAM_A,False,False
7891,2018-06-30 22:00:00+00:00,WC,2018,Russia,Spain,DRAW,TEAM_B_WIN,-252.432,252.432,200-400,False,TEAM_A,False,False
8345,2021-09-04 22:00:00+00:00,WCQ,2021,Kosovo,Greece,DRAW,TEAM_B_WIN,-252.538,252.538,200-400,False,TEAM_A,False,False
8553,2021-11-10 23:00:00+00:00,WCQ,2021,Ethiopia,Ghana,DRAW,TEAM_B_WIN,-252.814,252.814,200-400,True,NONE,False,False
9077,2024-06-08 22:00:00+00:00,WCQ,2024,Namibia,Tunisia,DRAW,TEAM_B_WIN,-253.052,253.052,200-400,True,NONE,False,False
9622,2025-10-12 22:00:00+00:00,WCQ,2025,Slovenia,Switzerland,DRAW,TEAM_B_WIN,-253.123,253.123,200-400,False,TEAM_A,False,False
9627,2025-10-12 22:00:00+00:00,WCQ,2025,North Macedonia,Kazakhstan,DRAW,TEAM_A_WIN,256.679,256.679,200-400,False,TEAM_A,False,False
9143,2024-09-05 22:00:00+00:00,WCQ,2024,Uruguay,Paraguay,DRAW,TEAM_A_WIN,258.472,258.472,200-400,False,TEAM_A,False,False
9436,2025-09-03 22:00:00+00:00,WCQ,2025,Netherlands,Poland,DRAW,TEAM_A_WIN,260.021,260.021,200-400,False,TEAM_A,False,False
8329,2021-09-03 22:00:00+00:00,WCQ,2021,Republic of Ireland,Azerbaijan,DRAW,TEAM_A_WIN,260.264,260.264,200-400,False,TEAM_A,False,False
8231,2021-06-07 22:00:00+00:00,WCQ,2021,Venezuela,Uruguay,DRAW,TEAM_B_WIN,-261.364,261.364,200-400,False,TEAM_A,False,False
9149,2024-09-09 22:00:00+00:00,WCQ,2024,Venezuela,Uruguay,DRAW,TEAM_B_WIN,-266.137,266.137,200-400,False,TEAM_A,False,False
9707,2025-11-17 23:00:00+00:00,WCQ,2025,Belarus,Greece,DRAW,TEAM_B_WIN,-269.331,269.331,200-400,True,NONE,False,False
9274,2025-03-21 23:00:00+00:00,WCQ,2025,Sudan,Senegal,DRAW,TEAM_B_WIN,-270.008,270.008,200-400,True,NONE,False,False
7834,2017-11-11 23:00:00+00:00,WCQ,2017,Switzerland,Northern Ireland,DRAW,TEAM_A_WIN,271.592,271.592,200-400,False,TEAM_A,False,False
9560,2025-10-08 22:00:00+00:00,WCQ,2025,Cyprus,Bosnia and Herzegovina,DRAW,TEAM_B_WIN,-271.705,271.705,200-400,False,TEAM_A,False,False
9645,2025-10-13 22:00:00+00:00,WCQ,2025,Portugal,Hungary,DRAW,TEAM_A_WIN,272.328,272.328,200-400,False,TEAM_A,False,False
8620,2021-11-13 23:00:00+00:00,WCQ,2021,Greece,Kosovo,DRAW,TEAM_A_WIN,272.692,272.692,200-400,False,TEAM_A,False,False
9004,2024-03-25 23:00:00+00:00,WCQ,2024,Tajikistan,Saudi Arabia,DRAW,TEAM_B_WIN,-274.679,274.679,200-400,False,TEAM_A,False,False
8069,2021-03-23 23:00:00+00:00,WCQ,2021,France,Ukraine,DRAW,TEAM_A_WIN,276.254,276.254,200-400,False,TEAM_A,False,False
8332,2021-09-03 22:00:00+00:00,WCQ,2021,Ukraine,France,DRAW,TEAM_B_WIN,-280.801,280.801,200-400,False,TEAM_A,False,False
9135,2024-09-04 22:00:00+00:00,WCQ,2024,South Korea,Palestine,DRAW,TEAM_A_WIN,283.316,283.316,200-400,False,TEAM_A,False,False
9704,2025-11-17 23:00:00+00:00,WCQ,2025,Kosovo,Switzerland,DRAW,TEAM_B_WIN,-284.526,284.526,200-400,False,TEAM_A,False,False
7957,2019-09-09 22:00:00+00:00,WCQ,2019,Yemen,Saudi Arabia,DRAW,TEAM_B_WIN,-287.059,287.059,200-400,True,NONE,False,False
9468,2025-09-04 22:00:00+00:00,WCQ,2025,Nicaragua,Costa Rica,DRAW,TEAM_B_WIN,-300.123,300.123,200-400,False,TEAM_A,False,False
8533,2021-10-11 22:00:00+00:00,WCQ,2021,England,Hungary,DRAW,TEAM_A_WIN,300.603,300.603,200-400,False,TEAM_A,False,False
9582,2025-10-09 22:00:00+00:00,WCQ,2025,Belgium,North Macedonia,DRAW,TEAM_A_WIN,301.531,301.531,200-400,False,TEAM_A,False,False
9192,2024-11-13 23:00:00+00:00,WCQ,2024,Venezuela,Brazil,DRAW,TEAM_B_WIN,-306.127,306.127,200-400,False,TEAM_A,False,False
8389,2021-09-06 22:00:00+00:00,WCQ,2021,Bosnia and Herzegovina,Kazakhstan,DRAW,TEAM_A_WIN,308.044,308.044,200-400,False,TEAM_A,False,False
8681,2022-01-26 23:00:00+00:00,WCQ,2022,Ecuador,Brazil,DRAW,TEAM_B_WIN,-309.78,309.78,200-400,False,TEAM_A,False,False
8154,2021-03-30 22:00:00+00:00,WCQ,2021,Greece,Georgia,DRAW,TEAM_A_WIN,314.096,314.096,200-400,False,TEAM_A,False,False
8278,2021-08-31 22:00:00+00:00,WCQ,2021,France,Bosnia and Herzegovina,DRAW,TEAM_A_WIN,316.892,316.892,200-400,False,TEAM_A,False,False
9139,2024-09-04 22:00:00+00:00,WCQ,2024,Saudi Arabia,Indonesia,DRAW,TEAM_A_WIN,318.648,318.648,200-400,False,TEAM_A,False,False
7875,2018-06-24 22:00:00+00:00,WC,2018,Spain,Morocco,DRAW,TEAM_A_WIN,320.033,320.033,200-400,True,NONE,False,False
8410,2021-09-07 22:00:00+00:00,WCQ,2021,Armenia,Liechtenstein,DRAW,TEAM_A_WIN,326.027,326.027,200-400,False,TEAM_A,False,False
9428,2025-09-03 22:00:00+00:00,WCQ,2025,Chad,Ghana,DRAW,TEAM_B_WIN,-327.101,327.101,200-400,False,TEAM_A,False,False
9158,2024-09-09 22:00:00+00:00,WCQ,2024,Indonesia,Australia,DRAW,TEAM_B_WIN,-327.629,327.629,200-400,False,TEAM_A,False,False
8147,2021-03-29 22:00:00+00:00,WCQ,2021,Turkey,Latvia,DRAW,TEAM_A_WIN,332.034,332.034,200-400,False,TEAM_A,False,False
8277,2021-08-31 22:00:00+00:00,WCQ,2021,Kazakhstan,Ukraine,DRAW,TEAM_B_WIN,-332.042,332.042,200-400,False,TEAM_A,False,False
9356,2025-06-05 22:00:00+00:00,WCQ,2025,North Macedonia,Belgium,DRAW,TEAM_B_WIN,-333.603,333.603,200-400,False,TEAM_A,False,False
9222,2024-11-18 23:00:00+00:00,WCQ,2024,Palestine,South Korea,DRAW,TEAM_B_WIN,-334.562,334.562,200-400,True,NONE,False,False
8488,2021-10-09 22:00:00+00:00,WCQ,2021,Mauritania,Tunisia,DRAW,TEAM_B_WIN,-334.683,334.683,200-400,False,TEAM_A,False,False
8108,2021-03-26 23:00:00+00:00,WCQ,2021,Czech Republic,Belgium,DRAW,TEAM_B_WIN,-335.694,335.694,200-400,False,TEAM_A,False,False
9228,2025-03-18 23:00:00+00:00,WCQ,2025,Eswatini,Cameroon,DRAW,TEAM_B_WIN,-336.266,336.266,200-400,True,NONE,False,False
8661,2021-11-15 23:00:00+00:00,WCQ,2021,Wales,Belgium,DRAW,TEAM_B_WIN,-342.077,342.077,200-400,False,TEAM_A,False,False
8977,2024-03-20 23:00:00+00:00,WCQ,2024,South Korea,Thailand,DRAW,TEAM_A_WIN,345.739,345.739,200-400,False,TEAM_A,False,False
9162,2024-10-09 22:00:00+00:00,WCQ,2024,Venezuela,Argentina,DRAW,TEAM_B_WIN,-359.407,359.407,200-400,False,TEAM_A,False,False
8282,2021-08-31 22:00:00+00:00,WCQ,2021,Norway,Netherlands,DRAW,TEAM_B_WIN,-359.705,359.705,200-400,False,TEAM_A,False,False
8158,2021-03-30 22:00:00+00:00,WCQ,2021,Ukraine,Kazakhstan,DRAW,TEAM_A_WIN,365.332,365.332,200-400,False,TEAM_A,False,False
8610,2021-11-12 23:00:00+00:00,WCQ,2021,Montenegro,Netherlands,DRAW,TEAM_B_WIN,-372.817,372.817,200-400,False,TEAM_A,False,False
8751,2022-03-28 22:00:00+00:00,WCQ,2022,Japan,Vietnam,DRAW,TEAM_A_WIN,386.184,386.184,200-400,False,TEAM_A,False,False
9680,2025-11-14 23:00:00+00:00,WCQ,2025,Denmark,Belarus,DRAW,TEAM_A_WIN,390.512,390.512,200-400,False,TEAM_A,False,False
7810,2017-10-09 22:00:00+00:00,WCQ,2017,Luxembourg,Bulgaria,DRAW,TEAM_B_WIN,-404.374,404.374,400+,False,TEAM_A,False,False
9524,2025-09-08 22:00:00+00:00,WCQ,2025,Azerbaijan,Ukraine,DRAW,TEAM_B_WIN,-409.008,409.008,400+,False,TEAM_A,False,False
8114,2021-03-26 23:00:00+00:00,WCQ,2021,Slovakia,Malta,DRAW,TEAM_A_WIN,420.371,420.371,400+,False,TEAM_A,False,False
8848,2023-10-11 22:00:00+00:00,WCQ,2023,Brazil,Venezuela,DRAW,TEAM_A_WIN,452.34,452.34,400+,False,TEAM_A,False,False
9624,2025-10-12 22:00:00+00:00,WCQ,2025,Iceland,France,DRAW,TEAM_B_WIN,-481.637,481.637,400+,False,TEAM_A,False,False
9687,2025-11-14 23:00:00+00:00,WCQ,2025,Kazakhstan,Belgium,DRAW,TEAM_B_WIN,-523.629,523.629,400+,False,TEAM_A,False,False
