clean_match_id,match_date_utc,competition_code,season,team_a_name,team_b_name,target_result,predicted_result,is_correct,elo_gap,abs_elo_gap,is_neutral_venue,host_advantage_side
7789,2017-10-07 22:00:00+00:00,WCQ,2017,Slovakia,Malta,TEAM_A_WIN,TEAM_A_WIN,True,421.446,421.446,False,TEAM_A
7791,2017-10-08 22:00:00+00:00,WCQ,2017,Albania,Italy,TEAM_B_WIN,TEAM_B_WIN,True,-318.559,318.559,False,TEAM_A
7794,2017-10-08 22:00:00+00:00,WCQ,2017,Israel,Spain,TEAM_B_WIN,TEAM_B_WIN,True,-429.212,429.212,False,TEAM_A
7795,2017-10-08 22:00:00+00:00,WCQ,2017,North Macedonia,Liechtenstein,TEAM_A_WIN,TEAM_A_WIN,True,255.789,255.789,False,TEAM_A
7796,2017-10-08 22:00:00+00:00,WCQ,2017,Moldova,Austria,TEAM_B_WIN,TEAM_B_WIN,True,-283.717,283.717,False,TEAM_A
7797,2017-10-08 22:00:00+00:00,WCQ,2017,Serbia,Georgia,TEAM_A_WIN,TEAM_A_WIN,True,251.43,251.43,False,TEAM_A
7801,2017-10-09 22:00:00+00:00,WCQ,2017,Belgium,Cyprus,TEAM_A_WIN,TEAM_A_WIN,True,448.244,448.244,False,TEAM_A
7805,2017-10-09 22:00:00+00:00,WCQ,2017,France,Belarus,TEAM_A_WIN,TEAM_A_WIN,True,400.865,400.865,False,TEAM_A
7806,2017-10-09 22:00:00+00:00,WCQ,2017,Greece,Gibraltar,TEAM_A_WIN,TEAM_A_WIN,True,319.166,319.166,False,TEAM_A
7807,2017-10-09 22:00:00+00:00,WCQ,2017,Honduras,Mexico,TEAM_A_WIN,TEAM_B_WIN,False,-221.629,221.629,False,TEAM_A
7808,2017-10-09 22:00:00+00:00,WCQ,2017,Hungary,Faroe Islands,TEAM_A_WIN,TEAM_A_WIN,True,250.457,250.457,False,TEAM_A
7810,2017-10-09 22:00:00+00:00,WCQ,2017,Luxembourg,Bulgaria,DRAW,TEAM_B_WIN,False,-404.374,404.374,False,TEAM_A
7816,2017-10-09 22:00:00+00:00,WCQ,2017,Trinidad and Tobago,United States,TEAM_A_WIN,TEAM_B_WIN,False,-213.09,213.09,False,TEAM_A
7817,2017-10-09 22:00:00+00:00,WCQ,2017,Uruguay,Bolivia,TEAM_A_WIN,TEAM_A_WIN,True,213.234,213.234,False,TEAM_A
7834,2017-11-11 23:00:00+00:00,WCQ,2017,Switzerland,Northern Ireland,DRAW,TEAM_A_WIN,False,271.592,271.592,False,TEAM_A
7862,2018-06-20 22:00:00+00:00,WC,2018,France,Peru,TEAM_A_WIN,TEAM_A_WIN,True,227.418,227.418,True,NONE
7868,2018-06-22 22:00:00+00:00,WC,2018,South Korea,Mexico,TEAM_B_WIN,TEAM_B_WIN,True,-214.812,214.812,True,NONE
7869,2018-06-22 22:00:00+00:00,WC,2018,Germany,Sweden,TEAM_A_WIN,TEAM_A_WIN,True,232.033,232.033,True,NONE
7875,2018-06-24 22:00:00+00:00,WC,2018,Spain,Morocco,DRAW,TEAM_A_WIN,False,320.033,320.033,True,NONE
7881,2018-06-26 22:00:00+00:00,WC,2018,South Korea,Germany,TEAM_A_WIN,TEAM_B_WIN,False,-345.65,345.65,True,NONE
7883,2018-06-26 22:00:00+00:00,WC,2018,Serbia,Brazil,TEAM_B_WIN,TEAM_B_WIN,True,-210.041,210.041,True,NONE
7891,2018-06-30 22:00:00+00:00,WC,2018,Russia,Spain,DRAW,TEAM_B_WIN,False,-252.432,252.432,False,TEAM_A
7926,2019-09-04 22:00:00+00:00,WCQ,2019,Philippines,Syria,TEAM_B_WIN,TEAM_B_WIN,True,-224.703,224.703,False,TEAM_A
7927,2019-09-04 22:00:00+00:00,WCQ,2019,Taiwan,Jordan,TEAM_B_WIN,TEAM_B_WIN,True,-406.167,406.167,False,TEAM_A
7928,2019-09-04 22:00:00+00:00,WCQ,2019,Kuwait,Nepal,TEAM_A_WIN,TEAM_A_WIN,True,211.137,211.137,False,TEAM_A
7929,2019-09-04 22:00:00+00:00,WCQ,2019,Cambodia,Hong Kong,DRAW,TEAM_B_WIN,False,-205.798,205.798,False,TEAM_A
7933,2019-09-04 22:00:00+00:00,WCQ,2019,India,Oman,TEAM_B_WIN,TEAM_B_WIN,True,-236.075,236.075,False,TEAM_A
7940,2019-09-04 22:00:00+00:00,WCQ,2019,Sri Lanka,Turkmenistan,TEAM_B_WIN,TEAM_B_WIN,True,-209.935,209.935,False,TEAM_A
7952,2019-09-09 22:00:00+00:00,WCQ,2019,Maldives,China PR,TEAM_B_WIN,TEAM_B_WIN,True,-249.48,249.48,False,TEAM_A
7955,2019-09-09 22:00:00+00:00,WCQ,2019,Cambodia,Bahrain,TEAM_B_WIN,TEAM_B_WIN,True,-266.033,266.033,False,TEAM_A
7956,2019-09-09 22:00:00+00:00,WCQ,2019,Hong Kong,Iran,TEAM_B_WIN,TEAM_B_WIN,True,-306.724,306.724,False,TEAM_A
7957,2019-09-09 22:00:00+00:00,WCQ,2019,Yemen,Saudi Arabia,DRAW,TEAM_B_WIN,False,-287.059,287.059,True,NONE
7960,2019-09-09 22:00:00+00:00,WCQ,2019,Qatar,India,DRAW,TEAM_A_WIN,False,221.54,221.54,False,TEAM_A
7962,2019-09-09 22:00:00+00:00,WCQ,2019,Myanmar,Japan,TEAM_B_WIN,TEAM_B_WIN,True,-278.576,278.576,False,TEAM_A
7966,2019-09-09 22:00:00+00:00,WCQ,2019,Sri Lanka,North Korea,TEAM_B_WIN,TEAM_B_WIN,True,-341.47,341.47,False,TEAM_A
7977,2019-10-09 22:00:00+00:00,WCQ,2019,Syria,Maldives,TEAM_A_WIN,TEAM_A_WIN,True,260.109,260.109,True,NONE
7978,2019-10-09 22:00:00+00:00,WCQ,2019,China PR,Guam,TEAM_A_WIN,TEAM_A_WIN,True,279.802,279.802,False,TEAM_A
7980,2019-10-09 22:00:00+00:00,WCQ,2019,Australia,Nepal,TEAM_A_WIN,TEAM_A_WIN,True,362.549,362.549,False,TEAM_A
7981,2019-10-09 22:00:00+00:00,WCQ,2019,Iran,Cambodia,TEAM_A_WIN,TEAM_A_WIN,True,512.081,512.081,False,TEAM_A
7983,2019-10-09 22:00:00+00:00,WCQ,2019,Uzbekistan,Yemen,TEAM_A_WIN,TEAM_A_WIN,True,247.151,247.151,False,TEAM_A
7984,2019-10-09 22:00:00+00:00,WCQ,2019,Saudi Arabia,Singapore,TEAM_A_WIN,TEAM_A_WIN,True,251.01,251.01,False,TEAM_A
7985,2019-10-09 22:00:00+00:00,WCQ,2019,Bangladesh,Qatar,TEAM_B_WIN,TEAM_B_WIN,True,-277.243,277.243,False,TEAM_A
7987,2019-10-09 22:00:00+00:00,WCQ,2019,Japan,Mongolia,TEAM_A_WIN,TEAM_A_WIN,True,326.42,326.42,False,TEAM_A
7989,2019-10-09 22:00:00+00:00,WCQ,2019,United Arab Emirates,Indonesia,TEAM_A_WIN,TEAM_A_WIN,True,215.961,215.961,False,TEAM_A
7992,2019-10-09 22:00:00+00:00,WCQ,2019,South Korea,Sri Lanka,TEAM_A_WIN,TEAM_A_WIN,True,447.359,447.359,False,TEAM_A
7993,2019-10-14 22:00:00+00:00,WCQ,2019,Syria,Guam,TEAM_A_WIN,TEAM_A_WIN,True,283.691,283.691,True,NONE
7994,2019-10-14 22:00:00+00:00,WCQ,2019,Philippines,China PR,DRAW,TEAM_B_WIN,False,-237.248,237.248,False,TEAM_A
7995,2019-10-14 22:00:00+00:00,WCQ,2019,Jordan,Nepal,TEAM_A_WIN,TEAM_A_WIN,True,259.623,259.623,False,TEAM_A
7996,2019-10-14 22:00:00+00:00,WCQ,2019,Taiwan,Australia,TEAM_B_WIN,TEAM_B_WIN,True,-533.59,533.59,False,TEAM_A
7997,2019-10-14 22:00:00+00:00,WCQ,2019,Cambodia,Iraq,TEAM_B_WIN,TEAM_B_WIN,True,-337.887,337.887,False,TEAM_A
7998,2019-10-14 22:00:00+00:00,WCQ,2019,Bahrain,Iran,TEAM_A_WIN,TEAM_B_WIN,False,-229.657,229.657,False,TEAM_A
8000,2019-10-14 22:00:00+00:00,WCQ,2019,Singapore,Uzbekistan,TEAM_B_WIN,TEAM_B_WIN,True,-250.372,250.372,False,TEAM_A
8004,2019-10-14 22:00:00+00:00,WCQ,2019,Tajikistan,Japan,TEAM_B_WIN,TEAM_B_WIN,True,-235.606,235.606,False,TEAM_A
8008,2019-10-14 22:00:00+00:00,WCQ,2019,Sri Lanka,Lebanon,TEAM_B_WIN,TEAM_B_WIN,True,-232.008,232.008,False,TEAM_A
8012,2019-11-13 23:00:00+00:00,WCQ,2019,Kuwait,Taiwan,TEAM_A_WIN,TEAM_A_WIN,True,371.989,371.989,False,TEAM_A
8018,2019-11-13 23:00:00+00:00,WCQ,2019,Oman,Bangladesh,TEAM_A_WIN,TEAM_A_WIN,True,314.149,314.149,False,TEAM_A
8020,2019-11-13 23:00:00+00:00,WCQ,2019,Kyrgyzstan,Japan,TEAM_B_WIN,TEAM_B_WIN,True,-209.156,209.156,False,TEAM_A
8026,2019-11-18 23:00:00+00:00,WCQ,2019,Syria,Philippines,TEAM_A_WIN,TEAM_A_WIN,True,227.063,227.063,True,NONE
8027,2019-11-18 23:00:00+00:00,WCQ,2019,Nepal,Kuwait,TEAM_B_WIN,TEAM_B_WIN,True,-214.428,214.428,True,NONE
8028,2019-11-18 23:00:00+00:00,WCQ,2019,Jordan,Taiwan,TEAM_A_WIN,TEAM_A_WIN,True,418.396,418.396,False,TEAM_A
8034,2019-11-18 23:00:00+00:00,WCQ,2019,Oman,India,TEAM_A_WIN,TEAM_A_WIN,True,240.68,240.68,False,TEAM_A
8039,2019-11-18 23:00:00+00:00,WCQ,2019,Turkmenistan,Sri Lanka,TEAM_A_WIN,TEAM_A_WIN,True,247.0,247.0,False,TEAM_A
8044,2020-10-08 22:00:00+00:00,WCQ,2020,Colombia,Venezuela,TEAM_A_WIN,TEAM_A_WIN,True,207.832,207.832,False,TEAM_A
8045,2020-10-08 22:00:00+00:00,WCQ,2020,Brazil,Bolivia,TEAM_A_WIN,TEAM_A_WIN,True,390.511,390.511,False,TEAM_A
8046,2020-10-12 22:00:00+00:00,WCQ,2020,Bolivia,Argentina,TEAM_B_WIN,TEAM_B_WIN,True,-245.65,245.65,False,TEAM_A
8047,2020-10-12 22:00:00+00:00,WCQ,2020,Ecuador,Uruguay,TEAM_A_WIN,TEAM_B_WIN,False,-265.815,265.815,False,TEAM_A
8049,2020-10-12 22:00:00+00:00,WCQ,2020,Peru,Brazil,TEAM_B_WIN,TEAM_B_WIN,True,-240.758,240.758,False,TEAM_A
8055,2020-11-12 23:00:00+00:00,WCQ,2020,Brazil,Venezuela,TEAM_A_WIN,TEAM_A_WIN,True,383.731,383.731,False,TEAM_A
8061,2020-12-03 23:00:00+00:00,WCQ,2020,Qatar,Bangladesh,TEAM_A_WIN,TEAM_A_WIN,True,321.089,321.089,False,TEAM_A
8067,2021-03-23 23:00:00+00:00,WCQ,2021,Portugal,Azerbaijan,TEAM_A_WIN,TEAM_A_WIN,True,459.096,459.096,True,NONE
8069,2021-03-23 23:00:00+00:00,WCQ,2021,France,Ukraine,DRAW,TEAM_A_WIN,False,276.254,276.254,False,TEAM_A
8071,2021-03-23 23:00:00+00:00,WCQ,2021,Belgium,Wales,TEAM_A_WIN,TEAM_A_WIN,True,389.137,389.137,False,TEAM_A
8073,2021-03-23 23:00:00+00:00,WCQ,2021,Turkey,Netherlands,TEAM_A_WIN,TEAM_B_WIN,False,-286.088,286.088,False,TEAM_A
8076,2021-03-23 23:00:00+00:00,WCQ,2021,Malta,Russia,TEAM_B_WIN,TEAM_B_WIN,True,-529.351,529.351,False,TEAM_A
8077,2021-03-23 23:00:00+00:00,WCQ,2021,Slovenia,Croatia,TEAM_A_WIN,TEAM_B_WIN,False,-232.145,232.145,False,TEAM_A
8078,2021-03-23 23:00:00+00:00,WCQ,2021,Cyprus,Slovakia,DRAW,TEAM_B_WIN,False,-206.201,206.201,False,TEAM_A
8082,2021-03-24 23:00:00+00:00,WCQ,2021,Panama,Barbados,TEAM_A_WIN,TEAM_A_WIN,True,236.326,236.326,True,NONE
8085,2021-03-24 23:00:00+00:00,WCQ,2021,Spain,Greece,DRAW,TEAM_A_WIN,False,212.247,212.247,False,TEAM_A
8086,2021-03-24 23:00:00+00:00,WCQ,2021,Sweden,Georgia,TEAM_A_WIN,TEAM_A_WIN,True,397.223,397.223,False,TEAM_A
8088,2021-03-24 23:00:00+00:00,WCQ,2021,Italy,Northern Ireland,TEAM_A_WIN,TEAM_A_WIN,True,237.184,237.184,False,TEAM_A
8089,2021-03-24 23:00:00+00:00,WCQ,2021,Israel,Denmark,TEAM_B_WIN,TEAM_B_WIN,True,-250.662,250.662,False,TEAM_A
8092,2021-03-24 23:00:00+00:00,WCQ,2021,England,San Marino,TEAM_A_WIN,TEAM_A_WIN,True,672.003,672.003,False,TEAM_A
8093,2021-03-24 23:00:00+00:00,WCQ,2021,Andorra,Albania,TEAM_B_WIN,TEAM_B_WIN,True,-232.413,232.413,False,TEAM_A
8095,2021-03-24 23:00:00+00:00,WCQ,2021,Germany,Iceland,TEAM_A_WIN,TEAM_A_WIN,True,382.838,382.838,False,TEAM_A
8096,2021-03-24 23:00:00+00:00,WCQ,2021,Liechtenstein,Armenia,TEAM_B_WIN,TEAM_B_WIN,True,-239.572,239.572,False,TEAM_A
8101,2021-03-26 23:00:00+00:00,WCQ,2021,British Virgin Islands,Guatemala,TEAM_B_WIN,TEAM_B_WIN,True,-278.477,278.477,True,NONE
8105,2021-03-26 23:00:00+00:00,WCQ,2021,Republic of Ireland,Luxembourg,TEAM_B_WIN,TEAM_A_WIN,False,430.614,430.614,False,TEAM_A
8108,2021-03-26 23:00:00+00:00,WCQ,2021,Czech Republic,Belgium,DRAW,TEAM_B_WIN,False,-335.694,335.694,False,TEAM_A
8110,2021-03-26 23:00:00+00:00,WCQ,2021,Netherlands,Latvia,TEAM_A_WIN,TEAM_A_WIN,True,541.178,541.178,False,TEAM_A
8113,2021-03-26 23:00:00+00:00,WCQ,2021,Croatia,Cyprus,TEAM_A_WIN,TEAM_A_WIN,True,378.924,378.924,False,TEAM_A
8114,2021-03-26 23:00:00+00:00,WCQ,2021,Slovakia,Malta,DRAW,TEAM_A_WIN,False,420.371,420.371,False,TEAM_A
8117,2021-03-27 23:00:00+00:00,WCQ,2021,Dominica,Panama,TEAM_B_WIN,TEAM_B_WIN,True,-255.792,255.792,True,NONE
8119,2021-03-27 23:00:00+00:00,WCQ,2021,Georgia,Spain,TEAM_B_WIN,TEAM_B_WIN,True,-498.003,498.003,False,TEAM_A
8120,2021-03-27 23:00:00+00:00,WCQ,2021,Kosovo,Sweden,TEAM_B_WIN,TEAM_B_WIN,True,-375.019,375.019,False,TEAM_A
8121,2021-03-27 23:00:00+00:00,WCQ,2021,Switzerland,Lithuania,TEAM_A_WIN,TEAM_A_WIN,True,363.782,363.782,False,TEAM_A
8123,2021-03-27 23:00:00+00:00,WCQ,2021,Kazakhstan,France,TEAM_B_WIN,TEAM_B_WIN,True,-621.273,621.273,False,TEAM_A
8125,2021-03-27 23:00:00+00:00,WCQ,2021,Denmark,Moldova,TEAM_A_WIN,TEAM_A_WIN,True,454.962,454.962,False,TEAM_A
8126,2021-03-27 23:00:00+00:00,WCQ,2021,Austria,Faroe Islands,TEAM_A_WIN,TEAM_A_WIN,True,327.004,327.004,False,TEAM_A
8128,2021-03-27 23:00:00+00:00,WCQ,2021,Albania,England,TEAM_B_WIN,TEAM_B_WIN,True,-326.894,326.894,False,TEAM_A
8129,2021-03-27 23:00:00+00:00,WCQ,2021,Poland,Andorra,TEAM_A_WIN,TEAM_A_WIN,True,444.032,444.032,False,TEAM_A
8130,2021-03-27 23:00:00+00:00,WCQ,2021,San Marino,Hungary,TEAM_B_WIN,TEAM_B_WIN,True,-440.948,440.948,False,TEAM_A
8132,2021-03-27 23:00:00+00:00,WCQ,2021,North Macedonia,Liechtenstein,TEAM_A_WIN,TEAM_A_WIN,True,268.786,268.786,False,TEAM_A
8133,2021-03-27 23:00:00+00:00,WCQ,2021,Romania,Germany,TEAM_B_WIN,TEAM_B_WIN,True,-359.251,359.251,False,TEAM_A
8134,2021-03-28 22:00:00+00:00,WCQ,2021,Cayman Islands,Canada,TEAM_B_WIN,TEAM_B_WIN,True,-285.47,285.47,True,NONE
8141,2021-03-29 22:00:00+00:00,WCQ,2021,Azerbaijan,Serbia,TEAM_B_WIN,TEAM_B_WIN,True,-335.069,335.069,False,TEAM_A
8142,2021-03-29 22:00:00+00:00,WCQ,2021,Luxembourg,Portugal,TEAM_B_WIN,TEAM_B_WIN,True,-578.035,578.035,False,TEAM_A
8144,2021-03-29 22:00:00+00:00,WCQ,2021,Belgium,Belarus,TEAM_A_WIN,TEAM_A_WIN,True,474.24,474.24,False,TEAM_A
8145,2021-03-29 22:00:00+00:00,WCQ,2021,Gibraltar,Netherlands,TEAM_B_WIN,TEAM_B_WIN,True,-534.338,534.338,False,TEAM_A
8147,2021-03-29 22:00:00+00:00,WCQ,2021,Turkey,Latvia,DRAW,TEAM_A_WIN,False,332.034,332.034,False,TEAM_A
8149,2021-03-29 22:00:00+00:00,WCQ,2021,Croatia,Malta,TEAM_A_WIN,TEAM_A_WIN,True,595.579,595.579,False,TEAM_A
8151,2021-03-29 22:00:00+00:00,WCQ,2021,Saudi Arabia,Palestine,TEAM_A_WIN,TEAM_A_WIN,True,225.207,225.207,False,TEAM_A
8152,2021-03-29 22:00:00+00:00,WCQ,2021,Japan,Mongolia,TEAM_A_WIN,TEAM_A_WIN,True,397.962,397.962,False,TEAM_A
8153,2021-03-30 22:00:00+00:00,WCQ,2021,Spain,Kosovo,TEAM_A_WIN,TEAM_A_WIN,True,478.292,478.292,False,TEAM_A
8154,2021-03-30 22:00:00+00:00,WCQ,2021,Greece,Georgia,DRAW,TEAM_A_WIN,False,314.096,314.096,False,TEAM_A
8156,2021-03-30 22:00:00+00:00,WCQ,2021,Lithuania,Italy,TEAM_B_WIN,TEAM_B_WIN,True,-364.725,364.725,False,TEAM_A
8157,2021-03-30 22:00:00+00:00,WCQ,2021,Bosnia and Herzegovina,France,TEAM_B_WIN,TEAM_B_WIN,True,-301.677,301.677,False,TEAM_A
8158,2021-03-30 22:00:00+00:00,WCQ,2021,Ukraine,Kazakhstan,DRAW,TEAM_A_WIN,False,365.332,365.332,False,TEAM_A
8159,2021-03-30 22:00:00+00:00,WCQ,2021,Scotland,Faroe Islands,TEAM_A_WIN,TEAM_A_WIN,True,316.717,316.717,False,TEAM_A
8163,2021-03-30 22:00:00+00:00,WCQ,2021,Andorra,Hungary,TEAM_B_WIN,TEAM_B_WIN,True,-353.767,353.767,False,TEAM_A
8164,2021-03-30 22:00:00+00:00,WCQ,2021,San Marino,Albania,TEAM_B_WIN,TEAM_B_WIN,True,-343.402,343.402,False,TEAM_A
8166,2021-03-30 22:00:00+00:00,WCQ,2021,Germany,North Macedonia,TEAM_B_WIN,TEAM_A_WIN,False,547.031,547.031,False,TEAM_A
8167,2021-03-30 22:00:00+00:00,WCQ,2021,Liechtenstein,Iceland,TEAM_B_WIN,TEAM_B_WIN,True,-405.616,405.616,False,TEAM_A
8168,2021-05-27 22:00:00+00:00,WCQ,2021,Japan,Myanmar,TEAM_A_WIN,TEAM_A_WIN,True,302.455,302.455,False,TEAM_A
8169,2021-05-29 22:00:00+00:00,WCQ,2021,China PR,Guam,TEAM_A_WIN,TEAM_A_WIN,True,284.867,284.867,False,TEAM_A
8176,2021-06-02 22:00:00+00:00,WCQ,2021,Iran,Hong Kong,TEAM_A_WIN,TEAM_A_WIN,True,263.479,263.479,False,TEAM_A
8177,2021-06-02 22:00:00+00:00,WCQ,2021,Bahrain,Cambodia,TEAM_A_WIN,TEAM_A_WIN,True,328.109,328.109,False,TEAM_A
8187,2021-06-02 22:00:00+00:00,WCQ,2021,Qatar,India,TEAM_A_WIN,TEAM_A_WIN,True,249.407,249.407,False,TEAM_A
8188,2021-06-03 22:00:00+00:00,WCQ,2021,Maldives,Syria,TEAM_B_WIN,TEAM_B_WIN,True,-311.618,311.618,True,NONE
8191,2021-06-03 22:00:00+00:00,WCQ,2021,Guatemala,Saint Vincent and the Grenadines,TEAM_A_WIN,TEAM_A_WIN,True,295.975,295.975,False,TEAM_A
8195,2021-06-03 22:00:00+00:00,WCQ,2021,Brazil,Ecuador,TEAM_A_WIN,TEAM_A_WIN,True,293.785,293.785,False,TEAM_A
8196,2021-06-04 22:00:00+00:00,WCQ,2021,Saudi Arabia,Yemen,TEAM_A_WIN,TEAM_A_WIN,True,290.741,290.741,False,TEAM_A
8197,2021-06-04 22:00:00+00:00,WCQ,2021,Lebanon,Sri Lanka,TEAM_A_WIN,TEAM_A_WIN,True,269.227,269.227,True,NONE
8199,2021-06-04 22:00:00+00:00,WCQ,2021,United States Virgin Islands,El Salvador,TEAM_B_WIN,TEAM_B_WIN,True,-254.481,254.481,False,TEAM_A
8200,2021-06-04 22:00:00+00:00,WCQ,2021,Aruba,Canada,TEAM_B_WIN,TEAM_B_WIN,True,-251.563,251.563,True,NONE
8202,2021-06-04 22:00:00+00:00,WCQ,2021,Panama,Anguilla,TEAM_A_WIN,TEAM_A_WIN,True,304.323,304.323,False,TEAM_A
8205,2021-06-06 22:00:00+00:00,WCQ,2021,Guam,Syria,TEAM_B_WIN,TEAM_B_WIN,True,-352.884,352.884,True,NONE
8207,2021-06-06 22:00:00+00:00,WCQ,2021,Nepal,Jordan,TEAM_B_WIN,TEAM_B_WIN,True,-254.397,254.397,True,NONE
8208,2021-06-06 22:00:00+00:00,WCQ,2021,Australia,Taiwan,TEAM_A_WIN,TEAM_A_WIN,True,585.62,585.62,True,NONE
8209,2021-06-06 22:00:00+00:00,WCQ,2021,Iraq,Cambodia,TEAM_A_WIN,TEAM_A_WIN,True,386.894,386.894,True,NONE
8210,2021-06-06 22:00:00+00:00,WCQ,2021,Uzbekistan,Singapore,TEAM_A_WIN,TEAM_A_WIN,True,251.581,251.581,True,NONE
8213,2021-06-06 22:00:00+00:00,WCQ,2021,Japan,Tajikistan,TEAM_A_WIN,TEAM_A_WIN,True,278.313,278.313,False,TEAM_A
8221,2021-06-07 22:00:00+00:00,WCQ,2021,Bermuda,Cayman Islands,DRAW,TEAM_A_WIN,False,211.782,211.782,True,NONE
8223,2021-06-07 22:00:00+00:00,WCQ,2021,Curaçao,Guatemala,DRAW,TEAM_B_WIN,False,-204.258,204.258,False,TEAM_A
8231,2021-06-07 22:00:00+00:00,WCQ,2021,Venezuela,Uruguay,DRAW,TEAM_B_WIN,False,-261.364,261.364,False,TEAM_A
8232,2021-06-07 22:00:00+00:00,WCQ,2021,Paraguay,Brazil,TEAM_B_WIN,TEAM_B_WIN,True,-299.155,299.155,False,TEAM_A
8235,2021-06-08 22:00:00+00:00,WCQ,2021,South Korea,Sri Lanka,TEAM_A_WIN,TEAM_A_WIN,True,471.886,471.886,False,TEAM_A
8237,2021-06-10 22:00:00+00:00,WCQ,2021,China PR,Maldives,TEAM_A_WIN,TEAM_A_WIN,True,275.122,275.122,True,NONE
8238,2021-06-10 22:00:00+00:00,WCQ,2021,Nepal,Australia,TEAM_B_WIN,TEAM_B_WIN,True,-413.901,413.901,True,NONE
8240,2021-06-10 22:00:00+00:00,WCQ,2021,Cambodia,Iran,TEAM_B_WIN,TEAM_B_WIN,True,-500.463,500.463,True,NONE
8242,2021-06-10 22:00:00+00:00,WCQ,2021,Yemen,Uzbekistan,TEAM_B_WIN,TEAM_B_WIN,True,-263.12,263.12,True,NONE
8243,2021-06-10 22:00:00+00:00,WCQ,2021,Afghanistan,Oman,TEAM_B_WIN,TEAM_B_WIN,True,-203.146,203.146,True,NONE
8246,2021-06-10 22:00:00+00:00,WCQ,2021,Saudi Arabia,Singapore,TEAM_A_WIN,TEAM_A_WIN,True,304.288,304.288,False,TEAM_A
8247,2021-06-10 22:00:00+00:00,WCQ,2021,United Arab Emirates,Indonesia,TEAM_A_WIN,TEAM_A_WIN,True,243.157,243.157,False,TEAM_A
8251,2021-06-12 22:00:00+00:00,WCQ,2021,South Korea,Lebanon,TEAM_A_WIN,TEAM_A_WIN,True,211.96,211.96,False,TEAM_A
8259,2021-06-14 22:00:00+00:00,WCQ,2021,Bangladesh,Oman,TEAM_B_WIN,TEAM_B_WIN,True,-335.433,335.433,True,NONE
8262,2021-06-14 22:00:00+00:00,WCQ,2021,Japan,Kyrgyzstan,TEAM_A_WIN,TEAM_A_WIN,True,261.575,261.575,False,TEAM_A
8268,2021-06-14 22:00:00+00:00,WCQ,2021,Kuwait,Taiwan,TEAM_A_WIN,TEAM_A_WIN,True,389.776,389.776,False,TEAM_A
8275,2021-08-31 22:00:00+00:00,WCQ,2021,Portugal,Republic of Ireland,TEAM_A_WIN,TEAM_A_WIN,True,224.515,224.515,False,TEAM_A
8277,2021-08-31 22:00:00+00:00,WCQ,2021,Kazakhstan,Ukraine,DRAW,TEAM_B_WIN,False,-332.042,332.042,False,TEAM_A
8278,2021-08-31 22:00:00+00:00,WCQ,2021,France,Bosnia and Herzegovina,DRAW,TEAM_A_WIN,False,316.892,316.892,False,TEAM_A
8279,2021-08-31 22:00:00+00:00,WCQ,2021,Faroe Islands,Israel,TEAM_B_WIN,TEAM_B_WIN,True,-229.132,229.132,False,TEAM_A
8281,2021-08-31 22:00:00+00:00,WCQ,2021,Moldova,Austria,TEAM_B_WIN,TEAM_B_WIN,True,-311.091,311.091,False,TEAM_A
8282,2021-08-31 22:00:00+00:00,WCQ,2021,Norway,Netherlands,DRAW,TEAM_B_WIN,False,-359.705,359.705,False,TEAM_A
8285,2021-08-31 22:00:00+00:00,WCQ,2021,Malta,Cyprus,TEAM_A_WIN,TEAM_B_WIN,False,-239.358,239.358,False,TEAM_A
8289,2021-09-01 22:00:00+00:00,WCQ,2021,Algeria,Djibouti,TEAM_A_WIN,TEAM_A_WIN,True,220.41,220.41,False,TEAM_A
8292,2021-09-01 22:00:00+00:00,WCQ,2021,Morocco,Sudan,TEAM_A_WIN,TEAM_A_WIN,True,258.703,258.703,False,TEAM_A
8293,2021-09-01 22:00:00+00:00,WCQ,2021,DR Congo,Tanzania,DRAW,TEAM_A_WIN,False,200.248,200.248,False,TEAM_A
8300,2021-09-01 22:00:00+00:00,WCQ,2021,Saudi Arabia,Vietnam,TEAM_A_WIN,TEAM_A_WIN,True,250.033,250.033,False,TEAM_A
8303,2021-09-01 22:00:00+00:00,WCQ,2021,Italy,Bulgaria,DRAW,TEAM_A_WIN,False,225.913,225.913,False,TEAM_A
8306,2021-09-01 22:00:00+00:00,WCQ,2021,Estonia,Belgium,TEAM_B_WIN,TEAM_B_WIN,True,-510.004,510.004,False,TEAM_A
8308,2021-09-01 22:00:00+00:00,WCQ,2021,Hungary,England,TEAM_B_WIN,TEAM_B_WIN,True,-239.313,239.313,False,TEAM_A
8311,2021-09-01 22:00:00+00:00,WCQ,2021,Liechtenstein,Germany,TEAM_B_WIN,TEAM_B_WIN,True,-792.648,792.648,True,NONE
8313,2021-09-01 22:00:00+00:00,WCQ,2021,Bolivia,Colombia,DRAW,TEAM_B_WIN,False,-216.23,216.23,False,TEAM_A
8316,2021-09-01 22:00:00+00:00,WCQ,2021,Venezuela,Argentina,TEAM_B_WIN,TEAM_B_WIN,True,-219.248,219.248,False,TEAM_A
8317,2021-09-01 22:00:00+00:00,WCQ,2021,Chile,Brazil,TEAM_B_WIN,TEAM_B_WIN,True,-275.72,275.72,False,TEAM_A
8321,2021-09-01 22:00:00+00:00,WCQ,2021,Mexico,Jamaica,TEAM_A_WIN,TEAM_A_WIN,True,297.369,297.369,False,TEAM_A
8323,2021-09-02 22:00:00+00:00,WCQ,2021,Tunisia,Equatorial Guinea,TEAM_A_WIN,TEAM_A_WIN,True,264.918,264.918,False,TEAM_A
8324,2021-09-02 22:00:00+00:00,WCQ,2021,Nigeria,Liberia,TEAM_A_WIN,TEAM_A_WIN,True,265.244,265.244,False,TEAM_A
8328,2021-09-02 22:00:00+00:00,WCQ,2021,Ghana,Ethiopia,TEAM_A_WIN,TEAM_A_WIN,True,241.751,241.751,False,TEAM_A
8329,2021-09-03 22:00:00+00:00,WCQ,2021,Republic of Ireland,Azerbaijan,DRAW,TEAM_A_WIN,False,260.264,260.264,False,TEAM_A
8330,2021-09-03 22:00:00+00:00,WCQ,2021,Serbia,Luxembourg,TEAM_A_WIN,TEAM_A_WIN,True,438.135,438.135,False,TEAM_A
8331,2021-09-03 22:00:00+00:00,WCQ,2021,Finland,Kazakhstan,TEAM_A_WIN,TEAM_A_WIN,True,203.263,203.263,False,TEAM_A
8332,2021-09-03 22:00:00+00:00,WCQ,2021,Ukraine,France,DRAW,TEAM_B_WIN,False,-280.801,280.801,False,TEAM_A
8333,2021-09-03 22:00:00+00:00,WCQ,2021,Faroe Islands,Denmark,TEAM_B_WIN,TEAM_B_WIN,True,-518.987,518.987,False,TEAM_A
8334,2021-09-03 22:00:00+00:00,WCQ,2021,Scotland,Moldova,TEAM_A_WIN,TEAM_A_WIN,True,310.215,310.215,False,TEAM_A
8337,2021-09-03 22:00:00+00:00,WCQ,2021,Gibraltar,Turkey,TEAM_B_WIN,TEAM_B_WIN,True,-315.855,315.855,False,TEAM_A
8338,2021-09-03 22:00:00+00:00,WCQ,2021,Netherlands,Montenegro,TEAM_A_WIN,TEAM_A_WIN,True,340.41,340.41,False,TEAM_A
8339,2021-09-03 22:00:00+00:00,WCQ,2021,Slovenia,Malta,TEAM_A_WIN,TEAM_A_WIN,True,349.472,349.472,False,TEAM_A
8340,2021-09-03 22:00:00+00:00,WCQ,2021,Cyprus,Russia,TEAM_B_WIN,TEAM_B_WIN,True,-297.379,297.379,False,TEAM_A
8345,2021-09-04 22:00:00+00:00,WCQ,2021,Kosovo,Greece,DRAW,TEAM_B_WIN,False,-252.538,252.538,False,TEAM_A
8346,2021-09-04 22:00:00+00:00,WCQ,2021,Spain,Georgia,TEAM_A_WIN,TEAM_A_WIN,True,489.715,489.715,False,TEAM_A
8350,2021-09-04 22:00:00+00:00,WCQ,2021,Belgium,Czech Republic,TEAM_A_WIN,TEAM_A_WIN,True,324.693,324.693,False,TEAM_A
8351,2021-09-04 22:00:00+00:00,WCQ,2021,England,Andorra,TEAM_A_WIN,TEAM_A_WIN,True,602.904,602.904,False,TEAM_A
8353,2021-09-04 22:00:00+00:00,WCQ,2021,San Marino,Poland,TEAM_B_WIN,TEAM_B_WIN,True,-559.833,559.833,False,TEAM_A
8355,2021-09-04 22:00:00+00:00,WCQ,2021,Germany,Armenia,TEAM_A_WIN,TEAM_A_WIN,True,467.569,467.569,False,TEAM_A
8356,2021-09-04 22:00:00+00:00,WCQ,2021,Romania,Liechtenstein,TEAM_A_WIN,TEAM_A_WIN,True,456.417,456.417,False,TEAM_A
8359,2021-09-04 22:00:00+00:00,WCQ,2021,Uruguay,Bolivia,TEAM_A_WIN,TEAM_A_WIN,True,245.681,245.681,False,TEAM_A
8382,2021-09-06 22:00:00+00:00,WCQ,2021,South Korea,Lebanon,TEAM_A_WIN,TEAM_A_WIN,True,212.742,212.742,False,TEAM_A
8385,2021-09-06 22:00:00+00:00,WCQ,2021,Vietnam,Australia,TEAM_B_WIN,TEAM_B_WIN,True,-315.558,315.558,False,TEAM_A
8388,2021-09-06 22:00:00+00:00,WCQ,2021,Azerbaijan,Portugal,TEAM_B_WIN,TEAM_B_WIN,True,-484.182,484.182,False,TEAM_A
8389,2021-09-06 22:00:00+00:00,WCQ,2021,Bosnia and Herzegovina,Kazakhstan,DRAW,TEAM_A_WIN,False,308.044,308.044,False,TEAM_A
8390,2021-09-06 22:00:00+00:00,WCQ,2021,France,Finland,TEAM_A_WIN,TEAM_A_WIN,True,363.581,363.581,False,TEAM_A
8393,2021-09-06 22:00:00+00:00,WCQ,2021,Denmark,Israel,TEAM_A_WIN,TEAM_A_WIN,True,248.911,248.911,False,TEAM_A
8395,2021-09-06 22:00:00+00:00,WCQ,2021,Netherlands,Turkey,TEAM_A_WIN,TEAM_A_WIN,True,222.226,222.226,False,TEAM_A
8396,2021-09-06 22:00:00+00:00,WCQ,2021,Norway,Gibraltar,TEAM_A_WIN,TEAM_A_WIN,True,230.73,230.73,False,TEAM_A
8397,2021-09-06 22:00:00+00:00,WCQ,2021,Croatia,Slovenia,TEAM_A_WIN,TEAM_A_WIN,True,224.682,224.682,False,TEAM_A
8399,2021-09-06 22:00:00+00:00,WCQ,2021,Russia,Malta,TEAM_A_WIN,TEAM_A_WIN,True,488.273,488.273,False,TEAM_A
8400,2021-09-07 22:00:00+00:00,WCQ,2021,Kosovo,Spain,TEAM_B_WIN,TEAM_B_WIN,True,-428.203,428.203,False,TEAM_A
8402,2021-09-07 22:00:00+00:00,WCQ,2021,Northern Ireland,Switzerland,DRAW,TEAM_B_WIN,False,-248.07,248.07,False,TEAM_A
8403,2021-09-07 22:00:00+00:00,WCQ,2021,Italy,Lithuania,TEAM_A_WIN,TEAM_A_WIN,True,391.467,391.467,False,TEAM_A
8405,2021-09-07 22:00:00+00:00,WCQ,2021,Belarus,Belgium,TEAM_B_WIN,TEAM_B_WIN,True,-507.601,507.601,True,NONE
8406,2021-09-07 22:00:00+00:00,WCQ,2021,Albania,San Marino,TEAM_A_WIN,TEAM_A_WIN,True,384.755,384.755,False,TEAM_A
8407,2021-09-07 22:00:00+00:00,WCQ,2021,Hungary,Andorra,TEAM_A_WIN,TEAM_A_WIN,True,321.338,321.338,False,TEAM_A
8409,2021-09-07 22:00:00+00:00,WCQ,2021,Iceland,Germany,TEAM_B_WIN,TEAM_B_WIN,True,-408.772,408.772,False,TEAM_A
8410,2021-09-07 22:00:00+00:00,WCQ,2021,Armenia,Liechtenstein,DRAW,TEAM_A_WIN,False,326.027,326.027,False,TEAM_A
8412,2021-09-07 22:00:00+00:00,WCQ,2021,Costa Rica,Jamaica,DRAW,TEAM_A_WIN,False,200.6,200.6,False,TEAM_A
8419,2021-09-08 22:00:00+00:00,WCQ,2021,Argentina,Bolivia,TEAM_A_WIN,TEAM_A_WIN,True,248.26,248.26,False,TEAM_A
8420,2021-09-08 22:00:00+00:00,WCQ,2021,Brazil,Peru,TEAM_A_WIN,TEAM_A_WIN,True,308.809,308.809,False,TEAM_A
8425,2021-10-06 22:00:00+00:00,WCQ,2021,United Arab Emirates,Iran,TEAM_B_WIN,TEAM_B_WIN,True,-225.892,225.892,False,TEAM_A
8430,2021-10-06 22:00:00+00:00,WCQ,2021,United States,Jamaica,TEAM_A_WIN,TEAM_A_WIN,True,207.804,207.804,False,TEAM_A
8434,2021-10-06 22:00:00+00:00,WCQ,2021,Tunisia,Mauritania,TEAM_A_WIN,TEAM_A_WIN,True,326.464,326.464,False,TEAM_A
8436,2021-10-06 22:00:00+00:00,WCQ,2021,Nigeria,Central African Republic,TEAM_B_WIN,TEAM_A_WIN,False,303.792,303.792,False,TEAM_A
8442,2021-10-06 22:00:00+00:00,WCQ,2021,Venezuela,Brazil,TEAM_B_WIN,TEAM_B_WIN,True,-450.732,450.732,False,TEAM_A
8449,2021-10-07 22:00:00+00:00,WCQ,2021,Latvia,Netherlands,TEAM_B_WIN,TEAM_B_WIN,True,-512.229,512.229,False,TEAM_A
8451,2021-10-07 22:00:00+00:00,WCQ,2021,Malta,Slovenia,TEAM_B_WIN,TEAM_B_WIN,True,-351.667,351.667,False,TEAM_A
8452,2021-10-07 22:00:00+00:00,WCQ,2021,Cyprus,Croatia,TEAM_B_WIN,TEAM_B_WIN,True,-420.63,420.63,False,TEAM_A
8455,2021-10-07 22:00:00+00:00,WCQ,2021,Germany,Romania,TEAM_A_WIN,TEAM_A_WIN,True,346.017,346.017,False,TEAM_A
8456,2021-10-07 22:00:00+00:00,WCQ,2021,Liechtenstein,North Macedonia,TEAM_B_WIN,TEAM_B_WIN,True,-318.194,318.194,False,TEAM_A
8458,2021-10-07 22:00:00+00:00,WCQ,2021,Djibouti,Burkina Faso,TEAM_B_WIN,TEAM_B_WIN,True,-278.496,278.496,True,NONE
8463,2021-10-08 22:00:00+00:00,WCQ,2021,Azerbaijan,Republic of Ireland,TEAM_B_WIN,TEAM_B_WIN,True,-239.198,239.198,False,TEAM_A
8464,2021-10-08 22:00:00+00:00,WCQ,2021,Luxembourg,Serbia,TEAM_B_WIN,TEAM_B_WIN,True,-438.264,438.264,False,TEAM_A
8465,2021-10-08 22:00:00+00:00,WCQ,2021,Sweden,Kosovo,TEAM_A_WIN,TEAM_A_WIN,True,355.858,355.858,False,TEAM_A
8466,2021-10-08 22:00:00+00:00,WCQ,2021,Georgia,Greece,TEAM_B_WIN,TEAM_B_WIN,True,-321.853,321.853,False,TEAM_A
8468,2021-10-08 22:00:00+00:00,WCQ,2021,Switzerland,Northern Ireland,TEAM_A_WIN,TEAM_A_WIN,True,227.453,227.453,False,TEAM_A
8470,2021-10-08 22:00:00+00:00,WCQ,2021,Kazakhstan,Bosnia and Herzegovina,TEAM_B_WIN,TEAM_B_WIN,True,-277.08,277.08,False,TEAM_A
8472,2021-10-08 22:00:00+00:00,WCQ,2021,Faroe Islands,Austria,TEAM_B_WIN,TEAM_B_WIN,True,-282.567,282.567,False,TEAM_A
8473,2021-10-08 22:00:00+00:00,WCQ,2021,Moldova,Denmark,TEAM_B_WIN,TEAM_B_WIN,True,-533.003,533.003,False,TEAM_A
8474,2021-10-08 22:00:00+00:00,WCQ,2021,Andorra,England,TEAM_B_WIN,TEAM_B_WIN,True,-602.752,602.752,False,TEAM_A
8476,2021-10-08 22:00:00+00:00,WCQ,2021,Poland,San Marino,TEAM_A_WIN,TEAM_A_WIN,True,573.092,573.092,False,TEAM_A
8478,2021-10-08 22:00:00+00:00,WCQ,2021,Ghana,Zimbabwe,TEAM_A_WIN,TEAM_A_WIN,True,203.671,203.671,False,TEAM_A
8480,2021-10-08 22:00:00+00:00,WCQ,2021,Senegal,Namibia,TEAM_A_WIN,TEAM_A_WIN,True,227.763,227.763,False,TEAM_A
8482,2021-10-08 22:00:00+00:00,WCQ,2021,Morocco,Guinea-Bissau,TEAM_A_WIN,TEAM_A_WIN,True,200.217,200.217,False,TEAM_A
8488,2021-10-09 22:00:00+00:00,WCQ,2021,Mauritania,Tunisia,DRAW,TEAM_B_WIN,False,-334.683,334.683,False,TEAM_A
8489,2021-10-09 22:00:00+00:00,WCQ,2021,Central African Republic,Nigeria,TEAM_B_WIN,TEAM_B_WIN,True,-233.025,233.025,True,NONE
8494,2021-10-09 22:00:00+00:00,WCQ,2021,Madagascar,DR Congo,TEAM_A_WIN,TEAM_B_WIN,False,-212.444,212.444,False,TEAM_A
8496,2021-10-09 22:00:00+00:00,WCQ,2021,Colombia,Brazil,DRAW,TEAM_B_WIN,False,-217.361,217.361,False,TEAM_A
8502,2021-10-10 22:00:00+00:00,WCQ,2021,Netherlands,Gibraltar,TEAM_A_WIN,TEAM_A_WIN,True,580.341,580.341,False,TEAM_A
8504,2021-10-10 22:00:00+00:00,WCQ,2021,Latvia,Turkey,TEAM_B_WIN,TEAM_B_WIN,True,-271.362,271.362,False,TEAM_A
8506,2021-10-10 22:00:00+00:00,WCQ,2021,Croatia,Slovakia,DRAW,TEAM_A_WIN,False,222.597,222.597,False,TEAM_A
8508,2021-10-10 22:00:00+00:00,WCQ,2021,Iceland,Liechtenstein,TEAM_A_WIN,TEAM_A_WIN,True,368.499,368.499,False,TEAM_A
8509,2021-10-10 22:00:00+00:00,WCQ,2021,North Macedonia,Germany,TEAM_B_WIN,TEAM_B_WIN,True,-464.565,464.565,False,TEAM_A
8511,2021-10-10 22:00:00+00:00,WCQ,2021,Burkina Faso,Djibouti,TEAM_A_WIN,TEAM_A_WIN,True,291.9,291.9,True,NONE
8522,2021-10-11 22:00:00+00:00,WCQ,2021,Portugal,Luxembourg,TEAM_A_WIN,TEAM_A_WIN,True,574.066,574.066,False,TEAM_A
8523,2021-10-11 22:00:00+00:00,WCQ,2021,Serbia,Azerbaijan,TEAM_A_WIN,TEAM_A_WIN,True,372.256,372.256,False,TEAM_A
8527,2021-10-11 22:00:00+00:00,WCQ,2021,Lithuania,Switzerland,TEAM_B_WIN,TEAM_B_WIN,True,-368.892,368.892,False,TEAM_A
8530,2021-10-11 22:00:00+00:00,WCQ,2021,Faroe Islands,Scotland,TEAM_B_WIN,TEAM_B_WIN,True,-359.241,359.241,False,TEAM_A
8531,2021-10-11 22:00:00+00:00,WCQ,2021,Denmark,Austria,TEAM_A_WIN,TEAM_A_WIN,True,223.561,223.561,False,TEAM_A
8532,2021-10-11 22:00:00+00:00,WCQ,2021,Israel,Moldova,TEAM_A_WIN,TEAM_A_WIN,True,261.807,261.807,False,TEAM_A
8533,2021-10-11 22:00:00+00:00,WCQ,2021,England,Hungary,DRAW,TEAM_A_WIN,False,300.603,300.603,False,TEAM_A
8537,2021-10-11 22:00:00+00:00,WCQ,2021,Zimbabwe,Ghana,TEAM_B_WIN,TEAM_B_WIN,True,-218.745,218.745,False,TEAM_A
8539,2021-10-11 22:00:00+00:00,WCQ,2021,Namibia,Senegal,TEAM_B_WIN,TEAM_B_WIN,True,-241.214,241.214,True,NONE
8553,2021-11-10 23:00:00+00:00,WCQ,2021,Ethiopia,Ghana,DRAW,TEAM_B_WIN,False,-252.814,252.814,True,NONE
8556,2021-11-10 23:00:00+00:00,WCQ,2021,Togo,Senegal,DRAW,TEAM_B_WIN,False,-235.287,235.287,False,TEAM_A
8559,2021-11-10 23:00:00+00:00,WCQ,2021,Lebanon,Iran,TEAM_B_WIN,TEAM_B_WIN,True,-265.505,265.505,False,TEAM_A
8563,2021-11-10 23:00:00+00:00,WCQ,2021,Vietnam,Japan,TEAM_B_WIN,TEAM_B_WIN,True,-312.312,312.312,False,TEAM_A
8565,2021-11-10 23:00:00+00:00,WCQ,2021,Republic of Ireland,Portugal,DRAW,TEAM_B_WIN,False,-242.057,242.057,False,TEAM_A
8567,2021-11-10 23:00:00+00:00,WCQ,2021,Georgia,Sweden,TEAM_A_WIN,TEAM_B_WIN,False,-413.095,413.095,False,TEAM_A
8569,2021-11-10 23:00:00+00:00,WCQ,2021,Russia,Cyprus,TEAM_A_WIN,TEAM_A_WIN,True,363.931,363.931,False,TEAM_A
8570,2021-11-10 23:00:00+00:00,WCQ,2021,Malta,Croatia,TEAM_B_WIN,TEAM_B_WIN,True,-575.869,575.869,False,TEAM_A
8572,2021-11-10 23:00:00+00:00,WCQ,2021,Germany,Liechtenstein,TEAM_A_WIN,TEAM_A_WIN,True,803.505,803.505,False,TEAM_A
8578,2021-11-10 23:00:00+00:00,WCQ,2021,Brazil,Colombia,TEAM_A_WIN,TEAM_A_WIN,True,218.001,218.001,False,TEAM_A
8579,2021-11-11 23:00:00+00:00,WCQ,2021,Burkina Faso,Niger,DRAW,TEAM_A_WIN,False,211.013,211.013,True,NONE
8580,2021-11-11 23:00:00+00:00,WCQ,2021,Djibouti,Algeria,TEAM_B_WIN,TEAM_B_WIN,True,-288.121,288.121,True,NONE
8584,2021-11-11 23:00:00+00:00,WCQ,2021,Morocco,Sudan,TEAM_A_WIN,TEAM_A_WIN,True,297.747,297.747,False,TEAM_A
8591,2021-11-11 23:00:00+00:00,WCQ,2021,Moldova,Scotland,TEAM_B_WIN,TEAM_B_WIN,True,-385.641,385.641,False,TEAM_A
8592,2021-11-11 23:00:00+00:00,WCQ,2021,Denmark,Faroe Islands,TEAM_A_WIN,TEAM_A_WIN,True,535.378,535.378,False,TEAM_A
8594,2021-11-11 23:00:00+00:00,WCQ,2021,England,Albania,TEAM_A_WIN,TEAM_A_WIN,True,305.434,305.434,False,TEAM_A
8595,2021-11-11 23:00:00+00:00,WCQ,2021,Andorra,Poland,TEAM_B_WIN,TEAM_B_WIN,True,-454.451,454.451,False,TEAM_A
8596,2021-11-11 23:00:00+00:00,WCQ,2021,Hungary,San Marino,TEAM_A_WIN,TEAM_A_WIN,True,455.452,455.452,False,TEAM_A
8599,2021-11-12 23:00:00+00:00,WCQ,2021,Equatorial Guinea,Tunisia,TEAM_A_WIN,TEAM_B_WIN,False,-233.986,233.986,False,TEAM_A
8601,2021-11-12 23:00:00+00:00,WCQ,2021,Liberia,Nigeria,TEAM_B_WIN,TEAM_B_WIN,True,-270.782,270.782,True,NONE
8603,2021-11-12 23:00:00+00:00,WCQ,2021,Ivory Coast,Mozambique,TEAM_A_WIN,TEAM_A_WIN,True,228.476,228.476,True,NONE
8605,2021-11-12 23:00:00+00:00,WCQ,2021,France,Kazakhstan,TEAM_A_WIN,TEAM_A_WIN,True,590.651,590.651,False,TEAM_A
8607,2021-11-12 23:00:00+00:00,WCQ,2021,Belgium,Estonia,TEAM_A_WIN,TEAM_A_WIN,True,508.964,508.964,False,TEAM_A
8608,2021-11-12 23:00:00+00:00,WCQ,2021,Norway,Latvia,DRAW,TEAM_A_WIN,False,224.108,224.108,False,TEAM_A
8609,2021-11-12 23:00:00+00:00,WCQ,2021,Turkey,Gibraltar,TEAM_A_WIN,TEAM_A_WIN,True,344.024,344.024,False,TEAM_A
8610,2021-11-12 23:00:00+00:00,WCQ,2021,Montenegro,Netherlands,DRAW,TEAM_B_WIN,False,-372.817,372.817,False,TEAM_A
8614,2021-11-13 23:00:00+00:00,WCQ,2021,Senegal,Congo,TEAM_A_WIN,TEAM_A_WIN,True,249.427,249.427,False,TEAM_A
8618,2021-11-13 23:00:00+00:00,WCQ,2021,Luxembourg,Republic of Ireland,TEAM_B_WIN,TEAM_B_WIN,True,-317.479,317.479,False,TEAM_A
8620,2021-11-13 23:00:00+00:00,WCQ,2021,Greece,Kosovo,DRAW,TEAM_A_WIN,False,272.692,272.692,False,TEAM_A
8622,2021-11-13 23:00:00+00:00,WCQ,2021,Malta,Slovakia,TEAM_B_WIN,TEAM_B_WIN,True,-376.173,376.173,False,TEAM_A
8624,2021-11-13 23:00:00+00:00,WCQ,2021,Liechtenstein,Romania,TEAM_B_WIN,TEAM_B_WIN,True,-449.984,449.984,False,TEAM_A
8626,2021-11-13 23:00:00+00:00,WCQ,2021,Armenia,Germany,TEAM_B_WIN,TEAM_B_WIN,True,-523.679,523.679,False,TEAM_A
8631,2021-11-14 23:00:00+00:00,WCQ,2021,Northern Ireland,Italy,DRAW,TEAM_B_WIN,False,-243.872,243.872,False,TEAM_A
8632,2021-11-14 23:00:00+00:00,WCQ,2021,Switzerland,Bulgaria,TEAM_A_WIN,TEAM_A_WIN,True,217.225,217.225,False,TEAM_A
8634,2021-11-14 23:00:00+00:00,WCQ,2021,Austria,Moldova,TEAM_A_WIN,TEAM_A_WIN,True,332.958,332.958,False,TEAM_A
8635,2021-11-14 23:00:00+00:00,WCQ,2021,Israel,Faroe Islands,TEAM_A_WIN,TEAM_A_WIN,True,244.732,244.732,False,TEAM_A
8636,2021-11-14 23:00:00+00:00,WCQ,2021,Albania,Andorra,TEAM_A_WIN,TEAM_A_WIN,True,268.077,268.077,False,TEAM_A
8638,2021-11-14 23:00:00+00:00,WCQ,2021,San Marino,England,TEAM_B_WIN,TEAM_B_WIN,True,-732.084,732.084,False,TEAM_A
8653,2021-11-15 23:00:00+00:00,WCQ,2021,Vietnam,Saudi Arabia,TEAM_B_WIN,TEAM_B_WIN,True,-345.65,345.65,False,TEAM_A
8660,2021-11-15 23:00:00+00:00,WCQ,2021,Finland,France,TEAM_B_WIN,TEAM_B_WIN,True,-347.743,347.743,False,TEAM_A
8661,2021-11-15 23:00:00+00:00,WCQ,2021,Wales,Belgium,DRAW,TEAM_B_WIN,False,-342.077,342.077,False,TEAM_A
8665,2021-11-15 23:00:00+00:00,WCQ,2021,Netherlands,Norway,TEAM_A_WIN,TEAM_A_WIN,True,301.676,301.676,False,TEAM_A
8671,2022-01-26 23:00:00+00:00,WCQ,2022,Jamaica,Mexico,TEAM_B_WIN,TEAM_B_WIN,True,-238.773,238.773,False,TEAM_A
8675,2022-01-26 23:00:00+00:00,WCQ,2022,Lebanon,South Korea,TEAM_B_WIN,TEAM_B_WIN,True,-263.557,263.557,False,TEAM_A
8679,2022-01-26 23:00:00+00:00,WCQ,2022,Australia,Vietnam,TEAM_A_WIN,TEAM_A_WIN,True,342.282,342.282,False,TEAM_A
8681,2022-01-26 23:00:00+00:00,WCQ,2022,Ecuador,Brazil,DRAW,TEAM_B_WIN,False,-309.78,309.78,False,TEAM_A
8691,2022-01-31 23:00:00+00:00,WCQ,2022,Iran,United Arab Emirates,TEAM_A_WIN,TEAM_A_WIN,True,233.601,233.601,False,TEAM_A
8693,2022-01-31 23:00:00+00:00,WCQ,2022,Vietnam,China PR,TEAM_A_WIN,TEAM_B_WIN,False,-224.133,224.133,False,TEAM_A
8697,2022-01-31 23:00:00+00:00,WCQ,2022,Uruguay,Venezuela,TEAM_A_WIN,TEAM_A_WIN,True,215.388,215.388,False,TEAM_A
8700,2022-01-31 23:00:00+00:00,WCQ,2022,Brazil,Paraguay,TEAM_A_WIN,TEAM_A_WIN,True,379.687,379.687,False,TEAM_A
8706,2022-03-17 23:00:00+00:00,WCQ,2022,Papua New Guinea,New Zealand,TEAM_B_WIN,TEAM_B_WIN,True,-215.911,215.911,True,NONE
8724,2022-03-23 23:00:00+00:00,WCQ,2022,Brazil,Chile,TEAM_A_WIN,TEAM_A_WIN,True,296.367,296.367,False,TEAM_A
8727,2022-03-23 23:00:00+00:00,WCQ,2022,Italy,North Macedonia,TEAM_B_WIN,TEAM_A_WIN,False,235.307,235.307,False,TEAM_A
8736,2022-03-24 23:00:00+00:00,WCQ,2022,Argentina,Venezuela,TEAM_A_WIN,TEAM_A_WIN,True,344.902,344.902,False,TEAM_A
8738,2022-03-26 23:00:00+00:00,WCQ,2022,Canada,Jamaica,TEAM_A_WIN,TEAM_A_WIN,True,238.924,238.924,False,TEAM_A
8739,2022-03-26 23:00:00+00:00,WCQ,2022,Honduras,Mexico,TEAM_B_WIN,TEAM_B_WIN,True,-266.239,266.239,False,TEAM_A
8741,2022-03-26 23:00:00+00:00,WCQ,2022,New Zealand,Tahiti,TEAM_A_WIN,TEAM_A_WIN,True,242.797,242.797,True,NONE
8748,2022-03-28 22:00:00+00:00,WCQ,2022,Iran,Lebanon,TEAM_A_WIN,TEAM_A_WIN,True,332.688,332.688,False,TEAM_A
8750,2022-03-28 22:00:00+00:00,WCQ,2022,United Arab Emirates,South Korea,TEAM_A_WIN,TEAM_B_WIN,False,-238.962,238.962,False,TEAM_A
8751,2022-03-28 22:00:00+00:00,WCQ,2022,Japan,Vietnam,DRAW,TEAM_A_WIN,False,386.184,386.184,False,TEAM_A
8754,2022-03-28 22:00:00+00:00,WCQ,2022,Ecuador,Argentina,DRAW,TEAM_B_WIN,False,-206.785,206.785,False,TEAM_A
8756,2022-03-28 22:00:00+00:00,WCQ,2022,Bolivia,Brazil,TEAM_B_WIN,TEAM_B_WIN,True,-437.811,437.811,False,TEAM_A
8760,2022-03-28 22:00:00+00:00,WCQ,2022,Portugal,North Macedonia,TEAM_A_WIN,TEAM_A_WIN,True,246.948,246.948,False,TEAM_A
8761,2022-03-29 22:00:00+00:00,WCQ,2022,Mexico,El Salvador,TEAM_A_WIN,TEAM_A_WIN,True,253.059,253.059,False,TEAM_A
8784,2022-11-23 23:00:00+00:00,WC,2022,Brazil,Serbia,TEAM_A_WIN,TEAM_A_WIN,True,234.959,234.959,True,NONE
8788,2022-11-24 23:00:00+00:00,WC,2022,Netherlands,Ecuador,DRAW,TEAM_A_WIN,False,218.856,218.856,True,NONE
8797,2022-11-26 23:00:00+00:00,WC,2022,Belgium,Morocco,TEAM_B_WIN,TEAM_A_WIN,False,222.696,222.696,True,NONE
8804,2022-11-28 23:00:00+00:00,WC,2022,Qatar,Netherlands,TEAM_B_WIN,TEAM_B_WIN,True,-296.267,296.267,False,TEAM_A
8810,2022-11-29 23:00:00+00:00,WC,2022,Tunisia,France,TEAM_A_WIN,TEAM_B_WIN,False,-284.117,284.117,True,NONE
8816,2022-12-01 23:00:00+00:00,WC,2022,Cameroon,Brazil,TEAM_A_WIN,TEAM_B_WIN,False,-319.141,319.141,True,NONE
8821,2022-12-03 23:00:00+00:00,WC,2022,France,Poland,TEAM_A_WIN,TEAM_A_WIN,True,222.969,222.969,True,NONE
8835,2023-09-06 22:00:00+00:00,WCQ,2023,Colombia,Venezuela,TEAM_A_WIN,TEAM_A_WIN,True,221.041,221.041,False,TEAM_A
8837,2023-09-06 22:00:00+00:00,WCQ,2023,Argentina,Ecuador,TEAM_A_WIN,TEAM_A_WIN,True,240.677,240.677,False,TEAM_A
8839,2023-09-07 22:00:00+00:00,WCQ,2023,Brazil,Bolivia,TEAM_A_WIN,TEAM_A_WIN,True,429.436,429.436,False,TEAM_A
8840,2023-09-11 22:00:00+00:00,WCQ,2023,Bolivia,Argentina,TEAM_B_WIN,TEAM_B_WIN,True,-412.04,412.04,False,TEAM_A
8843,2023-09-11 22:00:00+00:00,WCQ,2023,Peru,Brazil,TEAM_B_WIN,TEAM_B_WIN,True,-271.993,271.993,False,TEAM_A
8847,2023-10-11 22:00:00+00:00,WCQ,2023,Argentina,Paraguay,TEAM_A_WIN,TEAM_A_WIN,True,373.212,373.212,False,TEAM_A
8848,2023-10-11 22:00:00+00:00,WCQ,2023,Brazil,Venezuela,DRAW,TEAM_A_WIN,False,452.34,452.34,False,TEAM_A
8856,2023-10-11 22:00:00+00:00,WCQ,2023,Myanmar,Macau,TEAM_A_WIN,TEAM_A_WIN,True,207.246,207.246,False,TEAM_A
8863,2023-10-16 22:00:00+00:00,WCQ,2023,Peru,Argentina,TEAM_B_WIN,TEAM_B_WIN,True,-285.654,285.654,False,TEAM_A
8870,2023-10-16 22:00:00+00:00,WCQ,2023,Macau,Myanmar,DRAW,TEAM_B_WIN,False,-222.07,222.07,False,TEAM_A
8876,2023-11-14 23:00:00+00:00,WCQ,2023,DR Congo,Mauritania,TEAM_A_WIN,TEAM_A_WIN,True,227.075,227.075,False,TEAM_A
8886,2023-11-15 23:00:00+00:00,WCQ,2023,Japan,Myanmar,TEAM_A_WIN,TEAM_A_WIN,True,444.648,444.648,False,TEAM_A
8889,2023-11-15 23:00:00+00:00,WCQ,2023,South Korea,Singapore,TEAM_A_WIN,TEAM_A_WIN,True,333.739,333.739,False,TEAM_A
8890,2023-11-15 23:00:00+00:00,WCQ,2023,Oman,Taiwan,TEAM_A_WIN,TEAM_A_WIN,True,442.28,442.28,False,TEAM_A
8892,2023-11-15 23:00:00+00:00,WCQ,2023,Iran,Hong Kong,TEAM_A_WIN,TEAM_A_WIN,True,328.921,328.921,False,TEAM_A
8894,2023-11-15 23:00:00+00:00,WCQ,2023,Iraq,Indonesia,TEAM_A_WIN,TEAM_A_WIN,True,284.295,284.295,False,TEAM_A
8897,2023-11-15 23:00:00+00:00,WCQ,2023,Saudi Arabia,Pakistan,TEAM_A_WIN,TEAM_A_WIN,True,516.692,516.692,False,TEAM_A
8898,2023-11-15 23:00:00+00:00,WCQ,2023,United Arab Emirates,Nepal,TEAM_A_WIN,TEAM_A_WIN,True,242.393,242.393,False,TEAM_A
8899,2023-11-15 23:00:00+00:00,WCQ,2023,Yemen,Bahrain,TEAM_B_WIN,TEAM_B_WIN,True,-211.258,211.258,True,NONE
8901,2023-11-15 23:00:00+00:00,WCQ,2023,Australia,Bangladesh,TEAM_A_WIN,TEAM_A_WIN,True,450.017,450.017,False,TEAM_A
8902,2023-11-15 23:00:00+00:00,WCQ,2023,Egypt,Djibouti,TEAM_A_WIN,TEAM_A_WIN,True,367.94,367.94,False,TEAM_A
8904,2023-11-15 23:00:00+00:00,WCQ,2023,Nigeria,Lesotho,DRAW,TEAM_A_WIN,False,246.638,246.638,False,TEAM_A
8909,2023-11-15 23:00:00+00:00,WCQ,2023,Algeria,Somalia,TEAM_A_WIN,TEAM_A_WIN,True,234.635,234.635,False,TEAM_A
8912,2023-11-16 23:00:00+00:00,WCQ,2023,Cameroon,Mauritius,TEAM_A_WIN,TEAM_A_WIN,True,389.634,389.634,False,TEAM_A
8914,2023-11-16 23:00:00+00:00,WCQ,2023,Ivory Coast,Seychelles,TEAM_A_WIN,TEAM_A_WIN,True,383.298,383.298,False,TEAM_A
8917,2023-11-16 23:00:00+00:00,WCQ,2023,Tunisia,São Tomé and Príncipe,TEAM_A_WIN,TEAM_A_WIN,True,329.62,329.62,False,TEAM_A
8919,2023-11-16 23:00:00+00:00,WCQ,2023,Ghana,Madagascar,TEAM_A_WIN,TEAM_A_WIN,True,222.275,222.275,False,TEAM_A
8921,2023-11-17 23:00:00+00:00,WCQ,2023,Senegal,South Sudan,TEAM_A_WIN,TEAM_A_WIN,True,279.677,279.677,False,TEAM_A
8924,2023-11-18 23:00:00+00:00,WCQ,2023,Sierra Leone,Egypt,TEAM_B_WIN,TEAM_B_WIN,True,-231.909,231.909,True,NONE
8925,2023-11-18 23:00:00+00:00,WCQ,2023,Sudan,DR Congo,TEAM_A_WIN,TEAM_B_WIN,False,-250.659,250.659,True,NONE
8926,2023-11-18 23:00:00+00:00,WCQ,2023,Zimbabwe,Nigeria,DRAW,TEAM_B_WIN,False,-228.566,228.566,True,NONE
8930,2023-11-19 23:00:00+00:00,WCQ,2023,Gambia,Ivory Coast,TEAM_B_WIN,TEAM_B_WIN,True,-281.101,281.101,True,NONE
8933,2023-11-19 23:00:00+00:00,WCQ,2023,Mali,Central African Republic,DRAW,TEAM_A_WIN,False,246.024,246.024,False,TEAM_A
8937,2023-11-20 23:00:00+00:00,WCQ,2023,Uruguay,Bolivia,TEAM_A_WIN,TEAM_A_WIN,True,305.466,305.466,False,TEAM_A
8943,2023-11-20 23:00:00+00:00,WCQ,2023,Syria,Japan,TEAM_B_WIN,TEAM_B_WIN,True,-218.683,218.683,True,NONE
8946,2023-11-20 23:00:00+00:00,WCQ,2023,Taiwan,Malaysia,TEAM_B_WIN,TEAM_B_WIN,True,-224.639,224.639,False,TEAM_A
8952,2023-11-20 23:00:00+00:00,WCQ,2023,Pakistan,Tajikistan,TEAM_B_WIN,TEAM_B_WIN,True,-261.187,261.187,False,TEAM_A
8956,2023-11-20 23:00:00+00:00,WCQ,2023,Palestine,Australia,TEAM_B_WIN,TEAM_B_WIN,True,-267.225,267.225,True,NONE
8960,2023-11-20 23:00:00+00:00,WCQ,2023,Togo,Senegal,DRAW,TEAM_B_WIN,False,-225.059,225.059,False,TEAM_A
8962,2023-11-20 23:00:00+00:00,WCQ,2023,Rwanda,South Africa,TEAM_A_WIN,TEAM_B_WIN,False,-242.594,242.594,False,TEAM_A
8965,2023-11-20 23:00:00+00:00,WCQ,2023,Mauritius,Angola,DRAW,TEAM_B_WIN,False,-219.245,219.245,False,TEAM_A
8967,2023-11-20 23:00:00+00:00,WCQ,2023,Tanzania,Morocco,TEAM_B_WIN,TEAM_B_WIN,True,-282.546,282.546,False,TEAM_A
8970,2023-11-20 23:00:00+00:00,WCQ,2023,Malawi,Tunisia,TEAM_B_WIN,TEAM_B_WIN,True,-256.165,256.165,False,TEAM_A
8972,2023-11-20 23:00:00+00:00,WCQ,2023,Comoros,Ghana,TEAM_A_WIN,TEAM_B_WIN,False,-236.387,236.387,False,TEAM_A
8975,2024-03-20 23:00:00+00:00,WCQ,2024,Myanmar,Syria,DRAW,TEAM_B_WIN,False,-234.11,234.11,False,TEAM_A
8976,2024-03-20 23:00:00+00:00,WCQ,2024,Japan,North Korea,TEAM_A_WIN,TEAM_A_WIN,True,260.475,260.475,False,TEAM_A
8977,2024-03-20 23:00:00+00:00,WCQ,2024,South Korea,Thailand,DRAW,TEAM_A_WIN,False,345.739,345.739,False,TEAM_A
8978,2024-03-20 23:00:00+00:00,WCQ,2024,Singapore,China PR,DRAW,TEAM_B_WIN,False,-209.189,209.189,False,TEAM_A
8979,2024-03-20 23:00:00+00:00,WCQ,2024,Taiwan,Kyrgyzstan,TEAM_B_WIN,TEAM_B_WIN,True,-305.398,305.398,False,TEAM_A
8981,2024-03-20 23:00:00+00:00,WCQ,2024,Iran,Turkmenistan,TEAM_A_WIN,TEAM_A_WIN,True,259.93,259.93,False,TEAM_A
8982,2024-03-20 23:00:00+00:00,WCQ,2024,Hong Kong,Uzbekistan,TEAM_B_WIN,TEAM_B_WIN,True,-235.277,235.277,False,TEAM_A
8984,2024-03-20 23:00:00+00:00,WCQ,2024,Iraq,Philippines,TEAM_A_WIN,TEAM_A_WIN,True,222.651,222.651,False,TEAM_A
8985,2024-03-20 23:00:00+00:00,WCQ,2024,Pakistan,Jordan,TEAM_B_WIN,TEAM_B_WIN,True,-358.355,358.355,False,TEAM_A
8986,2024-03-20 23:00:00+00:00,WCQ,2024,Saudi Arabia,Tajikistan,TEAM_A_WIN,TEAM_A_WIN,True,263.369,263.369,False,TEAM_A
8987,2024-03-20 23:00:00+00:00,WCQ,2024,Bahrain,Nepal,TEAM_A_WIN,TEAM_A_WIN,True,262.014,262.014,False,TEAM_A
8988,2024-03-20 23:00:00+00:00,WCQ,2024,United Arab Emirates,Yemen,TEAM_A_WIN,TEAM_A_WIN,True,222.461,222.461,False,TEAM_A
8989,2024-03-20 23:00:00+00:00,WCQ,2024,Australia,Lebanon,TEAM_A_WIN,TEAM_A_WIN,True,289.629,289.629,False,TEAM_A
8995,2024-03-25 23:00:00+00:00,WCQ,2024,Syria,Myanmar,TEAM_A_WIN,TEAM_A_WIN,True,214.698,214.698,True,NONE
8996,2024-03-25 23:00:00+00:00,WCQ,2024,Thailand,South Korea,TEAM_B_WIN,TEAM_B_WIN,True,-313.176,313.176,False,TEAM_A
8998,2024-03-25 23:00:00+00:00,WCQ,2024,Kyrgyzstan,Taiwan,TEAM_A_WIN,TEAM_A_WIN,True,320.351,320.351,False,TEAM_A
8999,2024-03-25 23:00:00+00:00,WCQ,2024,Malaysia,Oman,TEAM_B_WIN,TEAM_B_WIN,True,-200.746,200.746,False,TEAM_A
9000,2024-03-25 23:00:00+00:00,WCQ,2024,Uzbekistan,Hong Kong,TEAM_A_WIN,TEAM_A_WIN,True,255.762,255.762,False,TEAM_A
9001,2024-03-25 23:00:00+00:00,WCQ,2024,Turkmenistan,Iran,TEAM_B_WIN,TEAM_B_WIN,True,-271.434,271.434,False,TEAM_A
9002,2024-03-25 23:00:00+00:00,WCQ,2024,Philippines,Iraq,TEAM_B_WIN,TEAM_B_WIN,True,-236.433,236.433,False,TEAM_A
9004,2024-03-25 23:00:00+00:00,WCQ,2024,Tajikistan,Saudi Arabia,DRAW,TEAM_B_WIN,False,-274.679,274.679,False,TEAM_A
9005,2024-03-25 23:00:00+00:00,WCQ,2024,Jordan,Pakistan,TEAM_A_WIN,TEAM_A_WIN,True,369.948,369.948,False,TEAM_A
9006,2024-03-25 23:00:00+00:00,WCQ,2024,Bahrain,Nepal,TEAM_A_WIN,TEAM_A_WIN,True,273.4,273.4,False,TEAM_A
9007,2024-03-25 23:00:00+00:00,WCQ,2024,Yemen,United Arab Emirates,TEAM_B_WIN,TEAM_B_WIN,True,-236.257,236.257,True,NONE
9009,2024-03-25 23:00:00+00:00,WCQ,2024,Australia,Lebanon,TEAM_A_WIN,TEAM_A_WIN,True,299.549,299.549,False,TEAM_A
9015,2024-06-04 22:00:00+00:00,WCQ,2024,Tunisia,Equatorial Guinea,TEAM_A_WIN,TEAM_A_WIN,True,287.505,287.505,False,TEAM_A
9018,2024-06-04 22:00:00+00:00,WCQ,2024,Trinidad and Tobago,Grenada,DRAW,TEAM_A_WIN,False,201.796,201.796,False,TEAM_A
9021,2024-06-04 22:00:00+00:00,WCQ,2024,Guatemala,Dominica,TEAM_A_WIN,TEAM_A_WIN,True,305.553,305.553,False,TEAM_A
9028,2024-06-05 22:00:00+00:00,WCQ,2024,Libya,Mauritius,TEAM_A_WIN,TEAM_A_WIN,True,233.047,233.047,False,TEAM_A
9034,2024-06-05 22:00:00+00:00,WCQ,2024,Myanmar,Japan,TEAM_B_WIN,TEAM_B_WIN,True,-475.524,475.524,False,TEAM_A
9037,2024-06-05 22:00:00+00:00,WCQ,2024,Singapore,South Korea,TEAM_B_WIN,TEAM_B_WIN,True,-370.409,370.409,False,TEAM_A
9038,2024-06-05 22:00:00+00:00,WCQ,2024,Taiwan,Oman,TEAM_B_WIN,TEAM_B_WIN,True,-462.12,462.12,False,TEAM_A
9041,2024-06-05 22:00:00+00:00,WCQ,2024,Hong Kong,Iran,TEAM_B_WIN,TEAM_B_WIN,True,-363.127,363.127,False,TEAM_A
9042,2024-06-05 22:00:00+00:00,WCQ,2024,Indonesia,Iraq,TEAM_B_WIN,TEAM_B_WIN,True,-267.505,267.505,False,TEAM_A
9045,2024-06-05 22:00:00+00:00,WCQ,2024,Pakistan,Saudi Arabia,TEAM_B_WIN,TEAM_B_WIN,True,-546.19,546.19,False,TEAM_A
9046,2024-06-05 22:00:00+00:00,WCQ,2024,Nepal,United Arab Emirates,TEAM_B_WIN,TEAM_B_WIN,True,-325.331,325.331,True,NONE
9047,2024-06-05 22:00:00+00:00,WCQ,2024,Bahrain,Yemen,DRAW,TEAM_A_WIN,False,211.428,211.428,False,TEAM_A
9048,2024-06-05 22:00:00+00:00,WCQ,2024,Bangladesh,Australia,TEAM_B_WIN,TEAM_B_WIN,True,-486.859,486.859,False,TEAM_A
9051,2024-06-05 22:00:00+00:00,WCQ,2024,Costa Rica,Saint Kitts and Nevis,TEAM_A_WIN,TEAM_A_WIN,True,310.145,310.145,False,TEAM_A
9053,2024-06-05 22:00:00+00:00,WCQ,2024,Panama,Guyana,TEAM_A_WIN,TEAM_A_WIN,True,258.109,258.109,False,TEAM_A
9059,2024-06-06 22:00:00+00:00,WCQ,2024,Morocco,Zambia,TEAM_A_WIN,TEAM_A_WIN,True,230.519,230.519,False,TEAM_A
9071,2024-06-07 22:00:00+00:00,WCQ,2024,British Virgin Islands,Guatemala,TEAM_B_WIN,TEAM_B_WIN,True,-347.365,347.365,False,TEAM_A
9074,2024-06-08 22:00:00+00:00,WCQ,2024,Mauritania,Senegal,TEAM_B_WIN,TEAM_B_WIN,True,-350.357,350.357,False,TEAM_A
9077,2024-06-08 22:00:00+00:00,WCQ,2024,Namibia,Tunisia,DRAW,TEAM_B_WIN,False,-253.052,253.052,True,NONE
9079,2024-06-08 22:00:00+00:00,WCQ,2024,Grenada,Costa Rica,TEAM_B_WIN,TEAM_B_WIN,True,-400.401,400.401,False,TEAM_A
9081,2024-06-08 22:00:00+00:00,WCQ,2024,Montserrat,Panama,TEAM_B_WIN,TEAM_B_WIN,True,-262.919,262.919,True,NONE
9082,2024-06-08 22:00:00+00:00,WCQ,2024,Dominica,Jamaica,TEAM_B_WIN,TEAM_B_WIN,True,-202.72,202.72,False,TEAM_A
9083,2024-06-08 22:00:00+00:00,WCQ,2024,Saint Vincent and the Grenadines,El Salvador,TEAM_B_WIN,TEAM_B_WIN,True,-216.296,216.296,True,NONE
9084,2024-06-09 22:00:00+00:00,WCQ,2024,Guinea-Bissau,Egypt,DRAW,TEAM_B_WIN,False,-248.454,248.454,False,TEAM_A
9091,2024-06-09 22:00:00+00:00,WCQ,2024,Ghana,Central African Republic,TEAM_A_WIN,TEAM_A_WIN,True,262.117,262.117,False,TEAM_A
9099,2024-06-10 22:00:00+00:00,WCQ,2024,Morocco,Congo,TEAM_A_WIN,TEAM_A_WIN,True,332.199,332.199,False,TEAM_A
9100,2024-06-10 22:00:00+00:00,WCQ,2024,Kenya,Ivory Coast,DRAW,TEAM_B_WIN,False,-232.325,232.325,True,NONE
9106,2024-06-10 22:00:00+00:00,WCQ,2024,Qatar,India,TEAM_A_WIN,TEAM_A_WIN,True,234.419,234.419,False,TEAM_A
9107,2024-06-10 22:00:00+00:00,WCQ,2024,Japan,Syria,TEAM_A_WIN,TEAM_A_WIN,True,267.666,267.666,False,TEAM_A
9108,2024-06-10 22:00:00+00:00,WCQ,2024,North Korea,Myanmar,TEAM_A_WIN,TEAM_A_WIN,True,228.428,228.428,True,NONE
9112,2024-06-10 22:00:00+00:00,WCQ,2024,Malaysia,Taiwan,TEAM_A_WIN,TEAM_A_WIN,True,248.832,248.832,False,TEAM_A
9116,2024-06-10 22:00:00+00:00,WCQ,2024,Iraq,Vietnam,TEAM_A_WIN,TEAM_A_WIN,True,244.813,244.813,False,TEAM_A
9117,2024-06-10 22:00:00+00:00,WCQ,2024,Tajikistan,Pakistan,TEAM_A_WIN,TEAM_A_WIN,True,283.725,283.725,False,TEAM_A
9122,2024-06-10 22:00:00+00:00,WCQ,2024,Australia,Palestine,TEAM_A_WIN,TEAM_A_WIN,True,273.453,273.453,False,TEAM_A
9130,2024-09-04 22:00:00+00:00,WCQ,2024,Argentina,Chile,TEAM_A_WIN,TEAM_A_WIN,True,328.797,328.797,False,TEAM_A
9133,2024-09-04 22:00:00+00:00,WCQ,2024,Iran,Kyrgyzstan,TEAM_A_WIN,TEAM_A_WIN,True,276.511,276.511,False,TEAM_A
9135,2024-09-04 22:00:00+00:00,WCQ,2024,South Korea,Palestine,DRAW,TEAM_A_WIN,False,283.316,283.316,False,TEAM_A
9137,2024-09-04 22:00:00+00:00,WCQ,2024,Japan,China PR,TEAM_A_WIN,TEAM_A_WIN,True,285.892,285.892,False,TEAM_A
9139,2024-09-04 22:00:00+00:00,WCQ,2024,Saudi Arabia,Indonesia,DRAW,TEAM_A_WIN,False,318.648,318.648,False,TEAM_A
9143,2024-09-05 22:00:00+00:00,WCQ,2024,Uruguay,Paraguay,DRAW,TEAM_A_WIN,False,258.472,258.472,False,TEAM_A
9149,2024-09-09 22:00:00+00:00,WCQ,2024,Venezuela,Uruguay,DRAW,TEAM_B_WIN,False,-266.137,266.137,False,TEAM_A
9150,2024-09-09 22:00:00+00:00,WCQ,2024,Paraguay,Brazil,TEAM_A_WIN,TEAM_B_WIN,False,-297.374,297.374,False,TEAM_A
9152,2024-09-09 22:00:00+00:00,WCQ,2024,Kyrgyzstan,Uzbekistan,TEAM_B_WIN,TEAM_B_WIN,True,-216.662,216.662,False,TEAM_A
9157,2024-09-09 22:00:00+00:00,WCQ,2024,Bahrain,Japan,TEAM_B_WIN,TEAM_B_WIN,True,-258.342,258.342,False,TEAM_A
9158,2024-09-09 22:00:00+00:00,WCQ,2024,Indonesia,Australia,DRAW,TEAM_B_WIN,False,-327.629,327.629,False,TEAM_A
9160,2024-10-09 22:00:00+00:00,WCQ,2024,Bolivia,Colombia,TEAM_A_WIN,TEAM_B_WIN,False,-227.859,227.859,False,TEAM_A
9162,2024-10-09 22:00:00+00:00,WCQ,2024,Venezuela,Argentina,DRAW,TEAM_B_WIN,False,-359.407,359.407,False,TEAM_A
9163,2024-10-09 22:00:00+00:00,WCQ,2024,Chile,Brazil,TEAM_B_WIN,TEAM_B_WIN,True,-267.196,267.196,False,TEAM_A
9176,2024-10-10 22:00:00+00:00,WCQ,2024,New Zealand,Tahiti,TEAM_A_WIN,TEAM_A_WIN,True,253.648,253.648,True,NONE
9181,2024-10-14 22:00:00+00:00,WCQ,2024,Argentina,Bolivia,TEAM_A_WIN,TEAM_A_WIN,True,313.915,313.915,False,TEAM_A
9182,2024-10-14 22:00:00+00:00,WCQ,2024,Brazil,Peru,TEAM_A_WIN,TEAM_A_WIN,True,220.092,220.092,False,TEAM_A
9192,2024-11-13 23:00:00+00:00,WCQ,2024,Venezuela,Brazil,DRAW,TEAM_B_WIN,False,-306.127,306.127,False,TEAM_A
9194,2024-11-13 23:00:00+00:00,WCQ,2024,Paraguay,Argentina,TEAM_A_WIN,TEAM_B_WIN,False,-269.447,269.447,False,TEAM_A
9197,2024-11-13 23:00:00+00:00,WCQ,2024,North Korea,Iran,TEAM_B_WIN,TEAM_B_WIN,True,-225.025,225.025,True,NONE
9200,2024-11-13 23:00:00+00:00,WCQ,2024,Kuwait,South Korea,TEAM_B_WIN,TEAM_B_WIN,True,-292.589,292.589,False,TEAM_A
9208,2024-11-14 23:00:00+00:00,WCQ,2024,New Zealand,Vanuatu,TEAM_A_WIN,TEAM_A_WIN,True,211.457,211.457,False,TEAM_A
9209,2024-11-14 23:00:00+00:00,WCQ,2024,Indonesia,Japan,TEAM_B_WIN,TEAM_B_WIN,True,-453.429,453.429,False,TEAM_A
9213,2024-11-17 23:00:00+00:00,WCQ,2024,New Zealand,Samoa,TEAM_A_WIN,TEAM_A_WIN,True,265.102,265.102,False,TEAM_A
9216,2024-11-18 23:00:00+00:00,WCQ,2024,Argentina,Peru,TEAM_A_WIN,TEAM_A_WIN,True,252.818,252.818,False,TEAM_A
9220,2024-11-18 23:00:00+00:00,WCQ,2024,Kyrgyzstan,Iran,TEAM_B_WIN,TEAM_B_WIN,True,-328.312,328.312,False,TEAM_A
9222,2024-11-18 23:00:00+00:00,WCQ,2024,Palestine,South Korea,DRAW,TEAM_B_WIN,False,-334.562,334.562,True,NONE
9226,2024-11-18 23:00:00+00:00,WCQ,2024,Indonesia,Saudi Arabia,TEAM_A_WIN,TEAM_B_WIN,False,-276.287,276.287,False,TEAM_A
9227,2024-11-18 23:00:00+00:00,WCQ,2024,China PR,Japan,TEAM_B_WIN,TEAM_B_WIN,True,-299.937,299.937,False,TEAM_A
9228,2025-03-18 23:00:00+00:00,WCQ,2025,Eswatini,Cameroon,DRAW,TEAM_B_WIN,False,-336.266,336.266,True,NONE
9229,2025-03-18 23:00:00+00:00,WCQ,2025,Liberia,Tunisia,TEAM_B_WIN,TEAM_B_WIN,True,-305.686,305.686,False,TEAM_A
9235,2025-03-19 23:00:00+00:00,WCQ,2025,Uzbekistan,Kyrgyzstan,TEAM_A_WIN,TEAM_A_WIN,True,243.966,243.966,False,TEAM_A
9237,2025-03-19 23:00:00+00:00,WCQ,2025,South Korea,Oman,DRAW,TEAM_A_WIN,False,209.086,209.086,False,TEAM_A
9240,2025-03-19 23:00:00+00:00,WCQ,2025,Japan,Bahrain,TEAM_A_WIN,TEAM_A_WIN,True,312.34,312.34,False,TEAM_A
9241,2025-03-19 23:00:00+00:00,WCQ,2025,Australia,Indonesia,TEAM_A_WIN,TEAM_A_WIN,True,280.207,280.207,False,TEAM_A
9245,2025-03-19 23:00:00+00:00,WCQ,2025,Cape Verde,Mauritius,TEAM_A_WIN,TEAM_A_WIN,True,202.622,202.622,False,TEAM_A
9248,2025-03-19 23:00:00+00:00,WCQ,2025,Gabon,Seychelles,TEAM_A_WIN,TEAM_A_WIN,True,302.063,302.063,False,TEAM_A
9252,2025-03-20 23:00:00+00:00,WCQ,2025,Ecuador,Venezuela,TEAM_A_WIN,TEAM_A_WIN,True,201.846,201.846,False,TEAM_A
9256,2025-03-20 23:00:00+00:00,WCQ,2025,Burkina Faso,Djibouti,TEAM_A_WIN,TEAM_A_WIN,True,312.518,312.518,True,NONE
9257,2025-03-20 23:00:00+00:00,WCQ,2025,Ethiopia,Egypt,TEAM_B_WIN,TEAM_B_WIN,True,-281.926,281.926,True,NONE
9261,2025-03-20 23:00:00+00:00,WCQ,2025,Morocco,Niger,TEAM_A_WIN,TEAM_A_WIN,True,330.662,330.662,False,TEAM_A
9262,2025-03-20 23:00:00+00:00,WCQ,2025,Burundi,Ivory Coast,TEAM_B_WIN,TEAM_B_WIN,True,-230.183,230.183,True,NONE
9266,2025-03-20 23:00:00+00:00,WCQ,2025,Ghana,Chad,TEAM_A_WIN,TEAM_A_WIN,True,290.875,290.875,False,TEAM_A
9267,2025-03-20 23:00:00+00:00,WCQ,2025,Malta,Finland,TEAM_B_WIN,TEAM_B_WIN,True,-381.749,381.749,False,TEAM_A
9268,2025-03-20 23:00:00+00:00,WCQ,2025,Poland,Lithuania,TEAM_A_WIN,TEAM_A_WIN,True,306.354,306.354,False,TEAM_A
9269,2025-03-20 23:00:00+00:00,WCQ,2025,Cyprus,San Marino,TEAM_A_WIN,TEAM_A_WIN,True,289.331,289.331,False,TEAM_A
9271,2025-03-20 23:00:00+00:00,WCQ,2025,England,Albania,TEAM_A_WIN,TEAM_A_WIN,True,354.843,354.843,False,TEAM_A
9272,2025-03-20 23:00:00+00:00,WCQ,2025,Andorra,Latvia,TEAM_B_WIN,TEAM_B_WIN,True,-206.234,206.234,False,TEAM_A
9274,2025-03-21 23:00:00+00:00,WCQ,2025,Sudan,Senegal,DRAW,TEAM_B_WIN,False,-270.008,270.008,True,NONE
9275,2025-03-21 23:00:00+00:00,WCQ,2025,Moldova,Norway,TEAM_B_WIN,TEAM_B_WIN,True,-339.611,339.611,False,TEAM_A
9277,2025-03-21 23:00:00+00:00,WCQ,2025,Liechtenstein,North Macedonia,TEAM_B_WIN,TEAM_B_WIN,True,-403.405,403.405,False,TEAM_A
9278,2025-03-21 23:00:00+00:00,WCQ,2025,Wales,Kazakhstan,TEAM_A_WIN,TEAM_A_WIN,True,277.707,277.707,False,TEAM_A
9279,2025-03-21 23:00:00+00:00,WCQ,2025,Montenegro,Gibraltar,TEAM_A_WIN,TEAM_A_WIN,True,230.853,230.853,False,TEAM_A
9280,2025-03-21 23:00:00+00:00,WCQ,2025,Czech Republic,Faroe Islands,TEAM_A_WIN,TEAM_A_WIN,True,344.564,344.564,False,TEAM_A
9286,2025-03-23 23:00:00+00:00,WCQ,2025,Ivory Coast,Gambia,TEAM_A_WIN,TEAM_A_WIN,True,293.291,293.291,False,TEAM_A
9289,2025-03-23 23:00:00+00:00,WCQ,2025,Tunisia,Malawi,TEAM_A_WIN,TEAM_A_WIN,True,301.529,301.529,False,TEAM_A
9290,2025-03-23 23:00:00+00:00,WCQ,2025,Central African Republic,Mali,DRAW,TEAM_B_WIN,False,-205.003,205.003,True,NONE
9292,2025-03-23 23:00:00+00:00,WCQ,2025,Lithuania,Finland,DRAW,TEAM_B_WIN,False,-211.987,211.987,False,TEAM_A
9293,2025-03-23 23:00:00+00:00,WCQ,2025,Poland,Malta,TEAM_A_WIN,TEAM_A_WIN,True,495.551,495.551,False,TEAM_A
9294,2025-03-23 23:00:00+00:00,WCQ,2025,Bosnia and Herzegovina,Cyprus,TEAM_A_WIN,TEAM_A_WIN,True,280.663,280.663,False,TEAM_A
9295,2025-03-23 23:00:00+00:00,WCQ,2025,San Marino,Romania,TEAM_B_WIN,TEAM_B_WIN,True,-525.787,525.787,False,TEAM_A
9296,2025-03-23 23:00:00+00:00,WCQ,2025,England,Latvia,TEAM_A_WIN,TEAM_A_WIN,True,419.713,419.713,False,TEAM_A
9297,2025-03-23 23:00:00+00:00,WCQ,2025,Albania,Andorra,TEAM_A_WIN,TEAM_A_WIN,True,287.149,287.149,False,TEAM_A
9298,2025-03-24 23:00:00+00:00,WCQ,2025,Bolivia,Uruguay,DRAW,TEAM_B_WIN,False,-211.671,211.671,False,TEAM_A
9308,2025-03-24 23:00:00+00:00,WCQ,2025,Palestine,Iraq,TEAM_A_WIN,TEAM_B_WIN,False,-200.563,200.563,True,NONE
9310,2025-03-24 23:00:00+00:00,WCQ,2025,Japan,Saudi Arabia,DRAW,TEAM_A_WIN,False,215.565,215.565,False,TEAM_A
9312,2025-03-24 23:00:00+00:00,WCQ,2025,Egypt,Sierra Leone,TEAM_A_WIN,TEAM_A_WIN,True,217.71,217.71,False,TEAM_A
9313,2025-03-24 23:00:00+00:00,WCQ,2025,Mauritania,DR Congo,TEAM_B_WIN,TEAM_B_WIN,True,-252.675,252.675,False,TEAM_A
9314,2025-03-24 23:00:00+00:00,WCQ,2025,Senegal,Togo,TEAM_A_WIN,TEAM_A_WIN,True,219.163,219.163,False,TEAM_A
9317,2025-03-24 23:00:00+00:00,WCQ,2025,Nigeria,Zimbabwe,DRAW,TEAM_A_WIN,False,206.334,206.334,False,TEAM_A
9321,2025-03-24 23:00:00+00:00,WCQ,2025,Morocco,Tanzania,TEAM_A_WIN,TEAM_A_WIN,True,287.579,287.579,False,TEAM_A
9329,2025-03-24 23:00:00+00:00,WCQ,2025,Liechtenstein,Kazakhstan,TEAM_B_WIN,TEAM_B_WIN,True,-201.151,201.151,False,TEAM_A
9331,2025-03-24 23:00:00+00:00,WCQ,2025,Gibraltar,Czech Republic,TEAM_B_WIN,TEAM_B_WIN,True,-315.633,315.633,True,NONE
9332,2025-03-24 23:00:00+00:00,WCQ,2025,Montenegro,Faroe Islands,TEAM_A_WIN,TEAM_A_WIN,True,280.518,280.518,False,TEAM_A
9341,2025-06-04 22:00:00+00:00,WCQ,2025,Chile,Argentina,TEAM_B_WIN,TEAM_B_WIN,True,-332.557,332.557,False,TEAM_A
9344,2025-06-04 22:00:00+00:00,WCQ,2025,Qatar,Iran,TEAM_A_WIN,TEAM_B_WIN,False,-229.502,229.502,False,TEAM_A
9355,2025-06-05 22:00:00+00:00,WCQ,2025,Wales,Liechtenstein,TEAM_A_WIN,TEAM_A_WIN,True,499.664,499.664,False,TEAM_A
9356,2025-06-05 22:00:00+00:00,WCQ,2025,North Macedonia,Belgium,DRAW,TEAM_B_WIN,False,-333.603,333.603,False,TEAM_A
9358,2025-06-05 22:00:00+00:00,WCQ,2025,Gibraltar,Croatia,TEAM_B_WIN,TEAM_B_WIN,True,-557.633,557.633,True,NONE
9363,2025-06-05 22:00:00+00:00,WCQ,2025,Guatemala,Dominican Republic,TEAM_A_WIN,TEAM_A_WIN,True,228.166,228.166,False,TEAM_A
9366,2025-06-06 22:00:00+00:00,WCQ,2025,Finland,Netherlands,TEAM_B_WIN,TEAM_B_WIN,True,-343.188,343.188,False,TEAM_A
9367,2025-06-06 22:00:00+00:00,WCQ,2025,Bosnia and Herzegovina,San Marino,TEAM_A_WIN,TEAM_A_WIN,True,587.545,587.545,False,TEAM_A
9369,2025-06-06 22:00:00+00:00,WCQ,2025,Andorra,England,TEAM_B_WIN,TEAM_B_WIN,True,-656.615,656.615,True,NONE
9370,2025-06-06 22:00:00+00:00,WCQ,2025,Albania,Serbia,DRAW,TEAM_B_WIN,False,-207.262,207.262,False,TEAM_A
9371,2025-06-06 22:00:00+00:00,WCQ,2025,Cayman Islands,Honduras,TEAM_B_WIN,TEAM_B_WIN,True,-230.149,230.149,False,TEAM_A
9372,2025-06-06 22:00:00+00:00,WCQ,2025,Bahamas,Costa Rica,TEAM_B_WIN,TEAM_B_WIN,True,-441.619,441.619,True,NONE
9373,2025-06-06 22:00:00+00:00,WCQ,2025,Aruba,Haiti,TEAM_B_WIN,TEAM_B_WIN,True,-205.791,205.791,False,TEAM_A
9374,2025-06-06 22:00:00+00:00,WCQ,2025,Belize,Panama,TEAM_B_WIN,TEAM_B_WIN,True,-278.923,278.923,False,TEAM_A
9375,2025-06-06 22:00:00+00:00,WCQ,2025,British Virgin Islands,Jamaica,TEAM_B_WIN,TEAM_B_WIN,True,-279.179,279.179,False,TEAM_A
9376,2025-06-06 22:00:00+00:00,WCQ,2025,Anguilla,El Salvador,TEAM_B_WIN,TEAM_B_WIN,True,-296.849,296.849,False,TEAM_A
9377,2025-06-08 22:00:00+00:00,WCQ,2025,Italy,Moldova,TEAM_A_WIN,TEAM_A_WIN,True,474.278,474.278,False,TEAM_A
9378,2025-06-08 22:00:00+00:00,WCQ,2025,Estonia,Norway,TEAM_B_WIN,TEAM_B_WIN,True,-231.756,231.756,False,TEAM_A
9379,2025-06-08 22:00:00+00:00,WCQ,2025,Kazakhstan,North Macedonia,TEAM_B_WIN,TEAM_B_WIN,True,-214.692,214.692,False,TEAM_A
9380,2025-06-08 22:00:00+00:00,WCQ,2025,Belgium,Wales,TEAM_A_WIN,TEAM_A_WIN,True,244.858,244.858,False,TEAM_A
9382,2025-06-08 22:00:00+00:00,WCQ,2025,Croatia,Czech Republic,TEAM_A_WIN,TEAM_A_WIN,True,219.112,219.112,False,TEAM_A
9386,2025-06-09 22:00:00+00:00,WCQ,2025,Argentina,Colombia,DRAW,TEAM_A_WIN,False,219.62,219.62,False,TEAM_A
9389,2025-06-09 22:00:00+00:00,WCQ,2025,Iran,North Korea,TEAM_A_WIN,TEAM_A_WIN,True,263.725,263.725,False,TEAM_A
9391,2025-06-09 22:00:00+00:00,WCQ,2025,South Korea,Kuwait,TEAM_A_WIN,TEAM_A_WIN,True,310.687,310.687,False,TEAM_A
9395,2025-06-09 22:00:00+00:00,WCQ,2025,Japan,Indonesia,TEAM_A_WIN,TEAM_A_WIN,True,363.194,363.194,False,TEAM_A
9397,2025-06-09 22:00:00+00:00,WCQ,2025,Netherlands,Malta,TEAM_A_WIN,TEAM_A_WIN,True,726.785,726.785,False,TEAM_A
9399,2025-06-09 22:00:00+00:00,WCQ,2025,San Marino,Austria,TEAM_B_WIN,TEAM_B_WIN,True,-537.01,537.01,False,TEAM_A
9400,2025-06-09 22:00:00+00:00,WCQ,2025,Romania,Cyprus,TEAM_A_WIN,TEAM_A_WIN,True,216.291,216.291,False,TEAM_A
9401,2025-06-09 22:00:00+00:00,WCQ,2025,Serbia,Andorra,TEAM_A_WIN,TEAM_A_WIN,True,496.867,496.867,False,TEAM_A
9406,2025-06-09 22:00:00+00:00,WCQ,2025,Costa Rica,Trinidad and Tobago,TEAM_A_WIN,TEAM_A_WIN,True,208.121,208.121,False,TEAM_A
9415,2025-09-02 22:00:00+00:00,WCQ,2025,Seychelles,Gabon,TEAM_B_WIN,TEAM_B_WIN,True,-338.852,338.852,True,NONE
9417,2025-09-03 22:00:00+00:00,WCQ,2025,Argentina,Venezuela,TEAM_A_WIN,TEAM_A_WIN,True,332.394,332.394,False,TEAM_A
9420,2025-09-03 22:00:00+00:00,WCQ,2025,Brazil,Chile,TEAM_A_WIN,TEAM_A_WIN,True,292.346,292.346,False,TEAM_A
9423,2025-09-03 22:00:00+00:00,WCQ,2025,Cameroon,Eswatini,TEAM_A_WIN,TEAM_A_WIN,True,319.023,319.023,False,TEAM_A
9424,2025-09-03 22:00:00+00:00,WCQ,2025,Mauritius,Cape Verde,TEAM_B_WIN,TEAM_B_WIN,True,-237.398,237.398,False,TEAM_A
9425,2025-09-03 22:00:00+00:00,WCQ,2025,Algeria,Botswana,TEAM_A_WIN,TEAM_A_WIN,True,208.83,208.83,False,TEAM_A
9427,2025-09-03 22:00:00+00:00,WCQ,2025,Tunisia,Liberia,TEAM_A_WIN,TEAM_A_WIN,True,312.563,312.563,False,TEAM_A
9428,2025-09-03 22:00:00+00:00,WCQ,2025,Chad,Ghana,DRAW,TEAM_B_WIN,False,-327.101,327.101,False,TEAM_A
9431,2025-09-03 22:00:00+00:00,WCQ,2025,Luxembourg,Northern Ireland,TEAM_B_WIN,TEAM_B_WIN,True,-260.556,260.556,False,TEAM_A
9432,2025-09-03 22:00:00+00:00,WCQ,2025,Slovakia,Germany,TEAM_A_WIN,TEAM_B_WIN,False,-348.148,348.148,False,TEAM_A
9433,2025-09-03 22:00:00+00:00,WCQ,2025,Georgia,Turkey,TEAM_B_WIN,TEAM_B_WIN,True,-229.164,229.164,False,TEAM_A
9434,2025-09-03 22:00:00+00:00,WCQ,2025,Bulgaria,Spain,TEAM_B_WIN,TEAM_B_WIN,True,-332.452,332.452,False,TEAM_A
9436,2025-09-03 22:00:00+00:00,WCQ,2025,Netherlands,Poland,DRAW,TEAM_A_WIN,False,260.021,260.021,False,TEAM_A
9437,2025-09-03 22:00:00+00:00,WCQ,2025,Kazakhstan,Wales,TEAM_B_WIN,TEAM_B_WIN,True,-281.494,281.494,False,TEAM_A
9438,2025-09-03 22:00:00+00:00,WCQ,2025,Liechtenstein,Belgium,TEAM_B_WIN,TEAM_B_WIN,True,-753.956,753.956,False,TEAM_A
9441,2025-09-04 22:00:00+00:00,WCQ,2025,Djibouti,Burkina Faso,TEAM_B_WIN,TEAM_B_WIN,True,-350.926,350.926,True,NONE
9442,2025-09-04 22:00:00+00:00,WCQ,2025,Egypt,Ethiopia,TEAM_A_WIN,TEAM_A_WIN,True,288.821,288.821,False,TEAM_A
9443,2025-09-04 22:00:00+00:00,WCQ,2025,South Sudan,DR Congo,TEAM_B_WIN,TEAM_B_WIN,True,-212.568,212.568,False,TEAM_A
9445,2025-09-04 22:00:00+00:00,WCQ,2025,Senegal,Sudan,TEAM_A_WIN,TEAM_A_WIN,True,253.753,253.753,False,TEAM_A
9449,2025-09-04 22:00:00+00:00,WCQ,2025,Morocco,Niger,TEAM_A_WIN,TEAM_A_WIN,True,343.716,343.716,False,TEAM_A
9451,2025-09-04 22:00:00+00:00,WCQ,2025,Ivory Coast,Burundi,TEAM_A_WIN,TEAM_A_WIN,True,242.086,242.086,False,TEAM_A
9456,2025-09-04 22:00:00+00:00,WCQ,2025,Switzerland,Kosovo,TEAM_A_WIN,TEAM_A_WIN,True,347.556,347.556,False,TEAM_A
9458,2025-09-04 22:00:00+00:00,WCQ,2025,Greece,Belarus,TEAM_A_WIN,TEAM_A_WIN,True,290.415,290.415,False,TEAM_A
9459,2025-09-04 22:00:00+00:00,WCQ,2025,Iceland,Azerbaijan,TEAM_A_WIN,TEAM_A_WIN,True,215.128,215.128,False,TEAM_A
9460,2025-09-04 22:00:00+00:00,WCQ,2025,Ukraine,France,TEAM_B_WIN,TEAM_B_WIN,True,-269.977,269.977,True,NONE
9461,2025-09-04 22:00:00+00:00,WCQ,2025,Italy,Estonia,TEAM_A_WIN,TEAM_A_WIN,True,311.941,311.941,False,TEAM_A
9462,2025-09-04 22:00:00+00:00,WCQ,2025,Moldova,Israel,TEAM_B_WIN,TEAM_B_WIN,True,-310.182,310.182,False,TEAM_A
9463,2025-09-04 22:00:00+00:00,WCQ,2025,Faroe Islands,Croatia,TEAM_B_WIN,TEAM_B_WIN,True,-583.101,583.101,False,TEAM_A
9468,2025-09-04 22:00:00+00:00,WCQ,2025,Nicaragua,Costa Rica,DRAW,TEAM_B_WIN,False,-300.123,300.123,False,TEAM_A
9469,2025-09-05 22:00:00+00:00,WCQ,2025,Nigeria,Rwanda,TEAM_A_WIN,TEAM_A_WIN,True,204.086,204.086,False,TEAM_A
9471,2025-09-05 22:00:00+00:00,WCQ,2025,Armenia,Portugal,TEAM_B_WIN,TEAM_B_WIN,True,-384.005,384.005,False,TEAM_A
9472,2025-09-05 22:00:00+00:00,WCQ,2025,Austria,Cyprus,TEAM_A_WIN,TEAM_A_WIN,True,248.898,248.898,False,TEAM_A
9473,2025-09-05 22:00:00+00:00,WCQ,2025,San Marino,Bosnia and Herzegovina,TEAM_B_WIN,TEAM_B_WIN,True,-591.818,591.818,False,TEAM_A
9474,2025-09-05 22:00:00+00:00,WCQ,2025,Latvia,Serbia,TEAM_B_WIN,TEAM_B_WIN,True,-264.373,264.373,False,TEAM_A
9475,2025-09-05 22:00:00+00:00,WCQ,2025,England,Andorra,TEAM_A_WIN,TEAM_A_WIN,True,660.047,660.047,False,TEAM_A
9477,2025-09-06 22:00:00+00:00,WCQ,2025,Germany,Northern Ireland,TEAM_A_WIN,TEAM_A_WIN,True,362.938,362.938,False,TEAM_A
9478,2025-09-06 22:00:00+00:00,WCQ,2025,Luxembourg,Slovakia,TEAM_B_WIN,TEAM_B_WIN,True,-361.504,361.504,False,TEAM_A
9480,2025-09-06 22:00:00+00:00,WCQ,2025,Turkey,Spain,TEAM_B_WIN,TEAM_B_WIN,True,-206.168,206.168,False,TEAM_A
9481,2025-09-06 22:00:00+00:00,WCQ,2025,Lithuania,Netherlands,TEAM_B_WIN,TEAM_B_WIN,True,-549.307,549.307,False,TEAM_A
9483,2025-09-06 22:00:00+00:00,WCQ,2025,North Macedonia,Liechtenstein,TEAM_A_WIN,TEAM_A_WIN,True,452.938,452.938,False,TEAM_A
9484,2025-09-06 22:00:00+00:00,WCQ,2025,Belgium,Kazakhstan,TEAM_A_WIN,TEAM_A_WIN,True,547.77,547.77,False,TEAM_A
9487,2025-09-07 22:00:00+00:00,WCQ,2025,Zambia,Morocco,TEAM_B_WIN,TEAM_B_WIN,True,-286.807,286.807,False,TEAM_A
9490,2025-09-07 22:00:00+00:00,WCQ,2025,Uganda,Somalia,TEAM_A_WIN,TEAM_A_WIN,True,220.66,220.66,False,TEAM_A
9491,2025-09-07 22:00:00+00:00,WCQ,2025,Equatorial Guinea,Tunisia,TEAM_B_WIN,TEAM_B_WIN,True,-257.487,257.487,False,TEAM_A
9495,2025-09-07 22:00:00+00:00,WCQ,2025,Kosovo,Sweden,TEAM_A_WIN,TEAM_B_WIN,False,-319.512,319.512,False,TEAM_A
9496,2025-09-07 22:00:00+00:00,WCQ,2025,Switzerland,Slovenia,TEAM_A_WIN,TEAM_A_WIN,True,217.788,217.788,False,TEAM_A
9497,2025-09-07 22:00:00+00:00,WCQ,2025,Belarus,Scotland,TEAM_B_WIN,TEAM_B_WIN,True,-272.761,272.761,True,NONE
9500,2025-09-07 22:00:00+00:00,WCQ,2025,Croatia,Montenegro,TEAM_A_WIN,TEAM_A_WIN,True,343.962,343.962,False,TEAM_A
9506,2025-09-08 22:00:00+00:00,WCQ,2025,Bolivia,Brazil,TEAM_A_WIN,TEAM_B_WIN,False,-292.294,292.294,False,TEAM_A
9508,2025-09-08 22:00:00+00:00,WCQ,2025,Chile,Uruguay,DRAW,TEAM_B_WIN,False,-210.988,210.988,False,TEAM_A
9524,2025-09-08 22:00:00+00:00,WCQ,2025,Azerbaijan,Ukraine,DRAW,TEAM_B_WIN,False,-409.008,409.008,False,TEAM_A
9525,2025-09-08 22:00:00+00:00,WCQ,2025,France,Iceland,TEAM_A_WIN,TEAM_A_WIN,True,463.533,463.533,False,TEAM_A
9527,2025-09-08 22:00:00+00:00,WCQ,2025,Hungary,Portugal,TEAM_B_WIN,TEAM_B_WIN,True,-259.966,259.966,False,TEAM_A
9529,2025-09-08 22:00:00+00:00,WCQ,2025,Cyprus,Romania,DRAW,TEAM_B_WIN,False,-236.568,236.568,False,TEAM_A
9530,2025-09-08 22:00:00+00:00,WCQ,2025,Norway,Moldova,TEAM_A_WIN,TEAM_A_WIN,True,425.929,425.929,False,TEAM_A
9535,2025-09-08 22:00:00+00:00,WCQ,2025,Costa Rica,Haiti,DRAW,TEAM_A_WIN,False,248.724,248.724,False,TEAM_A
9541,2025-10-07 22:00:00+00:00,WCQ,2025,Djibouti,Egypt,TEAM_B_WIN,TEAM_B_WIN,True,-452.368,452.368,True,NONE
9544,2025-10-07 22:00:00+00:00,WCQ,2025,Mauritius,Cameroon,TEAM_B_WIN,TEAM_B_WIN,True,-365.206,365.206,False,TEAM_A
9548,2025-10-07 22:00:00+00:00,WCQ,2025,Central African Republic,Ghana,TEAM_B_WIN,TEAM_B_WIN,True,-323.396,323.396,True,NONE
9549,2025-10-07 22:00:00+00:00,WCQ,2025,Chad,Mali,TEAM_B_WIN,TEAM_B_WIN,True,-218.028,218.028,False,TEAM_A
9551,2025-10-08 22:00:00+00:00,WCQ,2025,Algeria,Somalia,TEAM_A_WIN,TEAM_A_WIN,True,336.498,336.498,False,TEAM_A
9556,2025-10-08 22:00:00+00:00,WCQ,2025,Belarus,Denmark,TEAM_B_WIN,TEAM_B_WIN,True,-365.453,365.453,True,NONE
9557,2025-10-08 22:00:00+00:00,WCQ,2025,Malta,Netherlands,TEAM_B_WIN,TEAM_B_WIN,True,-704.154,704.154,False,TEAM_A
9558,2025-10-08 22:00:00+00:00,WCQ,2025,Finland,Lithuania,TEAM_A_WIN,TEAM_A_WIN,True,221.021,221.021,False,TEAM_A
9559,2025-10-08 22:00:00+00:00,WCQ,2025,Austria,San Marino,TEAM_A_WIN,TEAM_A_WIN,True,574.728,574.728,False,TEAM_A
9560,2025-10-08 22:00:00+00:00,WCQ,2025,Cyprus,Bosnia and Herzegovina,DRAW,TEAM_B_WIN,False,-271.705,271.705,False,TEAM_A
9561,2025-10-08 22:00:00+00:00,WCQ,2025,Faroe Islands,Montenegro,TEAM_A_WIN,TEAM_B_WIN,False,-216.192,216.192,False,TEAM_A
9562,2025-10-08 22:00:00+00:00,WCQ,2025,Czech Republic,Croatia,DRAW,TEAM_B_WIN,False,-221.032,221.032,False,TEAM_A
9567,2025-10-09 22:00:00+00:00,WCQ,2025,South Sudan,Senegal,TEAM_B_WIN,TEAM_B_WIN,True,-330.85,330.85,False,TEAM_A
9571,2025-10-09 22:00:00+00:00,WCQ,2025,South Africa,Zimbabwe,DRAW,TEAM_A_WIN,False,206.577,206.577,False,TEAM_A
9573,2025-10-09 22:00:00+00:00,WCQ,2025,Seychelles,Ivory Coast,TEAM_B_WIN,TEAM_B_WIN,True,-473.177,473.177,True,NONE
9574,2025-10-09 22:00:00+00:00,WCQ,2025,Tunisia,São Tomé and Príncipe,TEAM_A_WIN,TEAM_A_WIN,True,456.031,456.031,False,TEAM_A
9576,2025-10-09 22:00:00+00:00,WCQ,2025,Germany,Luxembourg,TEAM_A_WIN,TEAM_A_WIN,True,650.946,650.946,False,TEAM_A
9580,2025-10-09 22:00:00+00:00,WCQ,2025,France,Azerbaijan,TEAM_A_WIN,TEAM_A_WIN,True,679.418,679.418,False,TEAM_A
9581,2025-10-09 22:00:00+00:00,WCQ,2025,Kazakhstan,Liechtenstein,TEAM_A_WIN,TEAM_A_WIN,True,208.408,208.408,False,TEAM_A
9582,2025-10-09 22:00:00+00:00,WCQ,2025,Belgium,North Macedonia,DRAW,TEAM_A_WIN,False,301.531,301.531,False,TEAM_A
9589,2025-10-10 22:00:00+00:00,WCQ,2025,Spain,Georgia,TEAM_A_WIN,TEAM_A_WIN,True,444.467,444.467,False,TEAM_A
9592,2025-10-10 22:00:00+00:00,WCQ,2025,Portugal,Republic of Ireland,TEAM_A_WIN,TEAM_A_WIN,True,253.911,253.911,False,TEAM_A
9594,2025-10-10 22:00:00+00:00,WCQ,2025,Estonia,Italy,TEAM_B_WIN,TEAM_B_WIN,True,-331.958,331.958,False,TEAM_A
9595,2025-10-10 22:00:00+00:00,WCQ,2025,Latvia,Andorra,DRAW,TEAM_A_WIN,False,214.586,214.586,False,TEAM_A
9597,2025-10-11 22:00:00+00:00,WCQ,2025,Burkina Faso,Ethiopia,TEAM_A_WIN,TEAM_A_WIN,True,222.175,222.175,False,TEAM_A
9598,2025-10-11 22:00:00+00:00,WCQ,2025,Djibouti,Sierra Leone,TEAM_B_WIN,TEAM_B_WIN,True,-224.653,224.653,True,NONE
9599,2025-10-11 22:00:00+00:00,WCQ,2025,Egypt,Guinea-Bissau,TEAM_A_WIN,TEAM_A_WIN,True,294.94,294.94,False,TEAM_A
9602,2025-10-11 22:00:00+00:00,WCQ,2025,Ghana,Comoros,TEAM_A_WIN,TEAM_A_WIN,True,240.124,240.124,False,TEAM_A
9604,2025-10-11 22:00:00+00:00,WCQ,2025,Scotland,Belarus,TEAM_A_WIN,TEAM_A_WIN,True,308.024,308.024,False,TEAM_A
9606,2025-10-11 22:00:00+00:00,WCQ,2025,Netherlands,Finland,TEAM_A_WIN,TEAM_A_WIN,True,326.521,326.521,False,TEAM_A
9607,2025-10-11 22:00:00+00:00,WCQ,2025,Lithuania,Poland,TEAM_B_WIN,TEAM_B_WIN,True,-339.4,339.4,False,TEAM_A
9608,2025-10-11 22:00:00+00:00,WCQ,2025,San Marino,Cyprus,TEAM_B_WIN,TEAM_B_WIN,True,-310.457,310.457,False,TEAM_A
9610,2025-10-11 22:00:00+00:00,WCQ,2025,Faroe Islands,Czech Republic,TEAM_A_WIN,TEAM_B_WIN,False,-326.85,326.85,False,TEAM_A
9611,2025-10-11 22:00:00+00:00,WCQ,2025,Croatia,Gibraltar,TEAM_A_WIN,TEAM_A_WIN,True,606.007,606.007,False,TEAM_A
9614,2025-10-12 22:00:00+00:00,WCQ,2025,Cape Verde,Eswatini,TEAM_A_WIN,TEAM_A_WIN,True,232.409,232.409,False,TEAM_A
9616,2025-10-12 22:00:00+00:00,WCQ,2025,Mauritius,Libya,DRAW,TEAM_B_WIN,False,-252.1,252.1,False,TEAM_A
9619,2025-10-12 22:00:00+00:00,WCQ,2025,Tunisia,Namibia,TEAM_A_WIN,TEAM_A_WIN,True,274.651,274.651,False,TEAM_A
9620,2025-10-12 22:00:00+00:00,WCQ,2025,Northern Ireland,Germany,TEAM_B_WIN,TEAM_B_WIN,True,-348.039,348.039,False,TEAM_A
9621,2025-10-12 22:00:00+00:00,WCQ,2025,Slovakia,Luxembourg,TEAM_A_WIN,TEAM_A_WIN,True,351.225,351.225,False,TEAM_A
9622,2025-10-12 22:00:00+00:00,WCQ,2025,Slovenia,Switzerland,DRAW,TEAM_B_WIN,False,-253.123,253.123,False,TEAM_A
9623,2025-10-12 22:00:00+00:00,WCQ,2025,Sweden,Kosovo,TEAM_B_WIN,TEAM_A_WIN,False,232.272,232.272,False,TEAM_A
9624,2025-10-12 22:00:00+00:00,WCQ,2025,Iceland,France,DRAW,TEAM_B_WIN,False,-481.637,481.637,False,TEAM_A
9625,2025-10-12 22:00:00+00:00,WCQ,2025,Ukraine,Azerbaijan,TEAM_A_WIN,TEAM_A_WIN,True,392.147,392.147,True,NONE
9626,2025-10-12 22:00:00+00:00,WCQ,2025,Wales,Belgium,TEAM_B_WIN,TEAM_B_WIN,True,-235.488,235.488,False,TEAM_A
9627,2025-10-12 22:00:00+00:00,WCQ,2025,North Macedonia,Kazakhstan,DRAW,TEAM_A_WIN,False,256.679,256.679,False,TEAM_A
9629,2025-10-12 22:00:00+00:00,WCQ,2025,Costa Rica,Nicaragua,TEAM_A_WIN,TEAM_A_WIN,True,287.633,287.633,False,TEAM_A
9632,2025-10-13 22:00:00+00:00,WCQ,2025,Senegal,Mauritania,TEAM_A_WIN,TEAM_A_WIN,True,360.973,360.973,False,TEAM_A
9633,2025-10-13 22:00:00+00:00,WCQ,2025,DR Congo,Sudan,TEAM_A_WIN,TEAM_A_WIN,True,203.049,203.049,False,TEAM_A
9636,2025-10-13 22:00:00+00:00,WCQ,2025,Morocco,Congo,TEAM_A_WIN,TEAM_A_WIN,True,379.461,379.461,False,TEAM_A
9637,2025-10-13 22:00:00+00:00,WCQ,2025,Seychelles,Gambia,TEAM_B_WIN,TEAM_B_WIN,True,-205.933,205.933,True,NONE
9638,2025-10-13 22:00:00+00:00,WCQ,2025,Ivory Coast,Kenya,TEAM_A_WIN,TEAM_A_WIN,True,244.903,244.903,False,TEAM_A
9643,2025-10-13 22:00:00+00:00,WCQ,2025,Spain,Bulgaria,TEAM_A_WIN,TEAM_A_WIN,True,397.158,397.158,False,TEAM_A
9644,2025-10-13 22:00:00+00:00,WCQ,2025,Turkey,Georgia,TEAM_A_WIN,TEAM_A_WIN,True,231.68,231.68,False,TEAM_A
9645,2025-10-13 22:00:00+00:00,WCQ,2025,Portugal,Hungary,DRAW,TEAM_A_WIN,False,272.328,272.328,False,TEAM_A
9648,2025-10-13 22:00:00+00:00,WCQ,2025,Italy,Israel,TEAM_A_WIN,TEAM_A_WIN,True,205.024,205.024,False,TEAM_A
9649,2025-10-13 22:00:00+00:00,WCQ,2025,Andorra,Serbia,TEAM_B_WIN,TEAM_B_WIN,True,-451.277,451.277,False,TEAM_A
9650,2025-10-13 22:00:00+00:00,WCQ,2025,Latvia,England,TEAM_B_WIN,TEAM_B_WIN,True,-473.937,473.937,False,TEAM_A
9658,2025-11-12 23:00:00+00:00,WCQ,2025,France,Ukraine,TEAM_A_WIN,TEAM_A_WIN,True,267.743,267.743,False,TEAM_A
9659,2025-11-12 23:00:00+00:00,WCQ,2025,Azerbaijan,Iceland,TEAM_B_WIN,TEAM_B_WIN,True,-219.676,219.676,False,TEAM_A
9660,2025-11-12 23:00:00+00:00,WCQ,2025,Republic of Ireland,Portugal,TEAM_A_WIN,TEAM_B_WIN,False,-240.629,240.629,False,TEAM_A
9662,2025-11-12 23:00:00+00:00,WCQ,2025,Norway,Estonia,TEAM_A_WIN,TEAM_A_WIN,True,288.165,288.165,False,TEAM_A
9663,2025-11-12 23:00:00+00:00,WCQ,2025,Moldova,Italy,TEAM_B_WIN,TEAM_B_WIN,True,-506.417,506.417,False,TEAM_A
9664,2025-11-12 23:00:00+00:00,WCQ,2025,England,Serbia,TEAM_A_WIN,TEAM_A_WIN,True,211.161,211.161,False,TEAM_A
9665,2025-11-12 23:00:00+00:00,WCQ,2025,Andorra,Albania,TEAM_B_WIN,TEAM_B_WIN,True,-342.531,342.531,False,TEAM_A
9670,2025-11-12 23:00:00+00:00,WCQ,2025,Haiti,Costa Rica,TEAM_A_WIN,TEAM_B_WIN,False,-214.642,214.642,True,NONE
9672,2025-11-13 23:00:00+00:00,WCQ,2025,Luxembourg,Germany,TEAM_B_WIN,TEAM_B_WIN,True,-662.046,662.046,False,TEAM_A
9674,2025-11-13 23:00:00+00:00,WCQ,2025,Finland,Malta,TEAM_B_WIN,TEAM_A_WIN,False,375.334,375.334,False,TEAM_A
9675,2025-11-13 23:00:00+00:00,WCQ,2025,Poland,Netherlands,DRAW,TEAM_B_WIN,False,-219.782,219.782,False,TEAM_A
9676,2025-11-13 23:00:00+00:00,WCQ,2025,Croatia,Faroe Islands,TEAM_A_WIN,TEAM_A_WIN,True,497.291,497.291,False,TEAM_A
9677,2025-11-13 23:00:00+00:00,WCQ,2025,Gibraltar,Montenegro,TEAM_B_WIN,TEAM_B_WIN,True,-235.658,235.658,False,TEAM_A
9680,2025-11-14 23:00:00+00:00,WCQ,2025,Denmark,Belarus,DRAW,TEAM_A_WIN,False,390.512,390.512,False,TEAM_A
9683,2025-11-14 23:00:00+00:00,WCQ,2025,Georgia,Spain,TEAM_B_WIN,TEAM_B_WIN,True,-458.29,458.29,False,TEAM_A
9684,2025-11-14 23:00:00+00:00,WCQ,2025,Cyprus,Austria,TEAM_B_WIN,TEAM_B_WIN,True,-238.487,238.487,False,TEAM_A
9686,2025-11-14 23:00:00+00:00,WCQ,2025,Liechtenstein,Wales,TEAM_B_WIN,TEAM_B_WIN,True,-504.981,504.981,False,TEAM_A
9687,2025-11-14 23:00:00+00:00,WCQ,2025,Kazakhstan,Belgium,DRAW,TEAM_B_WIN,False,-523.629,523.629,False,TEAM_A
9690,2025-11-15 23:00:00+00:00,WCQ,2025,Azerbaijan,France,TEAM_B_WIN,TEAM_B_WIN,True,-683.944,683.944,False,TEAM_A
9691,2025-11-15 23:00:00+00:00,WCQ,2025,Portugal,Armenia,TEAM_A_WIN,TEAM_A_WIN,True,374.824,374.824,False,TEAM_A
9693,2025-11-15 23:00:00+00:00,WCQ,2025,Moldova,Israel,TEAM_B_WIN,TEAM_B_WIN,True,-289.109,289.109,False,TEAM_A
9695,2025-11-15 23:00:00+00:00,WCQ,2025,Albania,England,TEAM_B_WIN,TEAM_B_WIN,True,-328.145,328.145,False,TEAM_A
9696,2025-11-15 23:00:00+00:00,WCQ,2025,Serbia,Latvia,TEAM_A_WIN,TEAM_A_WIN,True,261.911,261.911,False,TEAM_A
9697,2025-11-16 23:00:00+00:00,WCQ,2025,Northern Ireland,Luxembourg,TEAM_A_WIN,TEAM_A_WIN,True,288.911,288.911,False,TEAM_A
9698,2025-11-16 23:00:00+00:00,WCQ,2025,Germany,Slovakia,TEAM_A_WIN,TEAM_A_WIN,True,290.695,290.695,False,TEAM_A
9699,2025-11-16 23:00:00+00:00,WCQ,2025,Malta,Poland,TEAM_B_WIN,TEAM_B_WIN,True,-462.535,462.535,False,TEAM_A
9700,2025-11-16 23:00:00+00:00,WCQ,2025,Netherlands,Lithuania,TEAM_A_WIN,TEAM_A_WIN,True,562.836,562.836,False,TEAM_A
9701,2025-11-16 23:00:00+00:00,WCQ,2025,Czech Republic,Gibraltar,TEAM_A_WIN,TEAM_A_WIN,True,381.093,381.093,False,TEAM_A
9702,2025-11-16 23:00:00+00:00,WCQ,2025,Montenegro,Croatia,TEAM_B_WIN,TEAM_B_WIN,True,-363.559,363.559,False,TEAM_A
9704,2025-11-17 23:00:00+00:00,WCQ,2025,Kosovo,Switzerland,DRAW,TEAM_B_WIN,False,-284.526,284.526,False,TEAM_A
9707,2025-11-17 23:00:00+00:00,WCQ,2025,Belarus,Greece,DRAW,TEAM_B_WIN,False,-269.331,269.331,True,NONE
9708,2025-11-17 23:00:00+00:00,WCQ,2025,Spain,Turkey,DRAW,TEAM_A_WIN,False,208.839,208.839,False,TEAM_A
9711,2025-11-17 23:00:00+00:00,WCQ,2025,Romania,San Marino,TEAM_A_WIN,TEAM_A_WIN,True,528.18,528.18,False,TEAM_A
9713,2025-11-17 23:00:00+00:00,WCQ,2025,Belgium,Liechtenstein,TEAM_A_WIN,TEAM_A_WIN,True,746.11,746.11,False,TEAM_A
