match_id,competition_name,season_name,match_date,team_a_name,team_b_name,team_a_score,team_b_score,target_over_1_5,target_over_2_5,target_btts,team_a_shots,team_b_shots,team_a_shots_on_target,team_b_shots_on_target,team_a_xg,team_b_xg,event_count,shot_event_count
3939991,Copa America,2024,2024-07-03,Brazil,Colombia,1,1,True,False,True,7,13,3,6,0.3058,1.503,3213,20
3939987,Copa America,2024,2024-07-01,Jamaica,Venezuela,0,3,True,True,False,8,17,1,3,0.6676,1.7144,2866,25
3939982,Copa America,2024,2024-06-28,Uruguay,Bolivia,5,0,True,True,False,18,4,9,1,2.321,0.0508,3293,22
3939970,Copa America,2024,2024-06-22,Peru,Chile,0,0,False,False,False,7,11,4,1,0.6773,1.0248,3212,18
3939980,Copa America,2024,2024-06-26,Ecuador,Jamaica,3,1,True,True,True,23,7,3,4,2.3658,0.9347,2534,30
3939977,Copa America,2024,2024-06-26,Chile,Argentina,0,1,False,False,False,3,22,3,9,0.131,2.7841,3653,25
3939975,Copa America,2024,2024-06-24,Colombia,Paraguay,2,1,True,True,True,11,11,3,3,0.6219,0.8276,2994,22
3939974,Copa America,2024,2024-06-23,United States,Bolivia,2,0,True,False,False,20,6,8,3,2.4047,0.1497,3398,26
3939986,Copa America,2024,2024-06-30,Argentina,Peru,2,0,True,False,False,12,7,6,1,2.1058,0.1666,3175,19
3939971,Copa America,2024,2024-06-23,Mexico,Jamaica,1,0,False,False,False,20,13,9,4,1.1361,0.5062,3308,33
3939979,Copa America,2024,2024-06-27,Venezuela,Mexico,1,0,False,False,False,10,18,2,5,1.1386,2.3843,3264,28
3939988,Copa America,2024,2024-07-01,Mexico,Ecuador,0,0,False,False,False,20,9,4,3,0.9376,0.3058,2938,29
3939990,Copa America,2024,2024-07-02,United States,Uruguay,0,1,False,False,False,8,12,2,5,0.471,1.2715,2583,20
3939983,Copa America,2024,2024-06-29,Paraguay,Brazil,1,4,True,True,True,15,17,6,6,0.6917,3.7477,3436,32
3939972,Copa America,2024,2024-06-22,Ecuador,Venezuela,1,2,True,True,True,9,14,4,5,0.7356,1.585,3038,23
3939978,Copa America,2024,2024-06-25,Peru,Canada,0,1,False,False,False,9,5,4,2,0.5764,0.909,2944,14
3939976,Copa America,2024,2024-06-25,Brazil,Costa Rica,0,0,False,False,False,20,2,3,0,1.6212,0.0367,3697,22
3939992,Copa America,2024,2024-07-03,Costa Rica,Paraguay,2,1,True,True,True,2,17,2,6,0.2721,1.4401,3067,19
3942416,Copa America,2024,2024-07-06,Colombia,Panama,5,0,True,True,False,7,14,5,2,2.1804,0.61,2905,21
3943077,Copa America,2024,2024-07-15,Argentina,Colombia,1,0,False,False,False,11,19,5,4,1.0827,0.9723,4146,30
3943076,Copa America,2024,2024-07-14,Canada,Uruguay,2,2,True,True,True,19,16,9,9,6.2053,4.6504,2862,35
3942852,Copa America,2024,2024-07-11,Uruguay,Colombia,0,1,False,False,False,11,11,2,4,0.7546,1.172,2794,22
3942785,Copa America,2024,2024-07-10,Argentina,Canada,2,0,True,False,False,11,9,3,2,1.7542,0.7176,3460,20
3942415,Copa America,2024,2024-07-07,Uruguay,Brazil,0,0,False,False,False,17,11,6,6,4.5473,3.8099,2791,28
3939973,Copa America,2024,2024-06-24,Uruguay,Panama,3,1,True,True,True,20,10,7,3,1.3614,0.5409,2995,30
3942229,Copa America,2024,2024-07-06,Venezuela,Canada,1,1,True,False,True,21,22,8,10,5.6231,6.0521,3130,43
3942228,Copa America,2024,2024-07-05,Argentina,Ecuador,1,1,True,False,True,13,13,6,6,4.7761,4.5225,2861,26
3939985,Copa America,2024,2024-06-30,Canada,Chile,0,0,False,False,False,9,8,3,4,0.6995,0.454,2903,17
3939984,Copa America,2024,2024-06-28,Colombia,Costa Rica,3,0,True,True,False,18,5,5,0,2.9023,0.1653,3229,23
3939981,Copa America,2024,2024-06-27,Panama,United States,2,1,True,True,True,13,6,4,3,0.7308,0.9143,2779,19
3939989,Copa America,2024,2024-07-02,Bolivia,Panama,1,3,True,True,True,7,13,3,6,0.7934,1.3406,3237,20
3939969,Copa America,2024,2024-06-21,Argentina,Canada,2,0,True,False,False,19,10,8,2,3.5383,0.9773,3619,29
3857276,FIFA World Cup,2022,2022-12-01,Canada,Morocco,1,2,True,True,True,5,7,0,2,1.0956,0.4264,3388,12
3857271,FIFA World Cup,2022,2022-11-21,England,Iran,6,2,True,True,True,13,8,7,3,1.9872,1.4557,3649,21
3857296,FIFA World Cup,2022,2022-12-01,Croatia,Belgium,0,0,False,False,False,11,16,4,3,0.695,2.3818,4116,27
3857274,FIFA World Cup,2022,2022-11-25,Netherlands,Ecuador,1,1,True,False,True,2,15,1,4,0.1045,1.6511,3563,17
3857255,FIFA World Cup,2022,2022-12-01,Japan,Spain,2,1,True,True,True,6,12,3,5,1.1578,0.8577,4450,18
3857272,FIFA World Cup,2022,2022-11-25,England,United States,0,0,False,False,False,8,10,3,1,0.4606,0.5143,3519,18
3857278,FIFA World Cup,2022,2022-11-29,Iran,United States,0,1,False,False,False,4,12,1,5,0.9208,1.1697,3596,16
3857277,FIFA World Cup,2022,2022-11-23,Morocco,Croatia,0,0,False,False,False,8,5,2,1,0.3626,0.8499,3719,13
3857273,FIFA World Cup,2022,2022-11-25,Wales,Iran,0,2,True,False,False,10,21,4,6,0.6156,1.454,3133,31
3857275,FIFA World Cup,2022,2022-11-30,Tunisia,France,1,0,False,False,False,5,10,3,3,0.2983,0.477,3564,15
3857261,FIFA World Cup,2022,2022-11-29,Wales,England,0,3,True,True,False,7,18,1,7,0.208,2.9155,3315,25
3857290,FIFA World Cup,2022,2022-11-24,Switzerland,Cameroon,1,0,False,False,False,7,8,3,5,1.4265,0.6131,3601,15
3857298,FIFA World Cup,2022,2022-11-24,Portugal,Ghana,3,2,True,True,True,11,9,5,3,2.0969,0.78,3738,20
3857285,FIFA World Cup,2022,2022-11-21,Senegal,Netherlands,0,2,True,False,False,15,10,4,3,0.6915,1.1239,3133,25
3857282,FIFA World Cup,2022,2022-11-21,United States,Wales,1,1,True,False,True,6,7,1,3,0.6025,1.3953,3687,13
3857297,FIFA World Cup,2022,2022-11-26,Poland,Saudi Arabia,2,0,True,False,False,9,17,3,5,1.7342,1.972,3202,26
3857294,FIFA World Cup,2022,2022-11-29,Netherlands,Qatar,2,0,True,False,False,13,5,4,3,1.714,0.1437,4311,18
3857266,FIFA World Cup,2022,2022-11-26,France,Denmark,2,1,True,True,True,21,10,6,2,1.9336,0.8885,3853,31
3857284,FIFA World Cup,2022,2022-11-23,Germany,Japan,1,2,True,True,True,26,12,9,4,2.768,1.2493,3717,38
3857254,FIFA World Cup,2022,2022-11-22,Denmark,Tunisia,0,0,False,False,False,11,13,5,1,1.5666,1.0599,3680,24
3857265,FIFA World Cup,2022,2022-11-22,Mexico,Poland,0,0,False,False,False,11,6,4,2,0.5291,1.1379,3184,17
3857301,FIFA World Cup,2022,2022-11-25,Qatar,Senegal,1,3,True,True,True,10,12,3,4,0.9601,0.903,3546,22
3857268,FIFA World Cup,2022,2022-11-23,Belgium,Canada,1,0,False,False,False,9,22,3,3,0.67,2.5462,3499,31
3857269,FIFA World Cup,2022,2022-11-28,Brazil,Switzerland,1,0,False,False,False,13,6,5,0,0.9227,0.2886,3786,19
3869321,FIFA World Cup,2022,2022-12-09,Netherlands,Argentina,2,2,True,True,True,12,19,7,9,4.487,5.8567,4708,31
3857292,FIFA World Cup,2022,2022-12-01,Costa Rica,Germany,2,4,True,True,True,7,31,5,11,1.0347,4.3161,3869,38
3857295,FIFA World Cup,2022,2022-11-27,Japan,Costa Rica,0,1,False,False,False,13,4,3,1,0.7735,0.1994,3825,17
3869685,FIFA World Cup,2022,2022-12-18,Argentina,France,3,3,True,True,True,24,14,14,8,5.8923,5.4066,4407,38
3869684,FIFA World Cup,2022,2022-12-17,Croatia,Morocco,2,1,True,True,True,12,9,4,2,0.8493,0.9915,3560,21
3857256,FIFA World Cup,2022,2022-12-02,Serbia,Switzerland,2,3,True,True,True,12,14,4,7,1.189,3.1035,3210,26
3869151,FIFA World Cup,2022,2022-12-03,Argentina,Australia,2,1,True,True,True,14,5,5,1,1.4816,0.4261,4150,19
3857257,FIFA World Cup,2022,2022-11-30,Australia,Denmark,1,0,False,False,False,8,14,4,4,0.4697,0.7372,3594,22
3857258,FIFA World Cup,2022,2022-11-24,Brazil,Serbia,2,0,True,False,False,23,5,9,0,2.1239,0.1633,3656,28
3857288,FIFA World Cup,2022,2022-11-26,Tunisia,Australia,0,1,False,False,False,14,9,4,2,1.0522,0.359,3359,23
3857267,FIFA World Cup,2022,2022-11-29,Ecuador,Senegal,1,2,True,True,True,9,13,4,3,1.0017,1.7075,2827,22
3857287,FIFA World Cup,2022,2022-11-24,Uruguay,South Korea,0,0,False,False,False,10,7,1,0,0.4173,0.493,3462,17
3869486,FIFA World Cup,2022,2022-12-10,Morocco,Portugal,1,0,False,False,False,9,12,3,3,0.972,0.7441,3381,21
3857260,FIFA World Cup,2022,2022-11-30,Saudi Arabia,Mexico,1,2,True,True,True,10,26,2,10,1.0761,2.3221,2912,36
3857264,FIFA World Cup,2022,2022-11-30,Poland,Argentina,0,2,True,False,False,4,24,0,13,0.1976,3.0767,4052,28
3857289,FIFA World Cup,2022,2022-11-26,Argentina,Mexico,2,0,True,False,False,5,4,2,1,0.3252,0.2064,3375,9
3869254,FIFA World Cup,2022,2022-12-06,Portugal,Switzerland,6,1,True,True,True,15,10,9,3,2.2843,1.2718,3422,25
3869118,FIFA World Cup,2022,2022-12-04,England,Senegal,3,0,True,True,False,8,10,4,1,1.02,0.9728,3505,18
3869519,FIFA World Cup,2022,2022-12-13,Argentina,Croatia,3,0,True,True,False,9,12,7,2,1.8644,0.4101,3806,21
3869354,FIFA World Cup,2022,2022-12-10,England,France,1,2,True,True,True,16,8,7,5,2.3526,0.8394,3239,24
3869552,FIFA World Cup,2022,2022-12-14,France,Morocco,2,0,True,False,False,14,13,2,2,2.0024,1.2304,3551,27
3869420,FIFA World Cup,2022,2022-12-09,Croatia,Brazil,1,1,True,False,True,13,24,5,14,3.7669,4.9503,5145,37
3869220,FIFA World Cup,2022,2022-12-06,Morocco,Spain,0,0,False,False,False,10,15,7,3,3.7044,2.8455,4750,25
3869219,FIFA World Cup,2022,2022-12-05,Japan,Croatia,1,1,True,False,True,17,21,8,7,4.203,3.9884,4559,38
3869253,FIFA World Cup,2022,2022-12-05,Brazil,South Korea,4,1,True,True,True,18,8,10,6,3.2614,0.3448,4046,26
3869152,FIFA World Cup,2022,2022-12-04,France,Poland,3,1,True,True,True,16,12,8,2,1.1264,1.5935,3618,28
3869117,FIFA World Cup,2022,2022-12-03,Netherlands,United States,3,1,True,True,True,11,18,6,6,1.4819,1.6521,3582,29
3857270,FIFA World Cup,2022,2022-11-28,Portugal,Uruguay,2,0,True,False,False,15,11,3,3,1.2137,1.2167,3441,26
3857263,FIFA World Cup,2022,2022-11-27,Spain,Germany,1,1,True,False,True,7,11,3,4,0.6395,1.147,3603,18
3857259,FIFA World Cup,2022,2022-11-28,Cameroon,Serbia,3,3,True,True,True,13,15,8,5,2.0703,1.7381,3270,28
3857283,FIFA World Cup,2022,2022-11-27,Belgium,Morocco,0,2,True,False,False,10,10,4,4,0.6426,0.9911,3620,20
3857286,FIFA World Cup,2022,2022-11-20,Qatar,Ecuador,0,2,True,False,False,5,6,0,3,0.3042,1.154,3299,11
3857300,FIFA World Cup,2022,2022-11-22,Argentina,Saudi Arabia,1,2,True,True,True,15,3,6,2,2.4916,0.1535,3329,18
3857299,FIFA World Cup,2022,2022-11-28,South Korea,Ghana,2,3,True,True,True,21,7,6,3,1.3678,1.1805,3346,28
3857293,FIFA World Cup,2022,2022-12-02,Ghana,Uruguay,0,2,True,False,False,9,12,4,6,1.3927,1.6366,3495,21
3857291,FIFA World Cup,2022,2022-11-23,Spain,Costa Rica,7,0,True,True,False,17,0,8,0,2.7619,0.0,4351,17
3857281,FIFA World Cup,2022,2022-11-27,Croatia,Canada,4,1,True,True,True,13,8,10,2,2.6102,0.2868,3724,21
3857280,FIFA World Cup,2022,2022-12-02,Cameroon,Brazil,1,0,False,False,False,7,21,3,8,0.3834,2.3782,3299,28
3857279,FIFA World Cup,2022,2022-11-22,France,Australia,4,1,True,True,True,23,4,6,1,3.1705,0.3233,3963,27
3857262,FIFA World Cup,2022,2022-12-02,South Korea,Portugal,2,1,True,True,True,12,13,6,6,1.399,0.9737,3378,25
8650,FIFA World Cup,2018,2018-07-06,Brazil,Belgium,1,2,True,True,True,25,8,9,3,2.6092,0.4053,3589,33
7584,FIFA World Cup,2018,2018-07-02,Belgium,Japan,3,2,True,True,True,28,12,7,4,2.9178,0.6938,3715,40
7554,FIFA World Cup,2018,2018-06-24,England,Panama,6,1,True,True,True,11,8,7,2,3.1683,1.08,3573,19
7539,FIFA World Cup,2018,2018-06-19,Poland,Senegal,1,2,True,True,True,10,7,3,1,1.0423,1.4278,3457,17
7550,FIFA World Cup,2018,2018-06-22,Serbia,Switzerland,1,2,True,True,True,12,19,3,5,1.1535,1.5573,3475,31
7538,FIFA World Cup,2018,2018-06-18,Sweden,South Korea,1,0,False,False,False,16,5,4,0,2.0151,0.4144,3117,21
7534,FIFA World Cup,2018,2018-06-17,Germany,Mexico,0,1,False,False,False,26,12,9,4,2.2993,0.9933,3704,38
7543,FIFA World Cup,2018,2018-06-20,Iran,Spain,0,1,False,False,False,6,18,0,3,0.4265,2.197,3822,24
7544,FIFA World Cup,2018,2018-06-20,Uruguay,Saudi Arabia,1,0,False,False,False,14,8,3,2,1.8074,0.2735,3952,22
7546,FIFA World Cup,2018,2018-06-21,France,Peru,1,0,False,False,False,12,12,4,2,1.8624,0.6252,3742,24
7545,FIFA World Cup,2018,2018-06-21,Argentina,Croatia,0,3,True,True,False,10,14,3,5,1.2181,1.8317,3463,24
7585,FIFA World Cup,2018,2018-07-03,Colombia,England,1,1,True,False,True,19,22,8,7,4.7487,6.1618,4019,41
7569,FIFA World Cup,2018,2018-06-28,Panama,Tunisia,1,2,True,True,True,9,15,4,6,0.6908,2.8525,3410,24
7572,FIFA World Cup,2018,2018-06-28,Japan,Poland,0,1,False,False,False,11,11,3,2,0.8906,1.0407,3671,22
7561,FIFA World Cup,2018,2018-06-26,Iceland,Croatia,1,2,True,True,True,17,13,6,2,2.1327,0.6739,3325,30
7540,FIFA World Cup,2018,2018-06-19,Russia,Egypt,3,1,True,True,True,12,15,4,2,0.9812,1.6975,3348,27
7531,FIFA World Cup,2018,2018-06-16,Argentina,Iceland,1,1,True,False,True,28,9,7,2,2.0805,1.0321,3599,37
7570,FIFA World Cup,2018,2018-06-28,England,Belgium,0,1,False,False,False,12,14,1,3,1.2007,0.9653,3986,26
7586,FIFA World Cup,2018,2018-07-03,Sweden,Switzerland,1,0,False,False,False,12,16,3,3,0.9105,0.533,3318,28
7557,FIFA World Cup,2018,2018-06-25,Iran,Portugal,1,1,True,False,True,9,15,2,4,1.577,1.5224,3188,24
7542,FIFA World Cup,2018,2018-06-20,Portugal,Morocco,1,0,False,False,False,12,17,2,4,0.885,1.4551,3243,29
8656,FIFA World Cup,2018,2018-07-11,Croatia,England,2,1,True,True,True,22,11,7,1,2.1413,0.5467,4165,33
7548,FIFA World Cup,2018,2018-06-22,Brazil,Costa Rica,2,0,True,False,False,23,4,9,0,3.0964,0.1587,3721,27
7578,FIFA World Cup,2018,2018-06-15,Egypt,Uruguay,0,1,False,False,False,8,16,3,4,0.3645,1.9408,3758,24
7553,FIFA World Cup,2018,2018-06-23,South Korea,Mexico,1,2,True,True,True,17,14,6,5,0.8218,1.8776,3287,31
7536,FIFA World Cup,2018,2018-06-18,Belgium,Panama,3,0,True,True,False,15,7,6,2,1.2121,0.6254,3662,22
7555,FIFA World Cup,2018,2018-06-24,Poland,Colombia,0,3,True,True,False,11,13,2,3,1.1142,1.3869,3749,24
7576,FIFA World Cup,2018,2018-06-15,Portugal,Spain,3,3,True,True,True,10,12,3,5,1.4346,1.6609,4153,22
7565,FIFA World Cup,2018,2018-06-27,Serbia,Brazil,0,2,True,False,False,11,15,1,7,0.9483,1.4198,4083,26
7551,FIFA World Cup,2018,2018-06-23,Germany,Sweden,2,1,True,True,True,18,7,5,6,1.3181,0.8152,3460,25
7537,FIFA World Cup,2018,2018-06-18,Tunisia,England,1,2,True,True,True,6,18,1,7,0.9457,2.6264,3548,24
7580,FIFA World Cup,2018,2018-06-30,France,Argentina,4,3,True,True,True,9,12,4,4,1.638,1.4466,3549,21
7581,FIFA World Cup,2018,2018-07-01,Croatia,Denmark,1,1,True,False,True,26,19,11,8,6.0877,4.614,4285,45
7549,FIFA World Cup,2018,2018-06-22,Nigeria,Iceland,2,0,True,False,False,17,10,4,3,1.3122,1.5522,3219,27
7529,FIFA World Cup,2018,2018-06-16,Croatia,Nigeria,2,0,True,False,False,11,13,2,2,1.6945,0.7623,3320,24
7562,FIFA World Cup,2018,2018-06-26,Australia,Peru,0,2,True,False,False,16,4,2,3,1.6293,0.3364,3630,20
7571,FIFA World Cup,2018,2018-06-28,Senegal,Colombia,0,1,False,False,False,7,4,3,2,0.3609,0.2849,2816,11
7568,FIFA World Cup,2018,2018-06-27,Switzerland,Costa Rica,2,2,True,True,True,13,14,3,6,1.2197,1.5762,3347,27
7530,FIFA World Cup,2018,2018-06-16,France,Australia,2,1,True,True,True,12,5,4,2,1.5616,0.98,3472,17
7558,FIFA World Cup,2018,2018-06-25,Uruguay,Russia,3,0,True,True,False,16,3,6,1,2.4826,0.1802,3268,19
7583,FIFA World Cup,2018,2018-07-02,Brazil,Mexico,2,0,True,False,False,19,14,10,1,3.3204,0.5828,3393,33
7547,FIFA World Cup,2018,2018-06-21,Denmark,Australia,1,1,True,False,True,10,13,5,5,1.0144,1.4122,3576,23
7535,FIFA World Cup,2018,2018-06-17,Costa Rica,Serbia,0,1,False,False,False,10,12,3,2,0.596,1.9926,3183,22
8649,FIFA World Cup,2018,2018-07-06,Uruguay,France,0,2,True,False,False,10,11,4,2,0.6932,0.5388,3375,21
8658,FIFA World Cup,2018,2018-07-15,France,Croatia,4,2,True,True,True,8,15,6,3,1.098,1.4803,2978,23
7582,FIFA World Cup,2018,2018-07-01,Spain,Russia,1,1,True,False,True,29,12,14,5,5.3586,4.5404,5024,41
7552,FIFA World Cup,2018,2018-06-23,Belgium,Tunisia,5,2,True,True,True,23,17,11,5,5.3364,1.1882,3483,40
7532,FIFA World Cup,2018,2018-06-16,Peru,Denmark,0,1,False,False,False,17,11,6,3,1.9264,1.1216,3097,28
7560,FIFA World Cup,2018,2018-06-25,Spain,Morocco,2,2,True,True,True,18,8,3,3,2.6045,1.0718,3599,26
7533,FIFA World Cup,2018,2018-06-17,Brazil,Switzerland,1,1,True,False,True,21,7,4,2,1.8666,0.4721,4010,28
7564,FIFA World Cup,2018,2018-06-26,Nigeria,Argentina,1,2,True,True,True,9,8,3,3,1.3053,0.8506,3503,17
7579,FIFA World Cup,2018,2018-06-30,Uruguay,Portugal,2,1,True,True,True,7,21,3,4,0.476,0.9956,3196,28
7577,FIFA World Cup,2018,2018-06-15,Morocco,Iran,0,1,False,False,False,14,8,3,2,1.0592,0.6976,2875,22
7525,FIFA World Cup,2018,2018-06-14,Russia,Saudi Arabia,5,0,True,True,False,14,6,7,0,1.2816,0.2488,3318,20
7566,FIFA World Cup,2018,2018-06-27,Mexico,Sweden,0,3,True,True,False,22,15,3,5,1.6107,2.7905,2831,37
8651,FIFA World Cup,2018,2018-07-07,Sweden,England,0,2,True,False,False,8,12,3,2,0.8342,0.7582,3303,20
7567,FIFA World Cup,2018,2018-06-27,South Korea,Germany,2,0,True,False,False,12,29,5,6,1.7746,2.7064,3708,41
7541,FIFA World Cup,2018,2018-06-19,Colombia,Japan,1,2,True,True,True,10,14,3,6,0.8063,2.3207,3869,24
8655,FIFA World Cup,2018,2018-07-10,France,Belgium,1,0,False,False,False,19,9,5,2,1.6817,0.5669,3354,28
8657,FIFA World Cup,2018,2018-07-14,Belgium,England,2,0,True,False,False,11,15,4,5,1.3207,1.3354,4426,26
8652,FIFA World Cup,2018,2018-07-07,Russia,Croatia,2,2,True,True,True,18,23,10,9,4.9884,5.568,4041,41
7563,FIFA World Cup,2018,2018-06-26,Denmark,France,0,0,False,False,False,5,11,1,4,0.139,0.4181,3605,16
7556,FIFA World Cup,2018,2018-06-24,Japan,Senegal,2,2,True,True,True,7,15,3,7,0.9822,1.8783,3039,22
7559,FIFA World Cup,2018,2018-06-25,Saudi Arabia,Egypt,2,1,True,True,True,21,8,7,1,2.5458,0.9237,3831,29
3930166,UEFA Euro,2024,2024-06-18,Portugal,Czech Republic,2,1,True,True,True,19,5,8,1,1.8375,0.3148,3610,24
3930159,UEFA Euro,2024,2024-06-15,Hungary,Switzerland,1,3,True,True,True,6,15,2,7,1.1028,2.0958,3370,21
3930163,UEFA Euro,2024,2024-06-16,Serbia,England,0,1,False,False,False,6,5,1,3,0.2494,0.5588,3920,11
3930181,UEFA Euro,2024,2024-06-25,England,Slovenia,0,0,False,False,False,12,4,3,2,0.7562,0.1649,3688,16
3930178,UEFA Euro,2024,2024-06-24,Croatia,Italy,1,1,True,False,True,6,13,4,3,1.4832,0.9854,4008,19
3930160,UEFA Euro,2024,2024-06-15,Spain,Croatia,3,0,True,True,False,11,16,6,5,1.5672,2.4821,3793,27
3930170,UEFA Euro,2024,2024-06-20,Slovenia,Serbia,1,1,True,False,True,12,15,4,4,1.5522,1.4613,3552,27
3938643,UEFA Euro,2024,2024-06-25,France,Poland,1,1,True,False,True,19,10,8,3,1.8915,1.1791,3767,29
3938641,UEFA Euro,2024,2024-06-21,Poland,Austria,1,3,True,True,True,15,15,3,9,1.4381,1.8217,3400,30
3938642,UEFA Euro,2024,2024-06-22,Georgia,Czech Republic,1,1,True,False,True,5,27,1,11,1.1799,2.8655,3332,32
3938639,UEFA Euro,2024,2024-06-18,Turkey,Georgia,3,1,True,True,True,22,14,7,4,2.4034,1.5786,3837,36
3938638,UEFA Euro,2024,2024-06-17,Romania,Ukraine,3,0,True,True,False,10,13,5,2,1.1211,0.5435,3169,23
3938640,UEFA Euro,2024,2024-06-21,Slovakia,Ukraine,1,2,True,True,True,14,13,5,5,0.7461,1.7317,3512,27
3938637,UEFA Euro,2024,2024-06-16,Poland,Netherlands,1,2,True,True,True,12,21,7,4,0.9092,1.3128,3409,33
3938644,UEFA Euro,2024,2024-06-26,Georgia,Portugal,2,0,True,False,False,7,22,3,5,1.3455,2.3561,3659,29
3941019,UEFA Euro,2024,2024-07-01,France,Belgium,1,0,False,False,False,19,5,2,2,1.262,0.3632,3943,24
3942227,UEFA Euro,2024,2024-07-06,England,Switzerland,1,1,True,False,True,18,16,8,7,4.4545,4.3354,4890,34
3930174,UEFA Euro,2024,2024-06-22,Turkey,Portugal,0,3,True,True,False,11,12,3,3,0.779,1.9012,3781,23
3930162,UEFA Euro,2024,2024-06-16,Slovenia,Denmark,1,1,True,False,True,11,16,2,4,0.9664,1.5112,3509,27
3930176,UEFA Euro,2024,2024-06-23,Switzerland,Germany,1,1,True,False,True,4,18,3,3,0.2801,1.5417,3727,22
3930169,UEFA Euro,2024,2024-06-19,Scotland,Switzerland,1,1,True,False,True,12,11,3,5,0.7719,0.9902,3130,23
3942819,UEFA Euro,2024,2024-07-10,Netherlands,England,1,2,True,True,True,7,9,3,5,0.4122,1.2366,3503,16
3943043,UEFA Euro,2024,2024-07-14,Spain,England,2,1,True,True,True,16,9,6,3,1.7917,0.7264,3304,25
3942752,UEFA Euro,2024,2024-07-09,Spain,France,2,1,True,True,True,6,9,2,3,0.4215,0.8508,3330,15
3942382,UEFA Euro,2024,2024-07-06,Netherlands,Turkey,2,1,True,True,True,11,15,4,4,0.7189,1.1824,3417,26
3942349,UEFA Euro,2024,2024-07-05,Portugal,France,0,0,False,False,False,19,25,7,10,4.5428,4.9849,5195,44
3930180,UEFA Euro,2024,2024-06-25,Netherlands,Austria,2,3,True,True,True,11,9,2,5,1.5102,1.0579,3206,20
3930171,UEFA Euro,2024,2024-06-20,Denmark,England,1,1,True,False,True,16,12,7,4,0.7333,1.1727,3881,28
3942226,UEFA Euro,2024,2024-07-05,Spain,Germany,2,1,True,True,True,19,23,6,5,1.5341,1.6291,4463,42
3938645,UEFA Euro,2024,2024-06-26,Ukraine,Belgium,0,0,False,False,False,14,12,5,4,0.7092,0.634,3526,26
3930184,UEFA Euro,2024,2024-06-26,Czech Republic,Turkey,1,2,True,True,True,12,18,6,5,1.4103,1.2175,2953,30
3941022,UEFA Euro,2024,2024-07-02,Austria,Turkey,1,2,True,True,True,21,6,5,3,2.487,0.8825,3720,27
3941021,UEFA Euro,2024,2024-07-02,Romania,Netherlands,0,3,True,True,False,5,24,1,6,0.2677,2.6262,2998,29
3941020,UEFA Euro,2024,2024-07-01,Portugal,Slovenia,0,0,False,False,False,23,13,9,6,4.0717,3.066,4225,36
3941018,UEFA Euro,2024,2024-06-30,Spain,Georgia,4,1,True,True,True,35,4,13,0,2.7647,0.1131,3948,39
3941017,UEFA Euro,2024,2024-06-30,England,Slovakia,2,1,True,True,True,16,13,2,3,1.5867,1.5478,4764,29
3930182,UEFA Euro,2024,2024-06-25,Denmark,Serbia,0,0,False,False,False,10,5,3,1,0.5515,0.3244,3787,15
3930179,UEFA Euro,2024,2024-06-24,Albania,Spain,0,1,False,False,False,10,16,4,3,0.5032,0.9517,3776,26
3940983,UEFA Euro,2024,2024-06-29,Germany,Denmark,2,0,True,False,False,15,10,9,2,2.2266,1.0735,3640,25
3940878,UEFA Euro,2024,2024-06-29,Switzerland,Italy,2,0,True,False,False,16,11,4,1,0.7824,0.7257,3852,27
3930177,UEFA Euro,2024,2024-06-23,Scotland,Hungary,0,1,False,False,False,4,14,0,5,0.1835,1.001,3386,18
3930173,UEFA Euro,2024,2024-06-21,Netherlands,France,0,0,False,False,False,9,15,4,3,0.7382,1.2184,3681,24
3930172,UEFA Euro,2024,2024-06-20,Spain,Italy,1,0,False,False,False,20,4,9,1,1.5339,0.1434,3982,24
3930167,UEFA Euro,2024,2024-06-19,Croatia,Albania,2,2,True,True,True,21,14,8,7,1.8586,1.3259,3719,35
3930168,UEFA Euro,2024,2024-06-19,Germany,Hungary,2,0,True,False,False,19,11,7,2,1.4837,1.228,3880,30
3930165,UEFA Euro,2024,2024-06-17,Austria,France,0,1,False,False,False,5,14,3,3,0.7483,1.9045,3718,19
3930164,UEFA Euro,2024,2024-06-17,Belgium,Slovakia,0,1,False,False,False,16,10,5,4,1.7503,0.7111,3543,26
3930161,UEFA Euro,2024,2024-06-15,Italy,Albania,2,1,True,True,True,17,8,5,2,1.4498,0.3546,4066,25
3930183,UEFA Euro,2024,2024-06-26,Slovakia,Romania,1,1,True,False,True,13,9,4,5,0.8447,1.1219,2880,22
3930175,UEFA Euro,2024,2024-06-22,Belgium,Romania,2,0,True,False,False,20,14,9,4,1.6458,1.246,3203,34
3930158,UEFA Euro,2024,2024-06-14,Germany,Scotland,5,1,True,True,True,20,1,10,0,1.8446,0.0605,3372,21
3788758,UEFA Euro,2020,2021-06-17,Ukraine,North Macedonia,2,1,True,True,True,17,13,9,5,3.2405,1.9847,3337,30
3788773,UEFA Euro,2020,2021-06-23,Portugal,France,2,2,True,True,True,10,11,5,6,2.0424,1.5066,3889,21
3788765,UEFA Euro,2020,2021-06-20,Switzerland,Turkey,3,1,True,True,True,23,20,10,6,1.984,1.2448,3780,43
3788761,UEFA Euro,2020,2021-06-18,Sweden,Slovakia,1,0,False,False,False,13,10,4,0,1.584,0.5532,3925,23
3788760,UEFA Euro,2020,2021-06-18,Croatia,Czech Republic,1,1,True,False,True,11,11,3,1,0.9902,1.9126,3401,22
3795108,UEFA Euro,2020,2021-07-02,Switzerland,Spain,1,1,True,False,True,12,34,5,15,3.9578,6.9281,4989,46
3794687,UEFA Euro,2020,2021-06-27,Belgium,Portugal,1,0,False,False,False,6,23,1,4,0.2243,1.2148,3793,29
3794690,UEFA Euro,2020,2021-06-27,Netherlands,Czech Republic,0,2,True,False,False,6,12,0,5,0.838,1.2731,3099,18
3794685,UEFA Euro,2020,2021-06-26,Italy,Austria,2,1,True,True,True,26,16,7,3,1.5171,1.0385,4882,42
3794692,UEFA Euro,2020,2021-06-29,Sweden,Ukraine,1,2,True,True,True,13,15,3,4,0.9119,1.3443,4919,28
3794689,UEFA Euro,2020,2021-06-26,Wales,Denmark,0,4,True,True,False,11,16,1,8,0.5984,2.1553,3117,27
3795107,UEFA Euro,2020,2021-07-02,Belgium,Italy,1,2,True,True,True,10,14,3,4,1.8028,1.1426,3616,24
3795187,UEFA Euro,2020,2021-07-03,Ukraine,England,0,4,True,True,False,7,10,2,6,0.3376,1.2155,4264,17
3795220,UEFA Euro,2020,2021-07-06,Italy,Spain,1,1,True,False,True,12,20,9,7,4.3157,4.5361,4824,32
3794686,UEFA Euro,2020,2021-06-28,Croatia,Spain,3,5,True,True,True,11,24,6,10,2.7882,2.78,4858,35
3788763,UEFA Euro,2020,2021-06-19,Hungary,France,1,1,True,False,True,5,17,3,4,0.4735,1.69,3610,22
3795506,UEFA Euro,2020,2021-07-11,Italy,England,1,1,True,False,True,24,11,11,6,5.9994,4.3437,4796,35
3788769,UEFA Euro,2020,2021-06-21,Russia,Denmark,1,4,True,True,True,6,16,2,9,1.091,2.3304,3029,22
3788766,UEFA Euro,2020,2021-06-20,Italy,Wales,1,0,False,False,False,23,3,7,1,1.6691,0.2407,3136,26
3788764,UEFA Euro,2020,2021-06-19,Portugal,Germany,2,4,True,True,True,7,13,2,7,1.9357,2.1305,3582,20
3788755,UEFA Euro,2020,2021-06-16,Turkey,Wales,0,2,True,False,False,18,16,5,7,1.3103,2.874,3262,34
3788754,UEFA Euro,2020,2021-06-16,Italy,Switzerland,3,0,True,True,False,13,6,3,1,1.7058,0.3338,3830,19
3788762,UEFA Euro,2020,2021-06-19,Spain,Poland,1,1,True,False,True,12,5,5,2,2.6149,0.5523,3653,17
3788747,UEFA Euro,2020,2021-06-13,Austria,North Macedonia,3,1,True,True,True,10,7,6,2,1.4414,0.8399,3464,17
3788741,UEFA Euro,2020,2021-06-11,Turkey,Italy,0,3,True,True,False,3,24,0,8,0.151,1.5909,3803,27
3795109,UEFA Euro,2020,2021-07-03,Czech Republic,Denmark,1,2,True,True,True,16,11,5,7,1.1617,1.212,3217,27
3788770,UEFA Euro,2020,2021-06-21,North Macedonia,Netherlands,0,3,True,True,False,13,17,1,7,0.7442,3.2199,3830,30
3794688,UEFA Euro,2020,2021-06-29,England,Germany,2,0,True,False,False,5,9,4,3,1.1635,1.0585,3454,14
3788774,UEFA Euro,2020,2021-06-23,Germany,Hungary,2,2,True,True,True,18,9,6,3,2.0977,0.7371,3675,27
3788771,UEFA Euro,2020,2021-06-22,Croatia,Scotland,3,1,True,True,True,11,11,7,3,0.7815,1.1114,3692,22
3788772,UEFA Euro,2020,2021-06-22,Czech Republic,England,0,1,False,False,False,7,6,1,3,0.393,0.6423,3443,13
3788768,UEFA Euro,2020,2021-06-21,Finland,Belgium,0,2,True,False,False,7,17,1,7,0.2402,1.1404,4085,24
3788767,UEFA Euro,2020,2021-06-21,Ukraine,Austria,0,1,False,False,False,5,18,1,4,0.4103,1.4935,3587,23
3788753,UEFA Euro,2020,2021-06-16,Finland,Russia,0,1,False,False,False,11,14,1,3,0.9651,1.259,3805,25
3788759,UEFA Euro,2020,2021-06-18,England,Scotland,0,0,False,False,False,9,11,1,1,0.8539,0.7354,3366,20
3788757,UEFA Euro,2020,2021-06-17,Denmark,Belgium,1,2,True,True,True,21,6,5,4,1.623,1.0519,3978,27
3788745,UEFA Euro,2020,2021-06-13,England,Croatia,1,0,False,False,False,8,8,2,1,0.7069,0.3401,3366,16
3795221,UEFA Euro,2020,2021-07-07,England,Denmark,2,1,True,True,True,21,6,10,4,3.0502,0.3755,4691,27
3788746,UEFA Euro,2020,2021-06-13,Netherlands,Ukraine,3,2,True,True,True,15,7,7,5,1.4298,0.5937,3969,22
3794691,UEFA Euro,2020,2021-06-28,France,Switzerland,3,3,True,True,True,31,18,13,10,6.5634,5.7715,4569,49
3788756,UEFA Euro,2020,2021-06-17,Netherlands,Austria,2,0,True,False,False,14,9,3,1,3.3375,0.3981,3748,23
3788749,UEFA Euro,2020,2021-06-14,Poland,Slovakia,1,2,True,True,True,18,11,4,2,1.3888,0.3538,3628,29
3788750,UEFA Euro,2020,2021-06-14,Spain,Sweden,0,0,False,False,False,17,4,5,0,1.9276,0.8158,3677,21
3788748,UEFA Euro,2020,2021-06-14,Scotland,Czech Republic,0,2,True,False,False,19,10,4,7,1.7327,0.8108,3440,29
3788751,UEFA Euro,2020,2021-06-15,France,Germany,1,0,False,False,False,4,10,1,1,0.446,0.8254,4031,14
3788752,UEFA Euro,2020,2021-06-15,Hungary,Portugal,0,3,True,True,False,5,11,3,7,0.1976,2.681,3709,16
3788742,UEFA Euro,2020,2021-06-12,Denmark,Finland,0,1,False,False,False,22,1,6,1,1.9526,0.2885,3488,23
3788775,UEFA Euro,2020,2021-06-23,Slovakia,Spain,0,5,True,True,False,3,19,1,9,0.093,3.2231,3627,22
3788776,UEFA Euro,2020,2021-06-23,Sweden,Poland,3,2,True,True,True,11,18,4,6,1.0418,1.6608,2879,29
3788743,UEFA Euro,2020,2021-06-12,Belgium,Russia,3,0,True,True,False,9,5,4,1,1.3934,0.2573,3856,14
3788744,UEFA Euro,2020,2021-06-12,Wales,Switzerland,1,1,True,False,True,9,18,2,4,0.5759,1.5599,2996,27
