statsbomb_match_id,competition_name,season_name,country_name,match_date,team_a_name,team_b_name,team_a_score,team_b_score,total_goals,target_over_1_5,target_over_2_5,target_btts,team_a_statsbomb_history_count,team_a_statsbomb_matches_used_last_5,team_a_xg_for_last_5,team_a_xg_against_last_5,team_a_xg_diff_last_5,team_a_shots_for_last_5,team_a_shots_against_last_5,team_a_shots_diff_last_5,team_a_shots_on_target_for_last_5,team_a_shots_on_target_against_last_5,team_a_shots_on_target_diff_last_5,team_a_goals_for_last_5,team_a_goals_against_last_5,team_a_goals_diff_last_5,team_b_statsbomb_history_count,team_b_statsbomb_matches_used_last_5,team_b_xg_for_last_5,team_b_xg_against_last_5,team_b_xg_diff_last_5,team_b_shots_for_last_5,team_b_shots_against_last_5,team_b_shots_diff_last_5,team_b_shots_on_target_for_last_5,team_b_shots_on_target_against_last_5,team_b_shots_on_target_diff_last_5,team_b_goals_for_last_5,team_b_goals_against_last_5,team_b_goals_diff_last_5
7525,FIFA World Cup,2018,International,2018-06-14,Russia,Saudi Arabia,5,0,5,True,True,False,0,0,0.0,0.0,0.0,0.0,0.0,0.0,0.0,0.0,0.0,0.0,0.0,0.0,0,0,0.0,0.0,0.0,0.0,0.0,0.0,0.0,0.0,0.0,0.0,0.0,0.0
7576,FIFA World Cup,2018,International,2018-06-15,Portugal,Spain,3,3,6,True,True,True,0,0,0.0,0.0,0.0,0.0,0.0,0.0,0.0,0.0,0.0,0.0,0.0,0.0,0,0,0.0,0.0,0.0,0.0,0.0,0.0,0.0,0.0,0.0,0.0,0.0,0.0
7577,FIFA World Cup,2018,International,2018-06-15,Morocco,Iran,0,1,1,False,False,False,0,0,0.0,0.0,0.0,0.0,0.0,0.0,0.0,0.0,0.0,0.0,0.0,0.0,0,0,0.0,0.0,0.0,0.0,0.0,0.0,0.0,0.0,0.0,0.0,0.0,0.0
7578,FIFA World Cup,2018,International,2018-06-15,Egypt,Uruguay,0,1,1,False,False,False,0,0,0.0,0.0,0.0,0.0,0.0,0.0,0.0,0.0,0.0,0.0,0.0,0.0,0,0,0.0,0.0,0.0,0.0,0.0,0.0,0.0,0.0,0.0,0.0,0.0,0.0
7529,FIFA World Cup,2018,International,2018-06-16,Croatia,Nigeria,2,0,2,True,False,False,0,0,0.0,0.0,0.0,0.0,0.0,0.0,0.0,0.0,0.0,0.0,0.0,0.0,0,0,0.0,0.0,0.0,0.0,0.0,0.0,0.0,0.0,0.0,0.0,0.0,0.0
7530,FIFA World Cup,2018,International,2018-06-16,France,Australia,2,1,3,True,True,True,0,0,0.0,0.0,0.0,0.0,0.0,0.0,0.0,0.0,0.0,0.0,0.0,0.0,0,0,0.0,0.0,0.0,0.0,0.0,0.0,0.0,0.0,0.0,0.0,0.0,0.0
7531,FIFA World Cup,2018,International,2018-06-16,Argentina,Iceland,1,1,2,True,False,True,0,0,0.0,0.0,0.0,0.0,0.0,0.0,0.0,0.0,0.0,0.0,0.0,0.0,0,0,0.0,0.0,0.0,0.0,0.0,0.0,0.0,0.0,0.0,0.0,0.0,0.0
7532,FIFA World Cup,2018,International,2018-06-16,Peru,Denmark,0,1,1,False,False,False,0,0,0.0,0.0,0.0,0.0,0.0,0.0,0.0,0.0,0.0,0.0,0.0,0.0,0,0,0.0,0.0,0.0,0.0,0.0,0.0,0.0,0.0,0.0,0.0,0.0,0.0
7533,FIFA World Cup,2018,International,2018-06-17,Brazil,Switzerland,1,1,2,True,False,True,0,0,0.0,0.0,0.0,0.0,0.0,0.0,0.0,0.0,0.0,0.0,0.0,0.0,0,0,0.0,0.0,0.0,0.0,0.0,0.0,0.0,0.0,0.0,0.0,0.0,0.0
7534,FIFA World Cup,2018,International,2018-06-17,Germany,Mexico,0,1,1,False,False,False,0,0,0.0,0.0,0.0,0.0,0.0,0.0,0.0,0.0,0.0,0.0,0.0,0.0,0,0,0.0,0.0,0.0,0.0,0.0,0.0,0.0,0.0,0.0,0.0,0.0,0.0
7535,FIFA World Cup,2018,International,2018-06-17,Costa Rica,Serbia,0,1,1,False,False,False,0,0,0.0,0.0,0.0,0.0,0.0,0.0,0.0,0.0,0.0,0.0,0.0,0.0,0,0,0.0,0.0,0.0,0.0,0.0,0.0,0.0,0.0,0.0,0.0,0.0,0.0
7536,FIFA World Cup,2018,International,2018-06-18,Belgium,Panama,3,0,3,True,True,False,0,0,0.0,0.0,0.0,0.0,0.0,0.0,0.0,0.0,0.0,0.0,0.0,0.0,0,0,0.0,0.0,0.0,0.0,0.0,0.0,0.0,0.0,0.0,0.0,0.0,0.0
7537,FIFA World Cup,2018,International,2018-06-18,Tunisia,England,1,2,3,True,True,True,0,0,0.0,0.0,0.0,0.0,0.0,0.0,0.0,0.0,0.0,0.0,0.0,0.0,0,0,0.0,0.0,0.0,0.0,0.0,0.0,0.0,0.0,0.0,0.0,0.0,0.0
7538,FIFA World Cup,2018,International,2018-06-18,Sweden,South Korea,1,0,1,False,False,False,0,0,0.0,0.0,0.0,0.0,0.0,0.0,0.0,0.0,0.0,0.0,0.0,0.0,0,0,0.0,0.0,0.0,0.0,0.0,0.0,0.0,0.0,0.0,0.0,0.0,0.0
7539,FIFA World Cup,2018,International,2018-06-19,Poland,Senegal,1,2,3,True,True,True,0,0,0.0,0.0,0.0,0.0,0.0,0.0,0.0,0.0,0.0,0.0,0.0,0.0,0,0,0.0,0.0,0.0,0.0,0.0,0.0,0.0,0.0,0.0,0.0,0.0,0.0
7540,FIFA World Cup,2018,International,2018-06-19,Russia,Egypt,3,1,4,True,True,True,1,1,1.2816,0.2488,1.0328,14.0,6.0,8.0,7.0,0.0,7.0,5.0,0.0,5.0,1,1,0.3645,1.9408,-1.5763,8.0,16.0,-8.0,3.0,4.0,-1.0,0.0,1.0,-1.0
7541,FIFA World Cup,2018,International,2018-06-19,Colombia,Japan,1,2,3,True,True,True,0,0,0.0,0.0,0.0,0.0,0.0,0.0,0.0,0.0,0.0,0.0,0.0,0.0,0,0,0.0,0.0,0.0,0.0,0.0,0.0,0.0,0.0,0.0,0.0,0.0,0.0
7542,FIFA World Cup,2018,International,2018-06-20,Portugal,Morocco,1,0,1,False,False,False,1,1,1.4346,1.6609,-0.2263,10.0,12.0,-2.0,3.0,5.0,-2.0,3.0,3.0,0.0,1,1,1.0592,0.6976,0.3616,14.0,8.0,6.0,3.0,2.0,1.0,0.0,1.0,-1.0
7543,FIFA World Cup,2018,International,2018-06-20,Iran,Spain,0,1,1,False,False,False,1,1,0.6976,1.0592,-0.3616,8.0,14.0,-6.0,2.0,3.0,-1.0,1.0,0.0,1.0,1,1,1.6609,1.4346,0.2263,12.0,10.0,2.0,5.0,3.0,2.0,3.0,3.0,0.0
7544,FIFA World Cup,2018,International,2018-06-20,Uruguay,Saudi Arabia,1,0,1,False,False,False,1,1,1.9408,0.3645,1.5763,16.0,8.0,8.0,4.0,3.0,1.0,1.0,0.0,1.0,1,1,0.2488,1.2816,-1.0328,6.0,14.0,-8.0,0.0,7.0,-7.0,0.0,5.0,-5.0
7545,FIFA World Cup,2018,International,2018-06-21,Argentina,Croatia,0,3,3,True,True,False,1,1,2.0805,1.0321,1.0484,28.0,9.0,19.0,7.0,2.0,5.0,1.0,1.0,0.0,1,1,1.6945,0.7623,0.9322,11.0,13.0,-2.0,2.0,2.0,0.0,2.0,0.0,2.0
7546,FIFA World Cup,2018,International,2018-06-21,France,Peru,1,0,1,False,False,False,1,1,1.5616,0.98,0.5816,12.0,5.0,7.0,4.0,2.0,2.0,2.0,1.0,1.0,1,1,1.9264,1.1216,0.8048,17.0,11.0,6.0,6.0,3.0,3.0,0.0,1.0,-1.0
7547,FIFA World Cup,2018,International,2018-06-21,Denmark,Australia,1,1,2,True,False,True,1,1,1.1216,1.9264,-0.8048,11.0,17.0,-6.0,3.0,6.0,-3.0,1.0,0.0,1.0,1,1,0.98,1.5616,-0.5816,5.0,12.0,-7.0,2.0,4.0,-2.0,1.0,2.0,-1.0
7548,FIFA World Cup,2018,International,2018-06-22,Brazil,Costa Rica,2,0,2,True,False,False,1,1,1.8666,0.4721,1.3945,21.0,7.0,14.0,4.0,2.0,2.0,1.0,1.0,0.0,1,1,0.596,1.9926,-1.3966,10.0,12.0,-2.0,3.0,2.0,1.0,0.0,1.0,-1.0
7549,FIFA World Cup,2018,International,2018-06-22,Nigeria,Iceland,2,0,2,True,False,False,1,1,0.7623,1.6945,-0.9322,13.0,11.0,2.0,2.0,2.0,0.0,0.0,2.0,-2.0,1,1,1.0321,2.0805,-1.0484,9.0,28.0,-19.0,2.0,7.0,-5.0,1.0,1.0,0.0
7550,FIFA World Cup,2018,International,2018-06-22,Serbia,Switzerland,1,2,3,True,True,True,1,1,1.9926,0.596,1.3966,12.0,10.0,2.0,2.0,3.0,-1.0,1.0,0.0,1.0,1,1,0.4721,1.8666,-1.3945,7.0,21.0,-14.0,2.0,4.0,-2.0,1.0,1.0,0.0
7551,FIFA World Cup,2018,International,2018-06-23,Germany,Sweden,2,1,3,True,True,True,1,1,2.2993,0.9933,1.306,26.0,12.0,14.0,9.0,4.0,5.0,0.0,1.0,-1.0,1,1,2.0151,0.4144,1.6007,16.0,5.0,11.0,4.0,0.0,4.0,1.0,0.0,1.0
7552,FIFA World Cup,2018,International,2018-06-23,Belgium,Tunisia,5,2,7,True,True,True,1,1,1.2121,0.6254,0.5867,15.0,7.0,8.0,6.0,2.0,4.0,3.0,0.0,3.0,1,1,0.9457,2.6264,-1.6807,6.0,18.0,-12.0,1.0,7.0,-6.0,1.0,2.0,-1.0
7553,FIFA World Cup,2018,International,2018-06-23,South Korea,Mexico,1,2,3,True,True,True,1,1,0.4144,2.0151,-1.6007,5.0,16.0,-11.0,0.0,4.0,-4.0,0.0,1.0,-1.0,1,1,0.9933,2.2993,-1.306,12.0,26.0,-14.0,4.0,9.0,-5.0,1.0,0.0,1.0
7554,FIFA World Cup,2018,International,2018-06-24,England,Panama,6,1,7,True,True,True,1,1,2.6264,0.9457,1.6807,18.0,6.0,12.0,7.0,1.0,6.0,2.0,1.0,1.0,1,1,0.6254,1.2121,-0.5867,7.0,15.0,-8.0,2.0,6.0,-4.0,0.0,3.0,-3.0
7555,FIFA World Cup,2018,International,2018-06-24,Poland,Colombia,0,3,3,True,True,False,1,1,1.0423,1.4278,-0.3855,10.0,7.0,3.0,3.0,1.0,2.0,1.0,2.0,-1.0,1,1,0.8063,2.3207,-1.5144,10.0,14.0,-4.0,3.0,6.0,-3.0,1.0,2.0,-1.0
7556,FIFA World Cup,2018,International,2018-06-24,Japan,Senegal,2,2,4,True,True,True,1,1,2.3207,0.8063,1.5144,14.0,10.0,4.0,6.0,3.0,3.0,2.0,1.0,1.0,1,1,1.4278,1.0423,0.3855,7.0,10.0,-3.0,1.0,3.0,-2.0,2.0,1.0,1.0
7557,FIFA World Cup,2018,International,2018-06-25,Iran,Portugal,1,1,2,True,False,True,2,2,0.562,1.6281,-1.0661,7.0,16.0,-9.0,1.0,3.0,-2.0,0.5,0.5,0.0,2,2,1.1598,1.558,-0.3982,11.0,14.5,-3.5,2.5,4.5,-2.0,2.0,1.5,0.5
7558,FIFA World Cup,2018,International,2018-06-25,Uruguay,Russia,3,0,3,True,True,False,2,2,1.8741,0.319,1.5551,15.0,8.0,7.0,3.5,2.5,1.0,1.0,0.0,1.0,2,2,1.1314,0.9731,0.1583,13.0,10.5,2.5,5.5,1.0,4.5,4.0,0.5,3.5
7559,FIFA World Cup,2018,International,2018-06-25,Saudi Arabia,Egypt,2,1,3,True,True,True,2,2,0.2611,1.5445,-1.2834,7.0,14.0,-7.0,1.0,5.0,-4.0,0.0,3.0,-3.0,2,2,1.031,1.461,-0.43,11.5,14.0,-2.5,2.5,4.0,-1.5,0.5,2.0,-1.5
7560,FIFA World Cup,2018,International,2018-06-25,Spain,Morocco,2,2,4,True,True,True,2,2,1.9289,0.9305,0.9984,15.0,8.0,7.0,4.0,1.5,2.5,2.0,1.5,0.5,2,2,1.2571,0.7913,0.4658,15.5,10.0,5.5,3.5,2.0,1.5,0.0,1.0,-1.0
7561,FIFA World Cup,2018,International,2018-06-26,Iceland,Croatia,1,2,3,True,True,True,2,2,1.2921,1.6963,-0.4042,9.5,22.5,-13.0,2.5,5.5,-3.0,0.5,1.5,-1.0,2,2,1.7631,0.9902,0.7729,12.5,11.5,1.0,3.5,2.5,1.0,2.5,0.0,2.5
7562,FIFA World Cup,2018,International,2018-06-26,Australia,Peru,0,2,2,True,False,False,2,2,1.1961,1.288,-0.0919,9.0,11.0,-2.0,3.5,4.5,-1.0,1.0,1.5,-0.5,2,2,1.2758,1.492,-0.2162,14.5,11.5,3.0,4.0,3.5,0.5,0.0,1.0,-1.0
7563,FIFA World Cup,2018,International,2018-06-26,Denmark,France,0,0,0,False,False,False,2,2,1.068,1.6693,-0.6013,10.5,15.0,-4.5,4.0,5.5,-1.5,1.0,0.5,0.5,2,2,1.712,0.8026,0.9094,12.0,8.5,3.5,4.0,2.0,2.0,1.5,0.5,1.0
7564,FIFA World Cup,2018,International,2018-06-26,Nigeria,Argentina,1,2,3,True,True,True,2,2,1.0373,1.6233,-0.586,15.0,10.5,4.5,3.0,2.5,0.5,1.0,1.0,0.0,2,2,1.6493,1.4319,0.2174,19.0,11.5,7.5,5.0,3.5,1.5,0.5,2.0,-1.5
7565,FIFA World Cup,2018,International,2018-06-27,Serbia,Brazil,0,2,2,True,False,False,2,2,1.573,1.0766,0.4964,12.0,14.5,-2.5,2.5,4.0,-1.5,1.0,1.0,0.0,2,2,2.4815,0.3154,2.1661,22.0,5.5,16.5,6.5,1.0,5.5,1.5,0.5,1.0
7566,FIFA World Cup,2018,International,2018-06-27,Mexico,Sweden,0,3,3,True,True,False,2,2,1.4354,1.5606,-0.1252,13.0,21.5,-8.5,4.5,7.5,-3.0,1.5,0.5,1.0,2,2,1.4151,0.8662,0.5489,11.5,11.5,0.0,5.0,2.5,2.5,1.0,1.0,0.0
7567,FIFA World Cup,2018,International,2018-06-27,South Korea,Germany,2,0,2,True,False,False,2,2,0.6181,1.9463,-1.3282,11.0,15.0,-4.0,3.0,4.5,-1.5,0.5,1.5,-1.0,2,2,1.8087,0.9042,0.9045,22.0,9.5,12.5,7.0,5.0,2.0,1.0,1.0,0.0
7568,FIFA World Cup,2018,International,2018-06-27,Switzerland,Costa Rica,2,2,4,True,True,True,2,2,1.0147,1.5101,-0.4954,13.0,16.5,-3.5,3.5,3.5,0.0,1.5,1.0,0.5,2,2,0.3773,2.5445,-2.1672,7.0,17.5,-10.5,1.5,5.5,-4.0,0.0,1.5,-1.5
7569,FIFA World Cup,2018,International,2018-06-28,Panama,Tunisia,1,2,3,True,True,True,2,2,0.8527,2.1902,-1.3375,7.5,13.0,-5.5,2.0,6.5,-4.5,0.5,4.5,-4.0,2,2,1.0669,3.9814,-2.9145,11.5,20.5,-9.0,3.0,9.0,-6.0,1.5,3.5,-2.0
7570,FIFA World Cup,2018,International,2018-06-28,England,Belgium,0,1,1,False,False,False,2,2,2.8973,1.0129,1.8844,14.5,7.0,7.5,7.0,1.5,5.5,4.0,1.0,3.0,2,2,3.2743,0.9068,2.3675,19.0,12.0,7.0,8.5,3.5,5.0,4.0,1.0,3.0
7571,FIFA World Cup,2018,International,2018-06-28,Senegal,Colombia,0,1,1,False,False,False,2,2,1.653,1.0122,0.6408,11.0,8.5,2.5,4.0,3.0,1.0,2.0,1.5,0.5,2,2,1.0966,1.7174,-0.6208,11.5,12.5,-1.0,3.0,4.0,-1.0,2.0,1.0,1.0
7572,FIFA World Cup,2018,International,2018-06-28,Japan,Poland,0,1,1,False,False,False,2,2,1.6515,1.3423,0.3092,10.5,12.5,-2.0,4.5,5.0,-0.5,2.0,1.5,0.5,2,2,1.0783,1.4074,-0.3291,10.5,10.0,0.5,2.5,2.0,0.5,0.5,2.5,-2.0
7579,FIFA World Cup,2018,International,2018-06-30,Uruguay,Portugal,2,1,3,True,True,True,3,3,2.0769,0.2727,1.8042,15.3333,6.3333,9.0,4.3333,2.0,2.3333,1.6667,0.0,1.6667,3,3,1.2807,1.5643,-0.2836,12.3333,12.6667,-0.3334,3.0,3.6667,-0.6667,1.6667,1.3333,0.3334
7580,FIFA World Cup,2018,International,2018-06-30,France,Argentina,4,3,7,True,True,True,3,3,1.2807,0.5814,0.6993,11.6667,7.3333,4.3334,4.0,1.6667,2.3333,1.0,0.3333,0.6667,3,3,1.3831,1.3897,-0.0066,15.3333,10.6667,4.6666,4.3333,3.3333,1.0,1.0,1.6667,-0.6667
7581,FIFA World Cup,2018,International,2018-07-01,Croatia,Denmark,1,1,2,True,False,True,3,3,1.4,1.371,0.029,12.6667,13.3333,-0.6666,3.0,3.6667,-0.6667,2.3333,0.3333,2.0,3,3,0.7583,1.2522,-0.4939,8.6667,13.6667,-5.0,3.0,5.0,-2.0,0.6667,0.3333,0.3334
7582,FIFA World Cup,2018,International,2018-07-01,Spain,Russia,1,1,2,True,False,True,3,3,2.1541,0.9776,1.1765,16.0,8.0,8.0,3.6667,2.0,1.6667,2.0,1.6667,0.3333,3,3,0.8143,1.4763,-0.662,9.6667,12.3333,-2.6666,4.0,2.6667,1.3333,2.6667,1.3333,1.3334
7583,FIFA World Cup,2018,International,2018-07-02,Brazil,Mexico,2,0,2,True,False,False,3,3,2.1276,0.5264,1.6012,19.6667,7.3333,12.3334,6.6667,1.0,5.6667,1.6667,0.3333,1.3334,3,3,1.4939,1.9705,-0.4766,16.0,19.3333,-3.3333,4.0,6.6667,-2.6667,1.0,1.3333,-0.3333
7584,FIFA World Cup,2018,International,2018-07-02,Belgium,Japan,3,2,5,True,True,True,3,3,2.5046,1.0048,1.4998,17.3333,12.0,5.3333,6.6667,2.6667,4.0,3.0,0.6667,2.3333,3,3,1.3978,1.2418,0.156,10.6667,12.0,-1.3333,4.0,4.0,0.0,1.3333,1.3333,0.0
7585,FIFA World Cup,2018,International,2018-07-03,Colombia,England,1,1,2,True,False,True,3,3,0.826,1.2653,-0.4393,9.0,10.6667,-1.6667,2.6667,3.6667,-1.0,1.6667,0.6667,1.0,3,3,2.3318,0.997,1.3348,13.6667,9.3333,4.3334,5.0,2.0,3.0,2.6667,1.0,1.6667
7586,FIFA World Cup,2018,International,2018-07-03,Sweden,Switzerland,1,0,1,False,False,False,3,3,1.8736,1.1144,0.7592,12.6667,15.0,-2.3333,5.0,2.6667,2.3333,1.6667,0.6667,1.0,3,3,1.083,1.5321,-0.4491,13.0,15.6667,-2.6667,3.3333,4.3333,-1.0,1.6667,1.3333,0.3334
8649,FIFA World Cup,2018,International,2018-07-06,Uruguay,France,0,2,2,True,False,False,4,4,1.6767,0.4535,1.2232,13.25,10.0,3.25,4.0,2.5,1.5,1.75,0.25,1.5,4,4,1.37,0.7977,0.5723,11.0,8.5,2.5,4.0,2.25,1.75,1.75,1.0,0.75
8650,FIFA World Cup,2018,International,2018-07-06,Brazil,Belgium,1,2,3,True,True,True,4,4,2.4258,0.5405,1.8853,19.5,9.0,10.5,7.5,1.0,6.5,1.75,0.25,1.5,4,4,2.6079,0.927,1.6809,20.0,12.0,8.0,6.75,3.0,3.75,3.0,1.0,2.0
8651,FIFA World Cup,2018,International,2018-07-07,Sweden,England,0,2,2,True,False,False,4,4,1.6328,0.969,0.6638,12.5,15.25,-2.75,4.5,2.75,1.75,1.5,0.5,1.0,4,4,3.2893,1.9349,1.3544,15.75,11.75,4.0,5.5,3.5,2.0,2.25,1.0,1.25
8652,FIFA World Cup,2018,International,2018-07-07,Russia,Croatia,2,2,4,True,True,True,4,4,1.7458,2.4469,-0.7011,10.25,16.5,-6.25,4.25,5.5,-1.25,2.25,1.25,1.0,4,4,2.572,2.1818,0.3902,16.0,14.75,1.25,5.0,4.75,0.25,2.0,0.5,1.5
8655,FIFA World Cup,2018,International,2018-07-10,France,Belgium,1,0,1,False,False,False,5,5,1.2038,0.7768,0.427,11.0,8.8,2.2,3.6,2.6,1.0,1.8,0.8,1.0,5,5,2.1674,1.2635,0.9039,17.6,14.6,3.0,6.0,4.2,1.8,2.8,1.0,1.8
8656,FIFA World Cup,2018,International,2018-07-11,Croatia,England,2,1,3,True,True,True,5,5,3.1712,2.7431,0.4281,17.4,15.4,2.0,5.8,5.8,0.0,2.0,0.8,1.2,5,5,2.7831,1.7148,1.0683,15.0,11.0,4.0,4.8,3.4,1.4,2.2,0.8,1.4
8657,FIFA World Cup,2018,International,2018-07-14,Belgium,England,2,0,2,True,False,False,6,5,2.0383,1.4747,0.5636,16.4,17.0,-0.6,5.2,4.8,0.4,2.2,1.2,1.0,6,5,2.3671,1.9539,0.4132,13.6,14.2,-0.6,3.6,4.6,-1.0,2.0,1.0,1.0
8658,FIFA World Cup,2018,International,2018-07-15,France,Croatia,4,2,6,True,True,True,6,5,1.2278,0.6942,0.5336,12.4,9.6,2.8,3.8,2.6,1.2,1.6,0.6,1.0,6,5,3.2605,2.7,0.5605,19.6,15.0,4.6,6.8,5.6,1.2,2.0,1.0,1.0
3788741,UEFA Euro,2020,Europe,2021-06-11,Turkey,Italy,0,3,3,True,True,False,0,0,0.0,0.0,0.0,0.0,0.0,0.0,0.0,0.0,0.0,0.0,0.0,0.0,0,0,0.0,0.0,0.0,0.0,0.0,0.0,0.0,0.0,0.0,0.0,0.0,0.0
3788742,UEFA Euro,2020,Europe,2021-06-12,Denmark,Finland,0,1,1,False,False,False,4,4,1.7222,2.4611,-0.7389,11.25,16.75,-5.5,4.25,6.5,-2.25,0.75,0.5,0.25,0,0,0.0,0.0,0.0,0.0,0.0,0.0,0.0,0.0,0.0,0.0,0.0,0.0
3788743,UEFA Euro,2020,Europe,2021-06-12,Belgium,Russia,3,0,3,True,True,False,7,5,1.2352,1.5042,-0.269,14.0,16.6,-2.6,3.8,4.8,-1.0,1.6,0.8,0.8,5,5,2.3944,3.0711,-0.6767,11.8,17.8,-6.0,5.4,6.2,-0.8,2.2,1.4,0.8
3788744,UEFA Euro,2020,Europe,2021-06-12,Wales,Switzerland,1,1,2,True,False,True,0,0,0.0,0.0,0.0,0.0,0.0,0.0,0.0,0.0,0.0,0.0,0.0,0.0,4,4,0.9455,1.3767,-0.4312,13.75,14.75,-1.0,3.25,4.0,-0.75,1.25,1.25,0.0
3788745,UEFA Euro,2020,Europe,2021-06-13,England,Croatia,1,0,1,False,False,False,7,5,2.0006,2.002,-0.0014,14.4,14.8,-0.4,3.2,5.0,-1.8,0.8,1.2,-0.4,7,5,3.1902,2.676,0.5142,19.8,14.6,5.2,6.4,6.2,0.2,1.8,1.8,0.0
3788746,UEFA Euro,2020,Europe,2021-06-13,Netherlands,Ukraine,3,2,5,True,True,True,0,0,0.0,0.0,0.0,0.0,0.0,0.0,0.0,0.0,0.0,0.0,0.0,0.0,0,0,0.0,0.0,0.0,0.0,0.0,0.0,0.0,0.0,0.0,0.0,0.0,0.0
3788747,UEFA Euro,2020,Europe,2021-06-13,Austria,North Macedonia,3,1,4,True,True,True,0,0,0.0,0.0,0.0,0.0,0.0,0.0,0.0,0.0,0.0,0.0,0.0,0.0,0,0,0.0,0.0,0.0,0.0,0.0,0.0,0.0,0.0,0.0,0.0,0.0,0.0
3788748,UEFA Euro,2020,Europe,2021-06-14,Scotland,Czech Republic,0,2,2,True,False,False,0,0,0.0,0.0,0.0,0.0,0.0,0.0,0.0,0.0,0.0,0.0,0.0,0.0,0,0,0.0,0.0,0.0,0.0,0.0,0.0,0.0,0.0,0.0,0.0,0.0,0.0
3788749,UEFA Euro,2020,Europe,2021-06-14,Poland,Slovakia,1,2,3,True,True,True,3,3,1.0657,1.2351,-0.1694,10.6667,10.3333,0.3334,2.3333,2.3333,0.0,0.6667,1.6667,-1.0,0,0,0.0,0.0,0.0,0.0,0.0,0.0,0.0,0.0,0.0,0.0,0.0,0.0
3788750,UEFA Euro,2020,Europe,2021-06-14,Spain,Sweden,0,0,0,False,False,False,4,4,2.9552,1.8683,1.0869,19.25,9.0,10.25,6.25,2.75,3.5,1.75,1.5,0.25,5,5,1.4731,0.9269,0.5462,11.6,14.6,-3.0,4.2,2.6,1.6,1.2,0.8,0.4
3788751,UEFA Euro,2020,Europe,2021-06-15,France,Germany,1,0,1,False,False,False,7,5,1.0749,0.8652,0.2097,11.6,10.2,1.4,4.2,2.8,1.4,2.2,1.0,1.2,3,3,2.1079,1.1944,0.9135,24.3333,10.3333,14.0,6.6667,5.0,1.6667,0.6667,1.3333,-0.6666
3788752,UEFA Euro,2020,Europe,2021-06-15,Hungary,Portugal,0,3,3,True,True,False,0,0,0.0,0.0,0.0,0.0,0.0,0.0,0.0,0.0,0.0,0.0,0.0,0.0,4,4,1.2094,1.2923,-0.0829,14.5,11.25,3.25,3.25,3.5,-0.25,1.5,1.5,0.0
3788753,UEFA Euro,2020,Europe,2021-06-16,Finland,Russia,0,1,1,False,False,False,1,1,0.2885,1.9526,-1.6641,1.0,22.0,-21.0,1.0,6.0,-5.0,1.0,0.0,1.0,6,5,2.1895,3.3,-1.1105,10.0,18.4,-8.4,4.2,7.0,-2.8,1.2,2.0,-0.8
3788754,UEFA Euro,2020,Europe,2021-06-16,Italy,Switzerland,3,0,3,True,True,False,1,1,1.5909,0.151,1.4399,24.0,3.0,21.0,8.0,0.0,8.0,3.0,0.0,3.0,5,5,1.0684,1.2165,-0.1481,14.6,13.6,1.0,3.4,3.6,-0.2,1.2,1.2,0.0
3788755,UEFA Euro,2020,Europe,2021-06-16,Turkey,Wales,0,2,2,True,False,False,1,1,0.151,1.5909,-1.4399,3.0,24.0,-21.0,0.0,8.0,-8.0,0.0,3.0,-3.0,1,1,0.5759,1.5599,-0.984,9.0,18.0,-9.0,2.0,4.0,-2.0,1.0,1.0,0.0
3788756,UEFA Euro,2020,Europe,2021-06-17,Netherlands,Austria,2,0,2,True,False,False,1,1,1.4298,0.5937,0.8361,15.0,7.0,8.0,7.0,5.0,2.0,3.0,2.0,1.0,1,1,1.4414,0.8399,0.6015,10.0,7.0,3.0,6.0,2.0,4.0,3.0,1.0,2.0
3788757,UEFA Euro,2020,Europe,2021-06-17,Denmark,Belgium,1,2,3,True,True,True,5,5,1.7683,2.0266,-0.2583,13.4,13.6,-0.2,4.6,5.4,-0.8,0.6,0.6,0.0,8,5,1.3208,1.3155,0.0053,13.0,15.2,-2.2,4.0,4.8,-0.8,2.0,0.8,1.2
3788758,UEFA Euro,2020,Europe,2021-06-17,Ukraine,North Macedonia,2,1,3,True,True,True,1,1,0.5937,1.4298,-0.8361,7.0,15.0,-8.0,5.0,7.0,-2.0,2.0,3.0,-1.0,1,1,0.8399,1.4414,-0.6015,7.0,10.0,-3.0,2.0,6.0,-4.0,1.0,3.0,-2.0
3788759,UEFA Euro,2020,Europe,2021-06-18,England,Scotland,0,0,0,False,False,False,8,5,1.9018,1.877,0.0248,13.6,13.6,0.0,3.4,4.6,-1.2,1.0,1.0,0.0,1,1,1.7327,0.8108,0.9219,19.0,10.0,9.0,4.0,7.0,-3.0,0.0,2.0,-2.0
3788760,UEFA Euro,2020,Europe,2021-06-18,Croatia,Czech Republic,1,1,2,True,False,True,8,5,3.1235,2.3908,0.7327,18.8,12.8,6.0,6.2,5.4,0.8,1.4,1.8,-0.4,1,1,0.8108,1.7327,-0.9219,10.0,19.0,-9.0,7.0,4.0,3.0,2.0,0.0,2.0
3788761,UEFA Euro,2020,Europe,2021-06-18,Sweden,Slovakia,1,0,1,False,False,False,6,5,1.2332,1.2295,0.0037,9.2,17.0,-7.8,3.4,3.6,-0.2,1.0,0.8,0.2,1,1,0.3538,1.3888,-1.035,11.0,18.0,-7.0,2.0,4.0,-2.0,2.0,1.0,1.0
3788762,UEFA Euro,2020,Europe,2021-06-19,Spain,Poland,1,1,2,True,False,True,5,5,2.7497,1.6578,1.0919,18.8,8.0,10.8,6.0,2.2,3.8,1.4,1.2,0.2,4,4,1.1465,1.0148,0.1317,12.5,10.5,2.0,2.75,2.25,0.5,0.75,1.75,-1.0
3788763,UEFA Euro,2020,Europe,2021-06-19,Hungary,France,1,1,2,True,False,True,1,1,0.1976,2.681,-2.4834,5.0,11.0,-6.0,3.0,7.0,-4.0,0.0,3.0,-3.0,8,5,1.0805,1.0025,0.078,10.2,11.2,-1.0,3.6,2.8,0.8,2.4,1.0,1.4
3788764,UEFA Euro,2020,Europe,2021-06-19,Portugal,Germany,2,4,6,True,True,True,5,5,1.5037,1.0733,0.4304,13.8,10.0,3.8,4.0,3.4,0.6,1.8,1.2,0.6,4,4,1.7873,1.0073,0.78,20.75,8.75,12.0,5.25,4.0,1.25,0.5,1.25,-0.75
3788765,UEFA Euro,2020,Europe,2021-06-20,Switzerland,Turkey,3,1,4,True,True,True,6,5,1.0407,1.1844,-0.1437,14.4,12.0,2.4,3.2,3.4,-0.2,1.0,1.6,-0.6,2,2,0.7307,2.2325,-1.5018,10.5,20.0,-9.5,2.5,7.5,-5.0,0.0,2.5,-2.5
3788766,UEFA Euro,2020,Europe,2021-06-20,Italy,Wales,1,0,1,False,False,False,2,2,1.6483,0.2424,1.4059,18.5,4.5,14.0,5.5,0.5,5.0,3.0,0.0,3.0,2,2,1.7249,1.4351,0.2898,12.5,18.0,-5.5,4.5,4.5,0.0,1.5,0.5,1.0
3788767,UEFA Euro,2020,Europe,2021-06-21,Ukraine,Austria,0,1,1,False,False,False,2,2,1.9171,1.7072,0.2099,12.0,14.0,-2.0,7.0,6.0,1.0,2.0,2.0,0.0,2,2,0.9198,2.0887,-1.1689,9.5,10.5,-1.0,3.5,2.5,1.0,1.5,1.5,0.0
3788768,UEFA Euro,2020,Europe,2021-06-21,Finland,Belgium,0,2,2,True,False,False,2,2,0.6268,1.6058,-0.979,6.0,18.0,-12.0,1.0,4.5,-3.5,0.5,0.5,0.0,9,5,0.9476,1.5013,-0.5537,8.6,17.0,-8.4,3.4,5.0,-1.6,1.8,0.6,1.2
3788769,UEFA Euro,2020,Europe,2021-06-21,Russia,Denmark,1,4,5,True,True,True,7,5,2.2451,3.1535,-0.9084,10.4,17.6,-7.2,4.0,6.8,-2.8,0.8,1.8,-1.0,6,5,1.8686,1.8517,0.0169,15.4,11.4,4.0,5.0,5.0,0.0,0.6,1.0,-0.4
3788770,UEFA Euro,2020,Europe,2021-06-21,North Macedonia,Netherlands,0,3,3,True,True,False,2,2,1.4123,2.3409,-0.9286,10.0,13.5,-3.5,3.5,7.5,-4.0,1.0,2.5,-1.5,2,2,2.3836,0.4959,1.8877,14.5,8.0,6.5,5.0,3.0,2.0,2.5,1.0,1.5
3788771,UEFA Euro,2020,Europe,2021-06-22,Croatia,Scotland,3,1,4,True,True,True,9,5,2.104,1.8505,0.2535,15.8,11.2,4.6,4.6,4.0,0.6,1.4,1.8,-0.4,2,2,1.234,0.8323,0.4017,15.0,9.5,5.5,2.5,4.0,-1.5,0.0,1.0,-1.0
3788772,UEFA Euro,2020,Europe,2021-06-22,Czech Republic,England,0,1,1,False,False,False,2,2,1.3617,1.3615,0.0002,10.5,15.0,-4.5,4.0,3.5,0.5,1.5,0.5,1.0,9,5,0.8402,1.0743,-0.2341,11.0,12.0,-1.0,2.2,3.2,-1.0,0.8,0.8,0.0
3788773,UEFA Euro,2020,Europe,2021-06-23,Portugal,France,2,2,4,True,True,True,6,5,1.6039,1.1672,0.4367,13.2,10.2,3.0,3.8,3.8,0.0,1.6,1.4,0.2,9,5,1.0909,0.8079,0.283,11.8,9.8,2.0,3.6,2.6,1.0,1.8,0.6,1.2
3788774,UEFA Euro,2020,Europe,2021-06-23,Germany,Hungary,2,2,4,True,True,True,5,5,1.8559,1.193,0.6629,19.2,8.4,10.8,5.6,3.6,2.0,1.2,1.4,-0.2,2,2,0.3356,2.1855,-1.8499,5.0,14.0,-9.0,3.0,5.5,-2.5,0.5,2.0,-1.5
3788775,UEFA Euro,2020,Europe,2021-06-23,Slovakia,Spain,0,5,5,True,True,False,2,2,0.4535,1.4864,-1.0329,10.5,15.5,-5.0,1.0,4.0,-3.0,1.0,1.0,0.0,6,5,2.9405,1.4814,1.4591,18.8,7.0,11.8,6.0,2.0,4.0,1.0,0.8,0.2
3788776,UEFA Euro,2020,Europe,2021-06-23,Sweden,Poland,3,2,5,True,True,True,7,5,1.387,1.0765,0.3105,10.4,15.4,-5.0,3.0,2.6,0.4,1.0,0.4,0.6,5,5,1.0277,1.3348,-0.3071,11.0,10.8,0.2,2.6,2.8,-0.2,0.8,1.6,-0.8
3794685,UEFA Euro,2020,Europe,2021-06-26,Italy,Austria,2,1,3,True,True,True,3,3,1.6553,0.2418,1.4135,20.0,4.0,16.0,6.0,0.6667,5.3333,2.3333,0.0,2.3333,3,3,1.111,1.5292,-0.4182,12.3333,8.6667,3.6666,3.6667,2.0,1.6667,1.3333,1.0,0.3333
3794689,UEFA Euro,2020,Europe,2021-06-26,Wales,Denmark,0,4,4,True,True,False,3,3,1.2302,1.5131,-0.2829,9.3333,19.6667,-10.3334,3.3333,5.3333,-2.0,1.0,0.6667,0.3333,7,5,2.1318,1.7874,0.3444,16.6,10.0,6.6,5.8,4.4,1.4,1.2,1.0,0.2
3794687,UEFA Euro,2020,Europe,2021-06-27,Belgium,Portugal,1,0,1,False,False,False,10,5,1.0947,1.0275,0.0672,10.4,13.4,-3.0,4.2,3.4,0.8,1.8,0.4,1.4,7,5,1.8354,1.1775,0.6579,12.8,9.0,3.8,4.4,4.2,0.2,1.8,1.8,0.0
3794690,UEFA Euro,2020,Europe,2021-06-27,Netherlands,Czech Republic,0,2,2,True,False,False,3,3,2.6624,0.5787,2.0837,15.3333,9.6667,5.6666,5.6667,2.3333,3.3334,2.6667,0.6667,2.0,3,3,1.0388,1.1217,-0.0829,9.3333,12.0,-2.6667,3.0,3.3333,-0.3333,1.0,0.6667,0.3333
3794686,UEFA Euro,2020,Europe,2021-06-28,Croatia,Spain,3,5,8,True,True,True,10,5,1.1467,1.0751,0.0716,13.4,9.8,3.6,4.2,2.6,1.6,1.6,1.6,0.0,7,5,3.1457,1.4147,1.731,19.0,6.4,12.6,7.2,2.2,5.0,1.8,0.8,1.0
3794691,UEFA Euro,2020,Europe,2021-06-28,France,Switzerland,3,3,6,True,True,True,10,5,1.2845,1.0777,0.2068,11.8,9.8,2.0,4.4,2.8,1.6,1.8,1.0,0.8,7,5,1.1261,1.2026,-0.0765,15.2,13.6,1.6,4.2,4.0,0.2,1.2,1.6,-0.4
3794688,UEFA Euro,2020,Europe,2021-06-29,England,Germany,2,0,2,True,False,False,10,5,0.817,0.9861,-0.1691,9.8,11.8,-2.0,2.4,2.8,-0.4,0.6,0.8,-0.2,6,5,1.8156,1.1417,0.6739,17.6,7.8,9.8,5.0,3.4,1.6,1.6,1.6,0.0
3794692,UEFA Euro,2020,Europe,2021-06-29,Sweden,Ukraine,1,2,3,True,True,True,8,5,1.0373,1.0866,-0.0493,9.6,14.6,-5.0,2.8,3.2,-0.4,1.0,0.8,0.2,3,3,1.4148,1.636,-0.2212,9.6667,15.3333,-5.6666,5.0,5.3333,-0.3333,1.3333,1.6667,-0.3334
3795107,UEFA Euro,2020,Europe,2021-07-02,Belgium,Italy,1,2,3,True,True,True,11,5,1.0261,0.9341,0.092,9.8,14.2,-4.4,4.0,3.2,0.8,2.0,0.2,1.8,4,4,1.6207,0.441,1.1797,21.5,7.0,14.5,6.25,1.25,5.0,2.25,0.25,2.0
3795108,UEFA Euro,2020,Europe,2021-07-02,Switzerland,Spain,1,1,2,True,False,True,8,5,2.0364,2.2001,-0.1637,16.2,17.0,-0.8,5.6,5.4,0.2,1.4,1.8,-0.4,8,5,3.1808,1.7579,1.4229,20.2,7.0,13.2,8.6,2.8,5.8,2.4,1.0,1.4
3795109,UEFA Euro,2020,Europe,2021-07-03,Czech Republic,Denmark,1,2,3,True,True,True,4,4,1.0974,1.0508,0.0466,10.0,10.5,-0.5,3.5,2.5,1.0,1.25,0.5,0.75,8,5,2.5351,1.8235,0.7116,18.8,10.0,8.8,7.2,3.8,3.4,2.0,1.0,1.0
3795187,UEFA Euro,2020,Europe,2021-07-03,Ukraine,England,0,4,4,True,True,False,4,4,1.3972,1.455,-0.0578,11.0,14.75,-3.75,4.75,4.75,0.0,1.5,1.5,0.0,11,5,0.9404,0.7695,0.1709,8.6,9.2,-0.6,3.0,2.0,1.0,0.8,0.4,0.4
3795220,UEFA Euro,2020,Europe,2021-07-06,Italy,Spain,1,1,2,True,False,True,5,5,1.5251,0.7134,0.8117,20.0,7.6,12.4,5.8,1.6,4.2,2.2,0.4,1.8,9,5,3.4947,1.6414,1.8533,21.2,7.0,14.2,8.8,2.8,6.0,2.4,1.0,1.4
3795221,UEFA Euro,2020,Europe,2021-07-07,England,Denmark,2,1,3,True,True,True,12,5,0.9164,0.5729,0.3435,7.6,8.4,-0.8,3.2,1.6,1.6,1.6,0.0,1.6,9,5,1.8547,0.8383,1.0164,17.2,8.0,9.2,7.0,2.6,4.4,2.2,1.0,1.2
3795506,UEFA Euro,2020,Europe,2021-07-11,Italy,England,1,1,2,True,False,True,6,5,2.0701,1.5904,0.4797,17.6,11.0,6.6,6.0,3.0,3.0,1.8,0.6,1.2,13,5,1.3851,0.58,0.8051,10.2,8.0,2.2,4.8,2.2,2.6,1.8,0.2,1.6
3857286,FIFA World Cup,2022,International,2022-11-20,Qatar,Ecuador,0,2,2,True,False,False,0,0,0.0,0.0,0.0,0.0,0.0,0.0,0.0,0.0,0.0,0.0,0.0,0.0,0,0,0.0,0.0,0.0,0.0,0.0,0.0,0.0,0.0,0.0,0.0,0.0,0.0
3857271,FIFA World Cup,2022,International,2022-11-21,England,Iran,6,2,8,True,True,True,14,5,2.083,1.6328,0.4502,10.6,10.6,0.0,5.8,4.2,1.6,2.0,0.4,1.6,3,3,0.9004,1.5929,-0.6925,7.6667,15.6667,-8.0,1.3333,3.3333,-2.0,0.6667,0.6667,0.0
3857282,FIFA World Cup,2022,International,2022-11-21,United States,Wales,1,1,2,True,False,True,0,0,0.0,0.0,0.0,0.0,0.0,0.0,0.0,0.0,0.0,0.0,0.0,0.0,4,4,1.0722,1.6737,-0.6015,9.75,18.75,-9.0,2.75,6.0,-3.25,0.75,1.5,-0.75
3857285,FIFA World Cup,2022,International,2022-11-21,Senegal,Netherlands,0,2,2,True,False,False,3,3,1.2223,0.7698,0.4525,9.6667,7.0,2.6667,3.6667,2.6667,1.0,1.3333,1.3333,0.0,4,4,2.2063,0.7523,1.454,13.0,10.25,2.75,4.25,3.0,1.25,2.0,1.0,1.0
3857254,FIFA World Cup,2022,International,2022-11-22,Denmark,Tunisia,0,0,0,False,False,False,10,5,1.5392,1.3906,0.1486,14.0,12.0,2.0,6.6,4.4,2.2,2.4,1.2,1.2,3,3,1.6621,2.8845,-1.2224,12.6667,16.6667,-4.0,4.0,7.3333,-3.3333,1.6667,2.6667,-1.0
3857265,FIFA World Cup,2022,International,2022-11-22,Mexico,Poland,0,0,0,False,False,False,4,4,1.2661,2.308,-1.0419,15.5,19.25,-3.75,3.25,7.5,-4.25,0.75,1.5,-0.75,6,5,1.1514,1.2576,-0.1062,12.6,11.6,1.0,3.2,3.4,-0.2,1.0,1.8,-0.8
3857279,FIFA World Cup,2022,International,2022-11-22,France,Australia,4,1,5,True,True,True,11,5,2.2608,2.1186,0.1422,14.2,11.6,2.6,6.0,4.4,1.6,2.2,1.6,0.6,3,3,1.3405,0.9708,0.3697,11.3333,8.6667,2.6666,3.0,4.0,-1.0,0.6667,1.6667,-1.0
3857300,FIFA World Cup,2022,International,2022-11-22,Argentina,Saudi Arabia,1,2,3,True,True,True,4,4,1.3989,1.4518,-0.0529,14.5,10.25,4.25,4.25,3.5,0.75,1.5,2.25,-0.75,3,3,1.0227,1.3376,-0.3149,11.6667,12.0,-0.3333,3.0,3.6667,-0.6667,0.6667,2.3333,-1.6666
3857268,FIFA World Cup,2022,International,2022-11-23,Belgium,Canada,1,0,1,False,False,False,12,5,1.1226,0.8956,0.227,9.6,14.0,-4.4,3.8,3.0,0.8,1.8,0.6,1.2,0,0,0.0,0.0,0.0,0.0,0.0,0.0,0.0,0.0,0.0,0.0,0.0,0.0
3857277,FIFA World Cup,2022,International,2022-11-23,Morocco,Croatia,0,0,0,False,False,False,3,3,1.1954,1.3957,-0.2003,13.0,12.6667,0.3333,3.3333,2.3333,1.0,0.6667,1.3333,-0.6666,11,5,1.2761,1.5218,-0.2457,11.2,12.4,-1.2,4.0,4.4,-0.4,1.8,2.4,-0.6
3857284,FIFA World Cup,2022,International,2022-11-23,Germany,Japan,1,2,3,True,True,True,7,5,1.7637,1.2114,0.5523,15.8,7.4,8.4,4.6,3.0,1.6,1.2,1.8,-0.6,4,4,1.2218,1.6608,-0.439,11.0,16.0,-5.0,4.0,4.75,-0.75,1.5,1.75,-0.25
3857291,FIFA World Cup,2022,International,2022-11-23,Spain,Costa Rica,7,0,7,True,True,False,10,5,4.0164,2.3414,1.675,21.8,8.6,13.2,9.2,4.6,4.6,2.6,1.2,1.4,3,3,0.777,2.1029,-1.3259,9.3333,16.0,-6.6667,3.0,4.6667,-1.6667,0.6667,1.6667,-1.0
3857258,FIFA World Cup,2022,International,2022-11-24,Brazil,Serbia,2,0,2,True,False,False,5,5,2.4625,0.5134,1.9491,20.6,8.8,11.8,7.8,1.4,6.4,1.6,0.6,1.0,3,3,1.3648,1.191,0.1738,11.6667,14.6667,-3.0,2.0,5.0,-3.0,0.6667,1.3333,-0.6666
3857287,FIFA World Cup,2022,International,2022-11-24,Uruguay,South Korea,0,0,0,False,False,False,5,5,1.48,0.4705,1.0095,12.6,10.2,2.4,4.0,2.4,1.6,1.4,0.6,0.8,3,3,1.0036,2.1997,-1.1961,11.3333,19.6667,-8.3334,3.6667,5.0,-1.3333,1.0,1.0,0.0
3857290,FIFA World Cup,2022,International,2022-11-24,Switzerland,Cameroon,1,0,1,False,False,False,9,5,2.7214,3.4036,-0.6822,15.4,21.4,-6.0,6.0,7.8,-1.8,1.6,1.8,-0.2,0,0,0.0,0.0,0.0,0.0,0.0,0.0,0.0,0.0,0.0,0.0,0.0,0.0
3857298,FIFA World Cup,2022,International,2022-11-24,Portugal,Ghana,3,2,5,True,True,True,8,5,1.7739,0.907,0.8669,14.4,8.4,6.0,4.4,4.0,0.4,1.6,1.8,-0.2,0,0,0.0,0.0,0.0,0.0,0.0,0.0,0.0,0.0,0.0,0.0,0.0,0.0
3857272,FIFA World Cup,2022,International,2022-11-25,England,United States,0,0,0,False,False,False,15,5,2.352,1.8453,0.5067,12.0,10.8,1.2,6.6,4.6,2.0,3.0,0.8,2.2,1,1,0.6025,1.3953,-0.7928,6.0,7.0,-1.0,1.0,3.0,-2.0,1.0,1.0,0.0
3857273,FIFA World Cup,2022,International,2022-11-25,Wales,Iran,0,2,2,True,False,False,5,5,1.1369,1.4594,-0.3225,9.2,16.2,-7.0,2.8,5.0,-2.2,0.8,1.4,-0.6,4,4,1.0392,1.6915,-0.6523,7.75,15.0,-7.25,1.75,4.25,-2.5,1.0,2.0,-1.0
3857274,FIFA World Cup,2022,International,2022-11-25,Netherlands,Ecuador,1,1,2,True,False,True,5,5,1.9898,0.7401,1.2497,12.4,11.2,1.2,4.0,3.2,0.8,2.0,0.8,1.2,1,1,1.154,0.3042,0.8498,6.0,5.0,1.0,3.0,0.0,3.0,2.0,0.0,2.0
3857301,FIFA World Cup,2022,International,2022-11-25,Qatar,Senegal,1,3,4,True,True,True,1,1,0.3042,1.154,-0.8498,5.0,6.0,-1.0,0.0,3.0,-3.0,0.0,2.0,-2.0,4,4,1.0896,0.8583,0.2313,11.0,7.75,3.25,3.75,2.75,1.0,1.0,1.5,-0.5
3857266,FIFA World Cup,2022,International,2022-11-26,France,Denmark,2,1,3,True,True,True,12,5,2.6753,1.8872,0.7881,17.2,9.4,7.8,6.0,4.0,2.0,2.2,1.4,0.8,11,5,1.528,1.3922,0.1358,12.0,13.4,-1.4,6.6,3.8,2.8,2.2,0.8,1.4
3857288,FIFA World Cup,2022,International,2022-11-26,Tunisia,Australia,0,1,1,False,False,False,4,4,1.5116,2.5551,-1.0435,12.75,15.25,-2.5,3.25,6.75,-3.5,1.25,2.0,-0.75,4,4,1.0862,1.5207,-0.4345,9.5,12.25,-2.75,2.5,4.5,-2.0,0.75,2.25,-1.5
3857289,FIFA World Cup,2022,International,2022-11-26,Argentina,Mexico,2,0,2,True,False,False,5,5,1.6175,1.1921,0.4254,14.6,8.8,5.8,4.6,3.2,1.4,1.4,2.2,-0.8,5,5,1.1187,2.074,-0.9553,14.6,16.6,-2.0,3.4,6.4,-3.0,0.6,1.2,-0.6
3857297,FIFA World Cup,2022,International,2022-11-26,Poland,Saudi Arabia,2,0,2,True,False,False,7,5,1.1561,1.086,0.0701,11.6,11.2,0.4,3.2,3.6,-0.4,1.0,1.2,-0.2,4,4,0.8054,1.6261,-0.8207,9.5,12.75,-3.25,2.75,4.25,-1.5,1.0,2.0,-1.0
3857263,FIFA World Cup,2022,International,2022-11-27,Spain,Germany,1,1,2,True,False,True,11,5,4.0458,2.2309,1.8149,22.8,7.6,15.2,9.8,4.2,5.6,3.8,1.0,2.8,8,5,1.776,1.1063,0.6697,15.2,7.4,7.8,5.2,2.8,2.4,1.4,1.8,-0.4
3857281,FIFA World Cup,2022,International,2022-11-27,Croatia,Canada,4,1,5,True,True,True,12,5,1.15,1.3747,-0.2247,9.2,12.4,-3.2,3.6,3.6,0.0,1.4,1.6,-0.2,1,1,2.5462,0.67,1.8762,22.0,9.0,13.0,3.0,3.0,0.0,0.0,1.0,-1.0
3857283,FIFA World Cup,2022,International,2022-11-27,Belgium,Morocco,0,2,2,True,False,False,13,5,0.9779,1.3534,-0.3755,9.6,17.4,-7.8,3.6,3.4,0.2,1.4,0.6,0.8,4,4,0.9872,1.2592,-0.272,11.75,10.75,1.0,3.0,2.0,1.0,0.5,1.0,-0.5
3857295,FIFA World Cup,2022,International,2022-11-27,Japan,Costa Rica,0,1,1,False,False,False,5,5,1.2273,1.8822,-0.6549,11.2,18.0,-6.8,4.0,5.6,-1.6,1.6,1.6,0.0,4,4,0.5827,2.2676,-1.6849,7.0,16.25,-9.25,2.25,5.5,-3.25,0.5,3.0,-2.5
3857259,FIFA World Cup,2022,International,2022-11-28,Cameroon,Serbia,3,3,6,True,True,True,1,1,0.6131,1.4265,-0.8134,8.0,7.0,1.0,5.0,3.0,2.0,0.0,1.0,-1.0,4,4,1.0644,1.4243,-0.3599,10.0,16.75,-6.75,1.5,6.0,-4.5,0.5,1.5,-1.0
3857269,FIFA World Cup,2022,International,2022-11-28,Brazil,Switzerland,1,0,1,False,False,False,6,5,2.5139,0.4517,2.0622,21.0,8.4,12.6,8.8,1.0,7.8,1.8,0.4,1.4,10,5,2.6947,3.411,-0.7163,13.2,21.2,-8.0,5.8,8.4,-2.6,1.6,1.6,0.0
3857270,FIFA World Cup,2022,International,2022-11-28,Portugal,Uruguay,2,0,2,True,False,False,9,5,1.9942,0.9678,1.0264,12.4,8.8,3.6,4.6,4.0,0.6,2.0,1.8,0.2,6,5,1.1753,0.4962,0.6791,11.4,10.0,1.4,3.4,1.8,1.6,1.2,0.6,0.6
3857299,FIFA World Cup,2022,International,2022-11-28,South Korea,Ghana,2,3,5,True,True,True,4,4,0.876,1.7541,-0.8781,10.25,17.25,-7.0,2.75,4.0,-1.25,0.75,0.75,0.0,1,1,0.78,2.0969,-1.3169,9.0,11.0,-2.0,3.0,5.0,-2.0,2.0,3.0,-1.0
3857261,FIFA World Cup,2022,International,2022-11-29,Wales,England,0,3,3,True,True,False,6,5,1.1448,1.4382,-0.2934,9.4,16.8,-7.4,3.2,5.4,-2.2,0.6,1.6,-1.0,16,5,2.2114,1.7365,0.4749,12.6,11.0,1.6,6.4,4.2,2.2,2.6,0.8,1.8
3857267,FIFA World Cup,2022,International,2022-11-29,Ecuador,Senegal,1,2,3,True,True,True,2,2,1.4025,0.2044,1.1981,10.5,3.5,7.0,3.5,0.5,3.0,1.5,0.5,1.0,5,5,1.0523,0.8787,0.1736,11.2,8.2,3.0,3.8,2.8,1.0,1.4,1.4,0.0
3857278,FIFA World Cup,2022,International,2022-11-29,Iran,United States,0,1,1,False,False,False,5,5,1.1222,1.4763,-0.3541,10.4,14.0,-3.6,2.6,4.2,-1.6,1.2,1.6,-0.4,2,2,0.5584,0.928,-0.3696,8.0,7.5,0.5,1.0,3.0,-2.0,0.5,0.5,0.0
3857294,FIFA World Cup,2022,International,2022-11-29,Netherlands,Qatar,2,0,2,True,False,False,6,5,1.7248,0.9516,0.7732,9.8,12.8,-3.0,2.8,3.0,-0.2,1.6,0.6,1.0,2,2,0.6321,1.0285,-0.3964,7.5,9.0,-1.5,1.5,3.5,-2.0,0.5,2.5,-2.0
3857257,FIFA World Cup,2022,International,2022-11-30,Australia,Denmark,1,0,1,False,False,False,5,5,0.9408,1.427,-0.4862,9.4,12.6,-3.2,2.4,4.4,-2.0,0.8,1.8,-1.0,12,5,1.2396,1.5608,-0.3212,10.8,16.4,-5.6,5.2,4.6,0.6,1.6,1.0,0.6
3857260,FIFA World Cup,2022,International,2022-11-30,Saudi Arabia,Mexico,1,2,3,True,True,True,5,5,1.0387,1.6477,-0.609,11.0,12.0,-1.0,3.2,4.0,-0.8,0.8,2.0,-1.2,6,5,0.9613,1.6792,-0.7179,13.0,12.4,0.6,2.8,5.0,-2.2,0.4,1.6,-1.2
3857264,FIFA World Cup,2022,International,2022-11-30,Poland,Argentina,0,2,2,True,False,False,8,5,1.2948,1.3023,-0.0075,11.2,12.4,-1.2,3.4,4.0,-0.6,1.2,1.2,0.0,6,5,1.2664,1.027,0.2394,10.0,7.8,2.2,3.6,3.0,0.6,1.6,2.0,-0.4
3857275,FIFA World Cup,2022,International,2022-11-30,Tunisia,France,1,0,1,False,False,False,5,5,1.4197,2.1158,-0.6961,13.0,14.0,-1.0,3.4,5.8,-2.4,1.0,1.8,-0.8,13,5,2.9728,1.8998,1.073,20.6,9.4,11.2,7.0,4.2,2.8,2.4,1.6,0.8
3857255,FIFA World Cup,2022,International,2022-12-01,Japan,Spain,2,1,3,True,True,True,6,5,0.9179,1.7608,-0.8429,11.0,16.8,-5.8,3.4,5.2,-1.8,1.2,1.6,-0.4,12,5,3.5291,2.4417,1.0874,20.4,9.2,11.2,8.6,4.8,3.8,3.0,1.2,1.8
3857276,FIFA World Cup,2022,International,2022-12-01,Canada,Morocco,1,2,3,True,True,True,2,2,1.4165,1.6401,-0.2236,15.0,11.0,4.0,2.5,6.5,-4.0,0.5,2.5,-2.0,5,5,0.988,1.1359,-0.1479,11.4,10.6,0.8,3.2,2.4,0.8,0.8,0.8,0.0
3857292,FIFA World Cup,2022,International,2022-12-01,Costa Rica,Germany,2,4,6,True,True,True,5,5,0.5061,1.9688,-1.4627,6.4,15.6,-9.2,2.0,5.0,-3.0,0.6,2.4,-1.8,9,5,1.8403,1.145,0.6953,15.4,8.0,7.4,5.8,3.2,2.6,1.6,1.8,-0.2
3857296,FIFA World Cup,2022,International,2022-12-01,Croatia,Belgium,0,0,0,False,False,False,13,5,1.604,1.2907,0.3133,10.2,12.4,-2.2,5.4,3.6,1.8,2.2,1.6,0.6,14,5,0.896,1.227,-0.331,10.4,15.2,-4.8,3.6,3.2,0.4,1.0,0.8,0.2
3857256,FIFA World Cup,2022,International,2022-12-02,Serbia,Switzerland,2,3,5,True,True,True,5,5,1.1992,1.5535,-0.3543,11.0,16.0,-5.0,2.2,6.4,-4.2,1.0,1.8,-0.8,11,5,2.6857,3.2544,-0.5687,13.2,21.2,-8.0,5.6,8.8,-3.2,1.6,1.2,0.4
3857262,FIFA World Cup,2022,International,2022-12-02,South Korea,Portugal,2,1,3,True,True,True,5,5,0.9743,1.6394,-0.6651,12.4,15.2,-2.8,3.4,3.8,-0.4,1.0,1.2,-0.2,10,5,1.7007,1.1716,0.5291,13.2,10.0,3.2,3.8,4.0,-0.2,1.8,1.8,0.0
3857280,FIFA World Cup,2022,International,2022-12-02,Cameroon,Brazil,1,0,1,False,False,False,2,2,1.3417,1.5823,-0.2406,10.5,11.0,-0.5,6.5,4.0,2.5,1.5,2.0,-0.5,7,5,2.0792,0.4777,1.6015,19.0,8.8,10.2,8.0,1.0,7.0,1.6,0.4,1.2
3857293,FIFA World Cup,2022,International,2022-12-02,Ghana,Uruguay,0,2,2,True,False,False,2,2,0.9803,1.7324,-0.7521,8.0,16.0,-8.0,3.0,5.5,-2.5,2.5,2.5,0.0,7,5,1.0572,0.6843,0.3729,10.8,11.4,-0.6,3.4,2.0,1.4,1.0,1.0,0.0
3869117,FIFA World Cup,2022,International,2022-12-03,Netherlands,United States,3,1,4,True,True,True,7,5,1.4001,0.9007,0.4994,9.6,12.0,-2.4,3.0,3.4,-0.4,1.6,0.6,1.0,3,3,0.7622,0.9256,-0.1634,9.3333,6.3333,3.0,2.3333,2.3333,0.0,0.6667,0.3333,0.3334
3869151,FIFA World Cup,2022,International,2022-12-03,Argentina,Australia,2,1,3,True,True,True,7,5,1.6381,0.7002,0.9379,12.8,5.8,7.0,5.6,2.0,3.6,2.0,1.4,0.6,6,5,0.8387,1.2621,-0.4234,10.0,13.0,-3.0,2.8,4.4,-1.6,0.8,1.4,-0.6
3869118,FIFA World Cup,2022,International,2022-12-04,England,Senegal,3,0,3,True,True,False,17,5,2.5514,1.7106,0.8408,14.2,11.0,3.2,6.6,4.0,2.6,2.4,0.8,1.6,6,5,1.1082,0.8706,0.2376,12.4,8.0,4.4,4.2,3.0,1.2,1.4,1.4,0.0
3869152,FIFA World Cup,2022,International,2022-12-04,France,Poland,3,1,4,True,True,True,14,5,2.7302,1.8648,0.8654,19.2,9.4,9.8,6.8,4.2,2.6,2.2,1.6,0.6,9,5,1.0566,1.8469,-0.7903,8.4,15.0,-6.6,2.6,6.2,-3.6,1.0,1.2,-0.2
3869219,FIFA World Cup,2022,International,2022-12-05,Japan,Croatia,1,1,2,True,False,True,7,5,0.953,1.5567,-0.6037,10.8,16.2,-5.4,3.4,4.8,-1.4,1.2,1.4,-0.2,14,5,1.545,1.3845,0.1605,10.2,13.4,-3.2,5.6,4.0,1.6,2.0,1.4,0.6
3869253,FIFA World Cup,2022,International,2022-12-05,Brazil,South Korea,4,1,5,True,True,True,8,5,2.2709,0.3647,1.9062,20.2,8.0,12.2,8.2,1.4,6.8,1.2,0.6,0.6,6,5,1.1712,1.4311,-0.2599,13.8,14.6,-0.8,4.6,4.2,0.4,1.4,1.2,0.2
3869220,FIFA World Cup,2022,International,2022-12-06,Morocco,Spain,0,0,0,False,False,False,6,5,0.8614,1.2155,-0.3541,10.0,10.0,0.0,3.0,2.0,1.0,1.2,0.8,0.4,13,5,3.1447,2.1157,1.029,18.0,8.2,9.8,7.6,4.2,3.4,2.2,1.0,1.2
3869254,FIFA World Cup,2022,International,2022-12-06,Portugal,Switzerland,6,1,7,True,True,True,11,5,1.5083,1.0253,0.483,14.4,9.8,4.6,4.6,3.8,0.8,1.6,1.4,0.2,12,5,2.9096,3.2433,-0.3337,11.4,19.6,-8.2,5.0,8.4,-3.4,1.6,1.4,0.2
3869321,FIFA World Cup,2022,International,2022-12-09,Netherlands,Argentina,2,2,4,True,True,True,8,5,1.0525,1.0823,-0.0298,8.4,13.0,-4.6,2.8,4.4,-1.6,1.6,0.8,0.8,8,5,1.7643,0.5243,1.24,14.0,5.0,9.0,6.0,1.6,4.4,2.0,1.4,0.6
3869420,FIFA World Cup,2022,International,2022-12-09,Croatia,Brazil,1,1,2,True,False,True,15,5,2.1863,2.0028,0.1835,12.2,14.6,-2.4,5.6,5.0,0.6,1.6,1.4,0.2,9,5,2.2591,0.3171,1.942,20.0,6.8,13.2,8.2,2.4,5.8,1.6,0.8,0.8
3869354,FIFA World Cup,2022,International,2022-12-10,England,France,1,2,3,True,True,True,18,5,2.1454,1.83,0.3154,11.6,11.8,-0.2,5.4,3.4,2.0,2.6,0.6,2.0,15,5,2.6542,1.775,0.8792,20.2,9.8,10.4,7.2,3.6,3.6,2.4,1.4,1.0
3869486,FIFA World Cup,2022,International,2022-12-10,Morocco,Portugal,1,0,1,False,False,False,7,5,1.3113,1.6076,-0.2963,8.6,10.6,-2.0,3.6,2.2,1.4,1.2,0.6,0.6,12,5,1.5567,0.9784,0.5783,15.4,9.6,5.8,5.4,3.2,2.2,2.4,1.2,1.2
3869519,FIFA World Cup,2022,International,2022-12-13,Argentina,Croatia,3,0,3,True,True,False,9,5,2.6464,1.0941,1.5523,15.4,5.6,9.8,7.0,2.2,4.8,1.8,1.0,0.8,16,5,2.3821,2.4369,-0.0548,12.6,14.6,-2.0,5.4,5.8,-0.4,1.2,0.6,0.6
3869552,FIFA World Cup,2022,International,2022-12-14,France,Morocco,2,0,2,True,False,False,16,5,1.5094,1.0912,0.4182,15.6,9.4,6.2,5.6,3.0,2.6,2.2,1.0,1.2,8,5,1.2913,1.2355,0.0558,8.8,9.4,-0.6,3.6,2.2,1.4,1.0,0.2,0.8
3869684,FIFA World Cup,2022,International,2022-12-17,Croatia,Morocco,2,1,3,True,True,True,17,5,2.2941,2.7373,-0.4432,14.0,14.8,-0.8,5.6,6.8,-1.2,1.2,1.2,0.0,9,5,1.4649,1.466,-0.0011,9.8,11.2,-1.4,3.6,2.4,1.2,1.0,0.6,0.4
3869685,FIFA World Cup,2022,International,2022-12-18,Argentina,France,3,3,6,True,True,True,10,5,2.5209,1.1454,1.3755,14.2,7.4,6.8,7.2,2.2,5.0,2.2,0.6,1.6,17,5,1.2758,1.2727,0.0031,13.8,11.2,2.6,4.8,3.2,1.6,1.8,0.8,1.0
3930158,UEFA Euro,2024,Europe,2024-06-14,Germany,Scotland,5,1,6,True,True,True,10,5,2.2775,0.9648,1.3127,19.0,8.0,11.0,6.6,3.8,2.8,1.6,1.8,-0.2,3,3,1.1932,0.8154,0.3778,13.6667,10.0,3.6667,2.6667,5.0,-2.3333,0.3333,1.6667,-1.3334
3930159,UEFA Euro,2024,Europe,2024-06-15,Hungary,Switzerland,1,3,4,True,True,True,3,3,0.4694,2.1562,-1.6868,6.3333,15.3333,-9.0,3.0,5.6667,-2.6667,1.0,2.0,-1.0,13,5,2.0096,2.3874,-0.3778,9.8,16.4,-6.6,3.6,7.6,-4.0,1.2,2.0,-0.8
3930160,UEFA Euro,2024,Europe,2024-06-15,Spain,Croatia,3,0,3,True,True,False,14,5,2.3281,2.065,0.2631,14.2,7.8,6.4,5.2,4.6,0.6,2.0,0.8,1.2,18,5,1.9419,2.8782,-0.9363,13.8,15.0,-1.2,4.4,6.8,-2.4,0.8,1.2,-0.4
3930161,UEFA Euro,2024,Europe,2024-06-15,Italy,Albania,2,1,3,True,True,True,7,5,2.9288,2.3924,0.5364,19.8,12.0,7.8,7.6,4.0,3.6,1.4,0.8,0.6,0,0,0.0,0.0,0.0,0.0,0.0,0.0,0.0,0.0,0.0,0.0,0.0,0.0
3930162,UEFA Euro,2024,Europe,2024-06-16,Slovenia,Denmark,1,1,2,True,False,True,0,0,0.0,0.0,0.0,0.0,0.0,0.0,0.0,0.0,0.0,0.0,0.0,0.0,13,5,0.956,1.535,-0.579,10.4,15.8,-5.4,4.4,5.2,-0.8,0.8,1.2,-0.4
3930163,UEFA Euro,2024,Europe,2024-06-16,Serbia,England,0,1,1,False,False,False,6,5,1.0384,2.055,-1.0166,11.0,16.8,-5.8,2.6,7.2,-4.6,1.2,2.4,-1.2,19,5,1.7472,0.798,0.9492,12.6,8.6,4.0,5.6,2.2,3.4,2.6,0.8,1.8
3938637,UEFA Euro,2024,Europe,2024-06-16,Poland,Netherlands,1,2,3,True,True,True,10,5,1.2648,1.5492,-0.2844,9.8,15.8,-6.0,2.6,6.8,-4.2,1.0,1.6,-0.6,9,5,1.7823,1.999,-0.2167,9.6,14.4,-4.8,4.2,5.2,-1.0,2.0,0.8,1.2
3930164,UEFA Euro,2024,Europe,2024-06-17,Belgium,Slovakia,0,1,1,False,False,False,15,5,1.1443,1.3179,-0.1736,10.2,16.0,-5.8,2.8,3.8,-1.0,0.6,0.8,-0.2,3,3,0.3333,2.0653,-1.732,8.0,16.6667,-8.6667,1.0,5.6667,-4.6667,0.6667,2.3333,-1.6666
3930165,UEFA Euro,2024,Europe,2024-06-17,Austria,France,0,1,1,False,False,False,4,4,1.0929,1.5262,-0.4333,13.25,13.0,0.25,3.5,3.25,0.25,1.25,1.25,0.0,18,5,1.9704,2.2734,-0.303,12.4,14.0,-1.6,5.2,5.6,-0.4,2.0,1.2,0.8
3938638,UEFA Euro,2024,Europe,2024-06-17,Romania,Ukraine,3,0,3,True,True,False,0,0,0.0,0.0,0.0,0.0,0.0,0.0,0.0,0.0,0.0,0.0,0.0,0.0,5,5,1.1853,1.4071,-0.2218,10.2,13.8,-3.6,4.2,5.0,-0.8,1.2,2.0,-0.8
3930166,UEFA Euro,2024,Europe,2024-06-18,Portugal,Czech Republic,2,1,3,True,True,True,13,5,1.4625,1.1279,0.3346,13.2,10.2,3.0,5.2,3.6,1.6,2.4,1.2,1.2,5,5,1.1102,1.083,0.0272,11.2,10.6,0.6,3.8,3.4,0.4,1.2,0.8,0.4
3938639,UEFA Euro,2024,Europe,2024-06-18,Turkey,Georgia,3,1,4,True,True,True,3,3,0.902,2.1496,-1.2476,13.6667,21.0,-7.3333,3.6667,8.3333,-4.6666,0.3333,2.6667,-2.3334,0,0,0.0,0.0,0.0,0.0,0.0,0.0,0.0,0.0,0.0,0.0,0.0,0.0
3930167,UEFA Euro,2024,Europe,2024-06-19,Croatia,Albania,2,2,4,True,True,True,19,5,2.2994,2.7153,-0.4159,14.8,14.0,0.8,4.6,7.4,-2.8,0.8,1.8,-1.0,1,1,0.3546,1.4498,-1.0952,8.0,17.0,-9.0,2.0,5.0,-3.0,1.0,2.0,-1.0
3930168,UEFA Euro,2024,Europe,2024-06-19,Germany,Hungary,2,0,2,True,False,False,11,5,2.2268,0.8295,1.3973,19.4,6.4,13.0,7.4,3.2,4.2,2.2,1.6,0.6,4,4,0.6278,2.1411,-1.5133,6.25,15.25,-9.0,2.75,6.0,-3.25,1.0,2.25,-1.25
3930169,UEFA Euro,2024,Europe,2024-06-19,Scotland,Switzerland,1,1,2,True,False,True,4,4,0.91,1.0727,-0.1627,10.5,12.5,-2.0,2.0,6.25,-4.25,0.5,2.5,-2.0,14,5,1.6372,1.2224,0.4148,10.4,10.8,-0.4,4.0,5.0,-1.0,1.6,2.0,-0.4
3930170,UEFA Euro,2024,Europe,2024-06-20,Slovenia,Serbia,1,1,2,True,False,True,1,1,0.9664,1.5112,-0.5448,11.0,16.0,-5.0,2.0,4.0,-2.0,1.0,1.0,0.0,7,5,0.8576,1.8553,-0.9977,9.8,14.0,-4.2,2.2,6.8,-4.6,1.0,2.2,-1.2
3930171,UEFA Euro,2024,Europe,2024-06-20,Denmark,England,1,1,2,True,False,True,14,5,1.0158,1.496,-0.4802,11.4,14.8,-3.4,3.8,4.6,-0.8,0.6,1.2,-0.6,20,5,1.4615,0.5568,0.9047,11.0,8.2,2.8,4.8,1.8,3.0,1.6,0.4,1.2
3930172,UEFA Euro,2024,Europe,2024-06-20,Spain,Italy,1,0,1,False,False,False,15,5,1.7344,1.6983,0.0361,12.4,8.6,3.8,5.0,3.8,1.2,2.4,0.6,1.8,8,5,2.8849,2.4151,0.4698,18.6,13.0,5.6,7.2,4.2,3.0,1.6,1.0,0.6
3939969,Copa America,2024,South America,2024-06-21,Argentina,Canada,2,0,2,True,False,False,11,5,3.6343,2.1855,1.4488,18.0,9.4,8.6,9.6,3.6,6.0,2.4,1.2,1.2,3,3,1.3095,1.2355,0.074,11.6667,9.6667,2.0,1.6667,5.0,-3.3333,0.6667,2.3333,-1.6666
3930173,UEFA Euro,2024,Europe,2024-06-21,Netherlands,France,0,0,0,False,False,False,10,5,1.82,2.0426,-0.2226,11.8,13.8,-2.0,4.4,5.8,-1.4,2.0,1.0,1.0,19,5,2.2559,2.3634,-0.1075,13.2,14.0,-0.8,5.2,5.6,-0.4,2.2,1.0,1.2
3938640,UEFA Euro,2024,Europe,2024-06-21,Slovakia,Ukraine,1,2,3,True,True,True,4,4,0.4278,1.9866,-1.5588,8.5,16.5,-8.0,1.75,5.5,-3.75,0.75,1.75,-1.0,6,5,1.1752,1.3453,-0.1701,11.4,12.8,-1.4,3.6,4.6,-1.0,0.8,2.0,-1.2
3938641,UEFA Euro,2024,Europe,2024-06-21,Poland,Austria,1,3,4,True,True,True,11,5,1.1145,1.6034,-0.4889,8.6,17.8,-9.2,2.8,6.8,-4.0,0.8,1.4,-0.6,5,5,1.024,1.6019,-0.5779,11.6,13.2,-1.6,3.4,3.2,0.2,1.0,1.2,-0.2
3939970,Copa America,2024,South America,2024-06-22,Peru,Chile,0,0,0,False,False,False,3,3,0.9627,1.5378,-0.5751,11.0,13.0,-2.0,3.6667,3.0,0.6667,0.6667,0.6667,0.0,0,0,0.0,0.0,0.0,0.0,0.0,0.0,0.0,0.0,0.0,0.0,0.0,0.0
3939972,Copa America,2024,South America,2024-06-22,Ecuador,Venezuela,1,2,3,True,True,True,3,3,1.2689,0.7054,0.5635,10.0,6.6667,3.3333,3.6667,1.3333,2.3334,1.3333,1.0,0.3333,0,0,0.0,0.0,0.0,0.0,0.0,0.0,0.0,0.0,0.0,0.0,0.0,0.0
3930174,UEFA Euro,2024,Europe,2024-06-22,Turkey,Portugal,0,3,3,True,True,False,4,4,1.2774,2.0069,-0.7295,15.75,19.25,-3.5,4.5,7.25,-2.75,1.0,2.25,-1.25,14,5,1.4107,1.0349,0.3758,14.8,9.4,5.4,5.8,3.2,2.6,2.2,1.0,1.2
3930175,UEFA Euro,2024,Europe,2024-06-22,Belgium,Romania,2,0,2,True,False,False,16,5,1.4495,1.2172,0.2323,12.2,13.4,-1.2,3.6,3.8,-0.2,0.4,1.0,-0.6,1,1,1.1211,0.5435,0.5776,10.0,13.0,-3.0,5.0,2.0,3.0,3.0,0.0,3.0
3938642,UEFA Euro,2024,Europe,2024-06-22,Georgia,Czech Republic,1,1,2,True,False,True,1,1,1.5786,2.4034,-0.8248,14.0,22.0,-8.0,4.0,7.0,-3.0,1.0,3.0,-2.0,6,5,1.011,1.104,-0.093,10.2,10.6,-0.4,2.6,4.2,-1.6,1.0,1.2,-0.2
3939971,Copa America,2024,South America,2024-06-23,Mexico,Jamaica,1,0,1,False,False,False,7,5,1.0502,1.73,-0.6798,15.4,11.0,4.4,3.8,4.2,-0.4,0.4,1.6,-1.2,0,0,0.0,0.0,0.0,0.0,0.0,0.0,0.0,0.0,0.0,0.0,0.0,0.0
3939974,Copa America,2024,South America,2024-06-23,United States,Bolivia,2,0,2,True,False,False,4,4,0.9847,1.0646,-0.0799,11.5,7.5,4.0,3.25,3.25,0.0,0.75,1.0,-0.25,0,0,0.0,0.0,0.0,0.0,0.0,0.0,0.0,0.0,0.0,0.0,0.0,0.0
3930176,UEFA Euro,2024,Europe,2024-06-23,Switzerland,Germany,1,1,2,True,False,True,15,5,1.55,1.2541,0.2959,11.2,11.6,-0.4,4.4,4.6,-0.2,1.6,2.2,-0.6,12,5,2.3119,0.8424,1.4695,21.4,7.6,13.8,8.2,2.8,5.4,2.6,1.2,1.4
3930177,UEFA Euro,2024,Europe,2024-06-23,Scotland,Hungary,0,1,1,False,False,False,5,5,0.8824,1.0562,-0.1738,10.8,12.2,-1.4,2.2,6.0,-3.8,0.6,2.2,-1.6,5,5,0.7478,2.0096,-1.2618,7.2,16.0,-8.8,2.6,6.2,-3.6,0.8,2.2,-1.4
3939973,Copa America,2024,South America,2024-06-24,Uruguay,Panama,3,1,4,True,True,True,8,5,0.888,0.9268,-0.0388,10.0,12.6,-2.6,3.4,2.6,0.8,0.8,1.0,-0.2,3,3,0.7987,2.411,-1.6123,8.0,13.6667,-5.6667,2.6667,6.3333,-3.6666,0.6667,3.6667,-3.0
3939975,Copa America,2024,South America,2024-06-24,Colombia,Paraguay,2,1,3,True,True,True,4,4,1.8067,2.4894,-0.6827,11.5,13.5,-2.0,4.0,4.5,-0.5,1.5,0.75,0.75,0,0,0.0,0.0,0.0,0.0,0.0,0.0,0.0,0.0,0.0,0.0,0.0,0.0
3930178,UEFA Euro,2024,Europe,2024-06-24,Croatia,Italy,1,1,2,True,False,True,20,5,1.8734,2.1399,-0.2665,14.8,13.4,1.4,4.8,7.2,-2.4,1.0,2.0,-1.0,9,5,2.6102,2.5142,0.096,14.2,13.8,0.4,6.0,5.4,0.6,1.2,1.0,0.2
3930179,UEFA Euro,2024,Europe,2024-06-24,Albania,Spain,0,1,1,False,False,False,2,2,0.8403,1.6542,-0.8139,11.0,19.0,-8.0,4.5,6.5,-2.0,1.5,2.0,-0.5,16,5,1.4888,1.7269,-0.2381,13.0,9.4,3.6,5.2,4.0,1.2,1.2,0.6,0.6
3939976,Copa America,2024,South America,2024-06-25,Brazil,Costa Rica,0,0,0,False,False,False,10,5,2.7273,0.9894,1.7379,19.8,7.8,12.0,9.2,2.8,6.4,1.6,0.6,1.0,6,5,0.5938,2.4335,-1.8397,5.8,19.4,-13.6,2.4,6.8,-4.4,1.0,3.0,-2.0
3939978,Copa America,2024,South America,2024-06-25,Peru,Canada,0,1,1,False,False,False,4,4,0.8913,1.4095,-0.5182,10.0,12.5,-2.5,3.75,2.5,1.25,0.5,0.5,0.0,4,4,1.2265,1.8112,-0.5847,11.25,12.0,-0.75,1.75,5.75,-4.0,0.5,2.25,-1.75
3930180,UEFA Euro,2024,Europe,2024-06-25,Netherlands,Austria,2,3,5,True,True,True,11,5,1.9468,1.956,-0.0092,13.2,13.8,-0.6,5.0,5.6,-0.6,1.8,0.8,1.0,6,5,1.1,1.7215,-0.6215,12.6,14.8,-2.2,4.0,3.4,0.6,1.0,1.2,-0.2
3930181,UEFA Euro,2024,Europe,2024-06-25,England,Slovenia,0,0,0,False,False,False,21,5,1.6039,0.6006,1.0033,11.8,9.4,2.4,5.0,3.0,2.0,1.8,0.6,1.2,2,2,1.2593,1.4863,-0.227,11.5,15.5,-4.0,3.0,4.0,-1.0,1.0,1.0,0.0
3930182,UEFA Euro,2024,Europe,2024-06-25,Denmark,Serbia,0,0,0,False,False,False,15,5,1.0874,1.1205,-0.0331,13.4,13.0,0.4,4.4,3.4,1.0,0.6,1.0,-0.4,8,5,0.9602,1.8817,-0.9215,10.6,13.4,-2.8,2.8,6.2,-3.4,1.2,2.0,-0.8
3938643,UEFA Euro,2024,Europe,2024-06-25,France,Poland,1,1,2,True,False,True,20,5,2.2743,2.1924,0.0819,13.0,13.4,-0.4,4.2,6.0,-1.8,1.6,0.8,0.8,12,5,1.1745,1.8619,-0.6874,10.4,18.6,-8.2,3.0,7.8,-4.8,1.0,2.0,-1.0
3939977,Copa America,2024,South America,2024-06-26,Chile,Argentina,0,1,1,False,False,False,1,1,1.0248,0.6773,0.3475,11.0,7.0,4.0,1.0,4.0,-3.0,0.0,0.0,0.0,12,5,3.7267,2.3414,1.3853,17.0,10.6,6.4,8.6,4.0,4.6,2.4,1.2,1.2
3939980,Copa America,2024,South America,2024-06-26,Ecuador,Jamaica,3,1,4,True,True,True,4,4,1.1356,0.9253,0.2103,9.75,8.5,1.25,3.75,2.25,1.5,1.25,1.25,0.0,1,1,0.5062,1.1361,-0.6299,13.0,20.0,-7.0,4.0,9.0,-5.0,0.0,1.0,-1.0
3930183,UEFA Euro,2024,Europe,2024-06-26,Slovakia,Romania,1,1,2,True,False,True,5,5,0.4914,1.9356,-1.4442,9.6,15.8,-6.2,2.4,5.4,-3.0,0.8,1.8,-1.0,2,2,1.1835,1.0946,0.0889,12.0,16.5,-4.5,4.5,5.5,-1.0,1.5,1.0,0.5
3930184,UEFA Euro,2024,Europe,2024-06-26,Czech Republic,Turkey,1,2,3,True,True,True,7,5,1.2016,1.1419,0.0597,13.4,9.4,4.0,4.6,3.8,0.8,1.0,1.2,-0.2,5,5,1.1777,1.9857,-0.808,14.8,17.8,-3.0,4.2,6.4,-2.2,0.8,2.4,-1.6
3938644,UEFA Euro,2024,Europe,2024-06-26,Georgia,Portugal,2,0,2,True,False,False,2,2,1.3792,2.6345,-1.2553,9.5,24.5,-15.0,2.5,9.0,-6.5,1.0,2.0,-1.0,15,5,1.5482,0.9473,0.6009,14.2,9.4,4.8,5.8,3.2,2.6,2.4,1.0,1.4
3938645,UEFA Euro,2024,Europe,2024-06-26,Ukraine,Belgium,0,0,0,False,False,False,7,5,0.8735,1.0976,-0.2241,10.6,13.0,-2.4,2.8,4.6,-1.8,0.8,2.0,-1.2,17,5,1.4181,1.2379,0.1802,14.2,13.4,0.8,4.8,3.8,1.0,0.6,0.6,0.0
3939979,Copa America,2024,South America,2024-06-27,Venezuela,Mexico,1,0,1,False,False,False,1,1,1.585,0.7356,0.8494,14.0,9.0,5.0,5.0,4.0,1.0,2.0,1.0,1.0,8,5,0.9553,1.2732,-0.3179,15.0,10.6,4.4,5.0,4.0,1.0,0.6,1.0,-0.4
3939981,Copa America,2024,South America,2024-06-27,Panama,United States,2,1,3,True,True,True,4,4,0.7343,2.1486,-1.4143,8.5,15.25,-6.75,2.75,6.5,-3.75,0.75,3.5,-2.75,5,5,1.2687,0.8817,0.387,13.2,7.2,6.0,4.2,3.2,1.0,1.0,0.8,0.2
3939982,Copa America,2024,South America,2024-06-28,Uruguay,Bolivia,5,0,5,True,True,False,9,5,1.065,0.8358,0.2292,12.6,10.4,2.2,4.2,2.4,1.8,1.0,1.0,0.0,1,1,0.1497,2.4047,-2.255,6.0,20.0,-14.0,3.0,8.0,-5.0,0.0,2.0,-2.0
3939984,Copa America,2024,South America,2024-06-28,Colombia,Costa Rica,3,0,3,True,True,False,5,5,1.5697,2.157,-0.5873,11.4,13.0,-1.6,3.8,4.2,-0.4,1.6,0.8,0.8,7,5,0.5694,2.1385,-1.5691,5.4,18.8,-13.4,2.4,5.6,-3.2,1.0,2.6,-1.6
3939983,Copa America,2024,South America,2024-06-29,Paraguay,Brazil,1,4,5,True,True,True,1,1,0.8276,0.6219,0.2057,11.0,11.0,0.0,3.0,3.0,0.0,1.0,2.0,-1.0,11,5,2.6268,0.9641,1.6627,19.2,7.2,12.0,8.0,2.8,5.2,1.2,0.6,0.6
3940878,UEFA Euro,2024,Europe,2024-06-29,Switzerland,Italy,2,0,2,True,False,False,16,5,1.5483,1.3779,0.1704,10.8,12.6,-1.8,5.0,4.2,0.8,1.8,2.2,-0.4,10,5,2.5787,2.4503,0.1284,14.0,13.0,1.0,5.8,5.6,0.2,1.0,1.0,0.0
3940983,UEFA Euro,2024,Europe,2024-06-29,Germany,Denmark,2,0,2,True,False,False,13,5,2.0666,0.6486,1.418,19.8,6.0,13.8,7.0,2.6,4.4,2.6,1.0,1.6,16,5,0.8843,0.9734,-0.0891,13.2,11.4,1.8,4.0,3.4,0.6,0.6,1.0,-0.4
3939985,Copa America,2024,South America,2024-06-30,Canada,Chile,0,0,0,False,False,False,5,5,1.163,1.5643,-0.4013,10.0,11.4,-1.4,1.8,5.4,-3.6,0.6,1.8,-1.2,2,2,0.5779,1.7307,-1.1528,7.0,14.5,-7.5,2.0,6.5,-4.5,0.0,0.5,-0.5
3939986,Copa America,2024,South America,2024-06-30,Argentina,Peru,2,0,2,True,False,False,13,5,3.9872,2.2824,1.7048,18.6,10.2,8.4,9.4,4.4,5.0,2.2,1.0,1.2,5,5,0.8283,1.3094,-0.4811,9.8,11.0,-1.2,3.8,2.4,1.4,0.4,0.6,-0.2
3941017,UEFA Euro,2024,Europe,2024-06-30,England,Slovakia,2,1,3,True,True,True,22,5,1.1721,0.592,0.5801,10.6,8.8,1.8,4.2,3.2,1.0,1.2,0.6,0.6,6,5,0.5896,1.8822,-1.2926,10.0,14.0,-4.0,2.8,5.6,-2.8,0.6,1.8,-1.2
3941018,UEFA Euro,2024,Europe,2024-06-30,Spain,Georgia,4,1,5,True,True,True,17,5,1.5512,1.5982,-0.047,14.8,9.2,5.6,5.2,4.0,1.2,1.2,0.4,0.8,3,3,1.368,2.5417,-1.1737,8.6667,23.6667,-15.0,2.6667,7.6667,-5.0,1.3333,1.3333,0.0
3939987,Copa America,2024,South America,2024-07-01,Jamaica,Venezuela,0,3,3,True,True,False,2,2,0.7205,1.751,-1.0305,10.0,21.5,-11.5,4.0,6.0,-2.0,0.5,2.0,-1.5,2,2,1.3618,1.56,-0.1982,12.0,13.5,-1.5,3.5,4.5,-1.0,1.5,0.5,1.0
3939988,Copa America,2024,South America,2024-07-01,Mexico,Ecuador,0,0,0,False,False,False,9,5,1.3156,0.8368,0.4788,15.8,8.8,7.0,5.8,2.4,3.4,0.6,0.8,-0.2,5,5,1.3816,0.9272,0.4544,12.4,8.2,4.2,3.6,2.6,1.0,1.6,1.2,0.4
3941019,UEFA Euro,2024,Europe,2024-07-01,France,Belgium,1,0,1,False,False,False,21,5,2.4847,1.9577,0.527,15.2,12.2,3.0,4.8,5.2,-0.4,1.4,0.8,0.6,18,5,1.4109,0.8705,0.5404,14.8,11.8,3.0,5.0,4.2,0.8,0.4,0.6,-0.2
3941020,UEFA Euro,2024,Europe,2024-07-01,Portugal,Slovenia,0,0,0,False,False,False,16,5,1.8246,0.9366,0.888,16.0,8.4,7.6,5.6,2.6,3.0,2.2,1.0,1.2,3,3,0.8945,1.2429,-0.3484,9.0,14.3333,-5.3333,2.6667,3.6667,-1.0,0.6667,0.6667,0.0
3939989,Copa America,2024,South America,2024-07-02,Bolivia,Panama,1,3,4,True,True,True,2,2,0.1003,2.3628,-2.2625,5.0,19.0,-14.0,2.0,8.5,-6.5,0.0,3.5,-3.5,5,5,0.7336,1.9017,-1.1681,9.4,13.4,-4.0,3.0,5.8,-2.8,1.0,3.0,-2.0
3939990,Copa America,2024,South America,2024-07-02,United States,Uruguay,0,1,1,False,False,False,6,5,1.331,0.7488,0.5822,13.2,8.4,4.8,4.6,3.4,1.2,1.0,1.0,0.0,10,5,1.3906,0.7382,0.6524,14.2,9.0,5.2,5.2,2.2,3.0,2.0,0.6,1.4
3941021,UEFA Euro,2024,Europe,2024-07-02,Romania,Netherlands,0,3,3,True,True,False,3,3,1.163,1.0113,0.1517,11.0,15.3333,-4.3333,4.6667,5.0,-0.3333,1.3333,1.0,0.3333,12,5,1.906,2.1389,-0.2329,12.8,14.6,-1.8,4.6,6.0,-1.4,1.8,1.4,0.4
3941022,UEFA Euro,2024,Europe,2024-07-02,Austria,Turkey,1,2,3,True,True,True,7,5,1.232,1.356,-0.124,12.6,14.2,-1.6,4.8,3.2,1.6,1.6,1.2,0.4,6,5,1.391,1.9496,-0.5586,17.8,15.4,2.4,5.2,6.0,-0.8,1.2,2.0,-0.8
3939991,Copa America,2024,South America,2024-07-03,Brazil,Colombia,1,1,2,True,False,True,12,5,3.1918,1.0447,2.1471,20.0,9.0,11.0,8.2,4.0,4.2,1.8,0.8,1.0,6,5,1.9889,1.726,0.2629,13.0,11.2,1.8,4.2,3.0,1.2,2.0,0.4,1.6
3939992,Copa America,2024,South America,2024-07-03,Costa Rica,Paraguay,2,1,3,True,True,True,8,5,0.2872,2.475,-2.1878,3.6,19.8,-16.2,1.2,6.0,-4.8,0.6,2.8,-2.2,2,2,0.7596,2.1848,-1.4252,13.0,14.0,-1.0,4.5,4.5,0.0,1.0,3.0,-2.0
3942228,Copa America,2024,South America,2024-07-05,Argentina,Ecuador,1,1,2,True,False,True,14,5,3.237,1.4183,1.8187,17.2,9.2,8.0,8.8,3.2,5.6,2.2,0.6,1.6,6,5,1.212,1.0539,0.1581,13.0,11.2,1.8,3.6,3.4,0.2,1.2,1.2,0.0
3942226,UEFA Euro,2024,Europe,2024-07-05,Spain,Germany,2,1,3,True,True,True,18,5,1.9326,1.3892,0.5434,19.4,8.8,10.6,6.8,3.4,3.4,1.8,0.2,1.6,14,5,2.2825,0.7354,1.5471,20.6,6.6,14.0,8.0,2.4,5.6,2.8,0.8,2.0
3942349,UEFA Euro,2024,Europe,2024-07-05,Portugal,France,0,0,0,False,False,False,17,5,2.1821,1.2955,0.8866,17.6,9.0,8.6,5.6,3.2,2.4,1.0,0.8,0.2,22,5,2.3366,1.7842,0.5524,16.2,10.6,5.6,4.8,5.2,-0.4,1.2,0.8,0.4
3942229,Copa America,2024,South America,2024-07-06,Venezuela,Canada,1,1,2,True,False,True,3,3,1.4793,1.2625,0.2168,13.6667,11.6667,2.0,3.3333,3.3333,0.0,2.0,0.3333,1.6667,6,5,0.7936,1.5211,-0.7275,7.4,11.2,-3.8,1.8,5.6,-3.8,0.6,1.6,-1.0
3942416,Copa America,2024,South America,2024-07-06,Colombia,Panama,5,0,5,True,True,False,7,5,2.0122,1.5643,0.4479,13.0,10.4,2.6,4.8,3.2,1.6,1.6,0.6,1.0,6,5,0.8766,1.818,-0.9414,10.6,11.8,-1.2,3.8,5.2,-1.4,1.6,2.6,-1.0
3942227,UEFA Euro,2024,Europe,2024-07-06,England,Switzerland,1,1,2,True,False,True,23,5,1.2854,0.707,0.5784,12.2,9.4,2.8,3.8,3.6,0.2,1.0,0.8,0.2,17,5,1.0841,1.2853,-0.2012,11.2,12.4,-1.2,4.4,3.6,0.8,1.6,1.8,-0.2
3942382,UEFA Euro,2024,Europe,2024-07-06,Netherlands,Turkey,2,1,3,True,True,True,13,5,2.1349,1.862,0.2729,15.4,12.0,3.4,4.6,5.0,-0.4,1.8,1.2,0.6,7,5,1.3054,1.8722,-0.5668,15.4,16.4,-1.0,4.8,5.6,-0.8,1.6,1.8,-0.2
3942415,Copa America,2024,South America,2024-07-07,Uruguay,Brazil,0,0,0,False,False,False,11,5,1.5614,0.7338,0.8276,14.6,9.2,5.4,6.0,2.6,3.4,2.2,0.6,1.6,13,5,2.7773,1.2686,1.5087,17.2,10.2,7.0,7.2,4.6,2.6,2.0,0.8,1.2
3942752,UEFA Euro,2024,Europe,2024-07-09,Spain,France,2,1,3,True,True,True,19,5,1.6703,0.9742,0.6961,20.2,11.4,8.8,7.4,3.0,4.4,2.2,0.4,1.8,23,5,2.2523,1.5143,0.738,18.4,9.6,8.8,5.2,3.8,1.4,0.6,0.2,0.4
3942785,Copa America,2024,South America,2024-07-10,Argentina,Canada,2,0,2,True,False,False,15,5,3.8193,2.2408,1.5785,18.0,9.4,8.6,8.6,4.0,4.6,1.8,0.8,1.0,7,5,1.9467,2.1236,-0.1769,10.2,12.8,-2.6,3.4,5.2,-1.8,0.6,1.0,-0.4
3942819,UEFA Euro,2024,Europe,2024-07-10,Netherlands,England,1,2,3,True,True,True,14,5,1.3813,0.9271,0.4542,15.2,11.2,4.0,4.0,4.0,0.0,1.8,1.0,0.8,24,5,1.7058,1.4062,0.2996,12.6,11.0,1.6,4.0,4.0,0.0,1.0,0.6,0.4
3942852,Copa America,2024,South America,2024-07-11,Uruguay,Colombia,0,1,1,False,False,False,12,5,2.2276,1.2531,0.9745,15.8,8.4,7.4,6.6,3.2,3.4,2.2,0.2,2.0,8,5,2.3913,1.6141,0.7772,13.6,11.8,1.8,5.4,3.0,2.4,2.4,0.6,1.8
3943076,Copa America,2024,South America,2024-07-14,Canada,Uruguay,2,2,4,True,True,True,8,5,1.8711,2.3892,-0.5181,11.0,13.6,-2.6,3.8,5.4,-1.6,0.4,1.0,-0.6,13,5,2.0512,1.2089,0.8423,15.6,8.8,6.8,5.8,3.2,2.6,1.8,0.4,1.4
3943043,UEFA Euro,2024,Europe,2024-07-14,Spain,England,2,1,3,True,True,True,20,5,1.4412,0.6479,0.7933,19.2,10.0,9.2,6.6,2.6,4.0,2.0,0.6,1.4,25,5,1.8413,1.4387,0.4026,13.4,11.2,2.2,4.4,4.4,0.0,1.2,0.8,0.4
3943077,Copa America,2024,South America,2024-07-15,Argentina,Colombia,1,0,1,False,False,False,16,5,2.9917,1.303,1.6887,15.4,8.4,7.0,6.4,2.8,3.6,1.6,0.2,1.4,9,5,1.6759,0.5327,1.1432,12.0,9.6,2.4,4.6,2.0,2.6,2.4,0.4,2.0
