alignment_status,alignment_reason,statsbomb_match_id,statsbomb_competition_name,statsbomb_season_name,match_date,statsbomb_team_a_name,statsbomb_team_b_name,statsbomb_team_a_score,statsbomb_team_b_score,clean_match_id,feature_id,kaggle_competition_name,kaggle_team_a_name,kaggle_team_b_name,kaggle_team_a_score,kaggle_team_b_score,result_1x2,feature_version,elo_gap,target_over_1_5,target_over_2_5,target_btts,team_a_xg_for_last_5,team_b_xg_for_last_5,team_a_shots_for_last_5,team_b_shots_for_last_5,team_a_shots_on_target_for_last_5,team_b_shots_on_target_for_last_5,team_a_statsbomb_history_count,team_b_statsbomb_history_count
matched_direct,date_team_score_match,7525,FIFA World Cup,2018,2018-06-14,Russia,Saudi Arabia,5,0,7841,7841,FIFA World Cup,Russia,Saudi Arabia,5,0,TEAM_A_WIN,national_v1_elo_form,-84.098,True,True,False,0.0,0.0,0.0,0.0,0.0,0.0,0,0
matched_direct,date_team_score_match,7576,FIFA World Cup,2018,2018-06-15,Portugal,Spain,3,3,7844,7844,FIFA World Cup,Portugal,Spain,3,3,DRAW,national_v1_elo_form,-106.500,True,True,True,0.0,0.0,0.0,0.0,0.0,0.0,0,0
matched_direct,date_team_score_match,7577,FIFA World Cup,2018,2018-06-15,Morocco,Iran,0,1,7843,7843,FIFA World Cup,Morocco,Iran,0,1,TEAM_B_WIN,national_v1_elo_form,-141.680,False,False,False,0.0,0.0,0.0,0.0,0.0,0.0,0,0
matched_direct,date_team_score_match,7578,FIFA World Cup,2018,2018-06-15,Egypt,Uruguay,0,1,7842,7842,FIFA World Cup,Egypt,Uruguay,0,1,TEAM_B_WIN,national_v1_elo_form,-3.804,False,False,False,0.0,0.0,0.0,0.0,0.0,0.0,0,0
matched_direct,date_team_score_match,7529,FIFA World Cup,2018,2018-06-16,Croatia,Nigeria,2,0,7848,7848,FIFA World Cup,Croatia,Nigeria,2,0,TEAM_A_WIN,national_v1_elo_form,8.041,True,False,False,0.0,0.0,0.0,0.0,0.0,0.0,0,0
matched_direct,date_team_score_match,7530,FIFA World Cup,2018,2018-06-16,France,Australia,2,1,7845,7845,FIFA World Cup,France,Australia,2,1,TEAM_A_WIN,national_v1_elo_form,56.455,True,True,True,0.0,0.0,0.0,0.0,0.0,0.0,0,0
matched_direct,date_team_score_match,7531,FIFA World Cup,2018,2018-06-16,Argentina,Iceland,1,1,7846,7846,FIFA World Cup,Argentina,Iceland,1,1,DRAW,national_v1_elo_form,175.538,True,False,True,0.0,0.0,0.0,0.0,0.0,0.0,0,0
matched_direct,date_team_score_match,7532,FIFA World Cup,2018,2018-06-16,Peru,Denmark,0,1,7847,7847,FIFA World Cup,Peru,Denmark,0,1,TEAM_B_WIN,national_v1_elo_form,-41.925,False,False,False,0.0,0.0,0.0,0.0,0.0,0.0,0,0
matched_direct,date_team_score_match,7533,FIFA World Cup,2018,2018-06-17,Brazil,Switzerland,1,1,7851,7851,FIFA World Cup,Brazil,Switzerland,1,1,DRAW,national_v1_elo_form,127.251,True,False,True,0.0,0.0,0.0,0.0,0.0,0.0,0,0
matched_direct,date_team_score_match,7534,FIFA World Cup,2018,2018-06-17,Germany,Mexico,0,1,7850,7850,FIFA World Cup,Germany,Mexico,0,1,TEAM_B_WIN,national_v1_elo_form,195.433,False,False,False,0.0,0.0,0.0,0.0,0.0,0.0,0,0
matched_direct,date_team_score_match,7535,FIFA World Cup,2018,2018-06-17,Costa Rica,Serbia,0,1,7849,7849,FIFA World Cup,Costa Rica,Serbia,0,1,TEAM_B_WIN,national_v1_elo_form,139.267,False,False,False,0.0,0.0,0.0,0.0,0.0,0.0,0,0
matched_direct,date_team_score_match,7536,FIFA World Cup,2018,2018-06-18,Belgium,Panama,3,0,7853,7853,FIFA World Cup,Belgium,Panama,3,0,TEAM_A_WIN,national_v1_elo_form,172.881,True,True,False,0.0,0.0,0.0,0.0,0.0,0.0,0,0
matched_direct,date_team_score_match,7537,FIFA World Cup,2018,2018-06-18,Tunisia,England,1,2,7854,7854,FIFA World Cup,Tunisia,England,1,2,TEAM_B_WIN,national_v1_elo_form,-62.711,True,True,True,0.0,0.0,0.0,0.0,0.0,0.0,0,0
matched_direct,date_team_score_match,7538,FIFA World Cup,2018,2018-06-18,Sweden,South Korea,1,0,7852,7852,FIFA World Cup,Sweden,South Korea,1,0,TEAM_A_WIN,national_v1_elo_form,33.367,False,False,False,0.0,0.0,0.0,0.0,0.0,0.0,0,0
matched_direct,date_team_score_match,7539,FIFA World Cup,2018,2018-06-19,Poland,Senegal,1,2,7856,7856,FIFA World Cup,Poland,Senegal,1,2,TEAM_B_WIN,national_v1_elo_form,-61.795,True,True,True,0.0,0.0,0.0,0.0,0.0,0.0,0,0
matched_direct,date_team_score_match,7540,FIFA World Cup,2018,2018-06-19,Russia,Egypt,3,1,7857,7857,FIFA World Cup,Russia,Egypt,3,1,TEAM_A_WIN,national_v1_elo_form,-33.735,True,True,True,1.2816,0.3645,14.0,8.0,7.0,3.0,1,1
matched_direct,date_team_score_match,7541,FIFA World Cup,2018,2018-06-19,Colombia,Japan,1,2,7855,7855,FIFA World Cup,Colombia,Japan,1,2,TEAM_B_WIN,national_v1_elo_form,-28.041,True,True,True,0.0,0.0,0.0,0.0,0.0,0.0,0,0
matched_direct,date_team_score_match,7542,FIFA World Cup,2018,2018-06-20,Portugal,Morocco,1,0,7858,7858,FIFA World Cup,Portugal,Morocco,1,0,TEAM_A_WIN,national_v1_elo_form,195.526,False,False,False,1.4346,1.0592,10.0,14.0,3.0,3.0,1,1
matched_direct,date_team_score_match,7543,FIFA World Cup,2018,2018-06-20,Iran,Spain,0,1,7860,7860,FIFA World Cup,Iran,Spain,0,1,TEAM_B_WIN,national_v1_elo_form,-105.705,False,False,False,0.6976,1.6609,8.0,12.0,2.0,5.0,1,1
matched_direct,date_team_score_match,7544,FIFA World Cup,2018,2018-06-20,Uruguay,Saudi Arabia,1,0,7859,7859,FIFA World Cup,Uruguay,Saudi Arabia,1,0,TEAM_A_WIN,national_v1_elo_form,78.653,False,False,False,1.9408,0.2488,16.0,6.0,4.0,0.0,1,1
matched_direct,date_team_score_match,7545,FIFA World Cup,2018,2018-06-21,Argentina,Croatia,0,3,7863,7863,FIFA World Cup,Argentina,Croatia,0,3,TEAM_B_WIN,national_v1_elo_form,21.894,True,True,False,2.0805,1.6945,28.0,11.0,7.0,2.0,1,1
matched_direct,date_team_score_match,7546,FIFA World Cup,2018,2018-06-21,France,Peru,1,0,7862,7862,FIFA World Cup,France,Peru,1,0,TEAM_A_WIN,national_v1_elo_form,227.418,False,False,False,1.5616,1.9264,12.0,17.0,4.0,6.0,1,1
matched_direct,date_team_score_match,7547,FIFA World Cup,2018,2018-06-21,Denmark,Australia,1,1,7861,7861,FIFA World Cup,Denmark,Australia,1,1,DRAW,national_v1_elo_form,-25.908,True,False,True,1.1216,0.98,11.0,5.0,3.0,2.0,1,1
matched_direct,date_team_score_match,7548,FIFA World Cup,2018,2018-06-22,Brazil,Costa Rica,2,0,7864,7864,FIFA World Cup,Brazil,Costa Rica,2,0,TEAM_A_WIN,national_v1_elo_form,107.558,True,False,False,1.8666,0.596,21.0,10.0,4.0,3.0,1,1
matched_direct,date_team_score_match,7549,FIFA World Cup,2018,2018-06-22,Nigeria,Iceland,2,0,7865,7865,FIFA World Cup,Nigeria,Iceland,2,0,TEAM_A_WIN,national_v1_elo_form,59.017,True,False,False,0.7623,1.0321,13.0,9.0,2.0,2.0,1,1
matched_direct,date_team_score_match,7550,FIFA World Cup,2018,2018-06-22,Serbia,Switzerland,1,2,7866,7866,FIFA World Cup,Serbia,Switzerland,1,2,TEAM_B_WIN,national_v1_elo_form,-57.777,True,True,True,1.9926,0.4721,12.0,7.0,2.0,2.0,1,1
matched_direct,date_team_score_match,7551,FIFA World Cup,2018,2018-06-23,Germany,Sweden,2,1,7869,7869,FIFA World Cup,Germany,Sweden,2,1,TEAM_A_WIN,national_v1_elo_form,232.033,True,True,True,2.2993,2.0151,26.0,16.0,9.0,4.0,1,1
matched_direct,date_team_score_match,7552,FIFA World Cup,2018,2018-06-23,Belgium,Tunisia,5,2,7867,7867,FIFA World Cup,Belgium,Tunisia,5,2,TEAM_A_WIN,national_v1_elo_form,155.409,True,True,True,1.2121,0.9457,15.0,6.0,6.0,1.0,1,1
matched_direct,date_team_score_match,7553,FIFA World Cup,2018,2018-06-23,South Korea,Mexico,1,2,7868,7868,FIFA World Cup,South Korea,Mexico,1,2,TEAM_B_WIN,national_v1_elo_form,-214.812,True,True,True,0.4144,0.9933,5.0,12.0,0.0,4.0,1,1
matched_direct,date_team_score_match,7554,FIFA World Cup,2018,2018-06-24,England,Panama,6,1,7870,7870,FIFA World Cup,England,Panama,6,1,TEAM_A_WIN,national_v1_elo_form,161.857,True,True,True,2.6264,0.6254,18.0,7.0,7.0,2.0,1,1
matched_direct,date_team_score_match,7555,FIFA World Cup,2018,2018-06-24,Poland,Colombia,0,3,7872,7872,FIFA World Cup,Poland,Colombia,0,3,TEAM_B_WIN,national_v1_elo_form,-86.753,True,True,False,1.0423,0.8063,10.0,10.0,3.0,3.0,1,1
matched_direct,date_team_score_match,7556,FIFA World Cup,2018,2018-06-24,Japan,Senegal,2,2,7871,7871,FIFA World Cup,Japan,Senegal,2,2,DRAW,national_v1_elo_form,58.727,True,True,True,2.3207,1.4278,14.0,7.0,6.0,1.0,1,1
matched_direct,date_team_score_match,7557,FIFA World Cup,2018,2018-06-25,Iran,Portugal,1,1,7876,7876,FIFA World Cup,Iran,Portugal,1,1,DRAW,national_v1_elo_form,-52.885,True,False,True,0.562,1.1598,7.0,11.0,1.0,2.5,2,2
matched_reversed,date_team_score_match,7558,FIFA World Cup,2018,2018-06-25,Uruguay,Russia,3,0,7873,7873,FIFA World Cup,Russia,Uruguay,0,3,TEAM_B_WIN,national_v1_elo_form,-91.607,True,True,False,1.8741,1.1314,15.0,13.0,3.5,5.5,2,2
matched_direct,date_team_score_match,7559,FIFA World Cup,2018,2018-06-25,Saudi Arabia,Egypt,2,1,7874,7874,FIFA World Cup,Saudi Arabia,Egypt,2,1,TEAM_A_WIN,national_v1_elo_form,-10.231,True,True,True,0.2611,1.031,7.0,11.5,1.0,2.5,2,2
matched_direct,date_team_score_match,7560,FIFA World Cup,2018,2018-06-25,Spain,Morocco,2,2,7875,7875,FIFA World Cup,Spain,Morocco,2,2,DRAW,national_v1_elo_form,320.033,True,True,True,1.9289,1.2571,15.0,15.5,4.0,3.5,2,2
matched_direct,date_team_score_match,7561,FIFA World Cup,2018,2018-06-26,Iceland,Croatia,1,2,7880,7880,FIFA World Cup,Iceland,Croatia,1,2,TEAM_B_WIN,national_v1_elo_form,-182.511,True,True,True,1.2921,1.7631,9.5,12.5,2.5,3.5,2,2
matched_direct,date_team_score_match,7562,FIFA World Cup,2018,2018-06-26,Australia,Peru,0,2,7877,7877,FIFA World Cup,Australia,Peru,0,2,TEAM_B_WIN,national_v1_elo_form,131.153,True,False,False,1.1961,1.2758,9.0,14.5,3.5,4.0,2,2
matched_direct,date_team_score_match,7563,FIFA World Cup,2018,2018-06-26,Denmark,France,0,0,7878,7878,FIFA World Cup,Denmark,France,0,0,DRAW,national_v1_elo_form,-143.223,False,False,False,1.068,1.712,10.5,12.0,4.0,4.0,2,2
matched_direct,date_team_score_match,7564,FIFA World Cup,2018,2018-06-26,Nigeria,Argentina,1,2,7879,7879,FIFA World Cup,Nigeria,Argentina,1,2,TEAM_B_WIN,national_v1_elo_form,-31.707,True,True,True,1.0373,1.6493,15.0,19.0,3.0,5.0,2,2
matched_direct,date_team_score_match,7565,FIFA World Cup,2018,2018-06-27,Serbia,Brazil,0,2,7883,7883,FIFA World Cup,Serbia,Brazil,0,2,TEAM_B_WIN,national_v1_elo_form,-210.041,True,False,False,1.573,2.4815,12.0,22.0,2.5,6.5,2,2
matched_direct,date_team_score_match,7566,FIFA World Cup,2018,2018-06-27,Mexico,Sweden,0,3,7882,7882,FIFA World Cup,Mexico,Sweden,0,3,TEAM_B_WIN,national_v1_elo_form,153.185,True,True,False,1.4354,1.4151,13.0,11.5,4.5,5.0,2,2
matched_direct,date_team_score_match,7567,FIFA World Cup,2018,2018-06-27,South Korea,Germany,2,0,7881,7881,FIFA World Cup,South Korea,Germany,2,0,TEAM_A_WIN,national_v1_elo_form,-345.650,True,False,False,0.6181,1.8087,11.0,22.0,3.0,7.0,2,2
matched_direct,date_team_score_match,7568,FIFA World Cup,2018,2018-06-27,Switzerland,Costa Rica,2,2,7884,7884,FIFA World Cup,Switzerland,Costa Rica,2,2,DRAW,national_v1_elo_form,47.406,True,True,True,1.0147,0.3773,13.0,7.0,3.5,1.5,2,2
matched_direct,date_team_score_match,7569,FIFA World Cup,2018,2018-06-28,Panama,Tunisia,1,2,7887,7887,FIFA World Cup,Panama,Tunisia,1,2,TEAM_B_WIN,national_v1_elo_form,-49.404,True,True,True,0.8527,1.0669,7.5,11.5,2.0,3.0,2,2
matched_direct,date_team_score_match,7570,FIFA World Cup,2018,2018-06-28,England,Belgium,0,1,7888,7888,FIFA World Cup,England,Belgium,0,1,TEAM_B_WIN,national_v1_elo_form,-43.866,False,False,False,2.8973,3.2743,14.5,19.0,7.0,8.5,2,2
matched_direct,date_team_score_match,7571,FIFA World Cup,2018,2018-06-28,Senegal,Colombia,0,1,7886,7886,FIFA World Cup,Senegal,Colombia,0,1,TEAM_B_WIN,national_v1_elo_form,6.844,False,False,False,1.653,1.0966,11.0,11.5,4.0,3.0,2,2
matched_direct,date_team_score_match,7572,FIFA World Cup,2018,2018-06-28,Japan,Poland,0,1,7885,7885,FIFA World Cup,Japan,Poland,0,1,TEAM_B_WIN,national_v1_elo_form,187.600,False,False,False,1.6515,1.0783,10.5,10.5,4.5,2.5,2,2
matched_direct,date_team_score_match,7579,FIFA World Cup,2018,2018-06-30,Uruguay,Portugal,2,1,7890,7890,FIFA World Cup,Uruguay,Portugal,2,1,TEAM_A_WIN,national_v1_elo_form,-30.129,True,True,True,2.0769,1.2807,15.3333,12.3333,4.3333,3.0,3,3
matched_direct,date_team_score_match,7580,FIFA World Cup,2018,2018-06-30,France,Argentina,4,3,7889,7889,FIFA World Cup,France,Argentina,4,3,TEAM_A_WIN,national_v1_elo_form,97.672,True,True,True,1.2807,1.3831,11.6667,15.3333,4.0,4.3333,3,3
matched_direct,date_team_score_match,7581,FIFA World Cup,2018,2018-07-01,Croatia,Denmark,1,1,7892,7892,FIFA World Cup,Croatia,Denmark,1,1,DRAW,national_v1_elo_form,52.287,True,False,True,1.4,0.7583,12.6667,8.6667,3.0,3.0,3,3
matched_reversed,date_team_score_match,7582,FIFA World Cup,2018,2018-07-01,Spain,Russia,1,1,7891,7891,FIFA World Cup,Russia,Spain,1,1,DRAW,national_v1_elo_form,-252.432,True,False,True,2.1541,0.8143,16.0,9.6667,3.6667,4.0,3,3
matched_direct,date_team_score_match,7583,FIFA World Cup,2018,2018-07-02,Brazil,Mexico,2,0,7893,7893,FIFA World Cup,Brazil,Mexico,2,0,TEAM_A_WIN,national_v1_elo_form,33.480,True,False,False,2.1276,1.4939,19.6667,16.0,6.6667,4.0,3,3
matched_direct,date_team_score_match,7584,FIFA World Cup,2018,2018-07-02,Belgium,Japan,3,2,7894,7894,FIFA World Cup,Belgium,Japan,3,2,TEAM_A_WIN,national_v1_elo_form,155.004,True,True,True,2.5046,1.3978,17.3333,10.6667,6.6667,4.0,3,3
matched_direct,date_team_score_match,7585,FIFA World Cup,2018,2018-07-03,Colombia,England,1,1,7896,7896,FIFA World Cup,Colombia,England,1,1,DRAW,national_v1_elo_form,-38.817,True,False,True,0.826,2.3318,9.0,13.6667,2.6667,5.0,3,3
matched_direct,date_team_score_match,7586,FIFA World Cup,2018,2018-07-03,Sweden,Switzerland,1,0,7895,7895,FIFA World Cup,Sweden,Switzerland,1,0,TEAM_A_WIN,national_v1_elo_form,18.208,False,False,False,1.8736,1.083,12.6667,13.0,5.0,3.3333,3,3
matched_direct,date_team_score_match,8649,FIFA World Cup,2018,2018-07-06,Uruguay,France,0,2,7897,7897,FIFA World Cup,Uruguay,France,0,2,TEAM_B_WIN,national_v1_elo_form,-35.396,True,False,False,1.6767,1.37,13.25,11.0,4.0,4.0,4,4
matched_direct,date_team_score_match,8650,FIFA World Cup,2018,2018-07-06,Brazil,Belgium,1,2,7898,7898,FIFA World Cup,Brazil,Belgium,1,2,TEAM_B_WIN,national_v1_elo_form,18.542,True,True,True,2.4258,2.6079,19.5,20.0,7.5,6.75,4,4
matched_direct,date_team_score_match,8651,FIFA World Cup,2018,2018-07-07,Sweden,England,0,2,7899,7899,FIFA World Cup,Sweden,England,0,2,TEAM_B_WIN,national_v1_elo_form,35.159,True,False,False,1.6328,3.2893,12.5,15.75,4.5,5.5,4,4
matched_direct,date_team_score_match,8652,FIFA World Cup,2018,2018-07-07,Russia,Croatia,2,2,7900,7900,FIFA World Cup,Russia,Croatia,2,2,DRAW,national_v1_elo_form,-102.933,True,True,True,1.7458,2.572,10.25,16.0,4.25,5.0,4,4
matched_direct,date_team_score_match,8655,FIFA World Cup,2018,2018-07-10,France,Belgium,1,0,7901,7901,FIFA World Cup,France,Belgium,1,0,TEAM_A_WIN,national_v1_elo_form,-33.158,False,False,False,1.2038,2.1674,11.0,17.6,3.6,6.0,5,5
matched_direct,date_team_score_match,8656,FIFA World Cup,2018,2018-07-11,Croatia,England,2,1,7902,7902,FIFA World Cup,Croatia,England,2,1,TEAM_A_WIN,national_v1_elo_form,-42.742,True,True,True,3.1712,2.7831,17.4,15.0,5.8,4.8,5,5
matched_direct,date_team_score_match,8657,FIFA World Cup,2018,2018-07-14,Belgium,England,2,0,7903,7903,FIFA World Cup,Belgium,England,2,0,TEAM_A_WIN,national_v1_elo_form,116.499,True,False,False,2.0383,2.3671,16.4,13.6,5.2,3.6,6,6
matched_direct,date_team_score_match,8658,FIFA World Cup,2018,2018-07-15,France,Croatia,4,2,7904,7904,FIFA World Cup,France,Croatia,4,2,TEAM_A_WIN,national_v1_elo_form,124.449,True,True,True,1.2278,3.2605,12.4,19.6,3.8,6.8,6,6
unmatched,no exact match on date/team/score; same_date_candidates=12,3788741,UEFA Euro,2020,2021-06-11,Turkey,Italy,0,3,,,,,,,,,,,True,True,False,0.0,0.0,0.0,0.0,0.0,0.0,0,0
unmatched,no exact match on date/team/score; same_date_candidates=3,3788742,UEFA Euro,2020,2021-06-12,Denmark,Finland,0,1,,,,,,,,,,,False,False,False,1.7222,0.0,11.25,0.0,4.25,0.0,4,0
unmatched,no exact match on date/team/score; same_date_candidates=3,3788743,UEFA Euro,2020,2021-06-12,Belgium,Russia,3,0,,,,,,,,,,,True,True,False,1.2352,2.3944,14.0,11.8,3.8,5.4,7,5
unmatched,no exact match on date/team/score; same_date_candidates=3,3788744,UEFA Euro,2020,2021-06-12,Wales,Switzerland,1,1,,,,,,,,,,,True,False,True,0.0,0.9455,0.0,13.75,0.0,3.25,0,4
unmatched,no exact match on date/team/score; same_date_candidates=1,3788745,UEFA Euro,2020,2021-06-13,England,Croatia,1,0,,,,,,,,,,,False,False,False,2.0006,3.1902,14.4,19.8,3.2,6.4,7,7
unmatched,no exact match on date/team/score; same_date_candidates=1,3788746,UEFA Euro,2020,2021-06-13,Netherlands,Ukraine,3,2,,,,,,,,,,,True,True,True,0.0,0.0,0.0,0.0,0.0,0.0,0,0
unmatched,no exact match on date/team/score; same_date_candidates=1,3788747,UEFA Euro,2020,2021-06-13,Austria,North Macedonia,3,1,,,,,,,,,,,True,True,True,0.0,0.0,0.0,0.0,0.0,0.0,0,0
unmatched,no exact match on date/team/score; same_date_candidates=0,3788748,UEFA Euro,2020,2021-06-14,Scotland,Czech Republic,0,2,,,,,,,,,,,True,False,False,0.0,0.0,0.0,0.0,0.0,0.0,0,0
unmatched,no exact match on date/team/score; same_date_candidates=0,3788749,UEFA Euro,2020,2021-06-14,Poland,Slovakia,1,2,,,,,,,,,,,True,True,True,1.0657,0.0,10.6667,0.0,2.3333,0.0,3,0
unmatched,no exact match on date/team/score; same_date_candidates=0,3788750,UEFA Euro,2020,2021-06-14,Spain,Sweden,0,0,,,,,,,,,,,False,False,False,2.9552,1.4731,19.25,11.6,6.25,4.2,4,5
unmatched,no exact match on date/team/score; same_date_candidates=17,3788751,UEFA Euro,2020,2021-06-15,France,Germany,1,0,,,,,,,,,,,False,False,False,1.0749,2.1079,11.6,24.3333,4.2,6.6667,7,3
unmatched,no exact match on date/team/score; same_date_candidates=17,3788752,UEFA Euro,2020,2021-06-15,Hungary,Portugal,0,3,,,,,,,,,,,True,True,False,0.0,1.2094,0.0,14.5,0.0,3.25,0,4
unmatched,no exact match on date/team/score; same_date_candidates=0,3788753,UEFA Euro,2020,2021-06-16,Finland,Russia,0,1,,,,,,,,,,,False,False,False,0.2885,2.1895,1.0,10.0,1.0,4.2,1,6
unmatched,no exact match on date/team/score; same_date_candidates=0,3788754,UEFA Euro,2020,2021-06-16,Italy,Switzerland,3,0,,,,,,,,,,,True,True,False,1.5909,1.0684,24.0,14.6,8.0,3.4,1,5
unmatched,no exact match on date/team/score; same_date_candidates=0,3788755,UEFA Euro,2020,2021-06-16,Turkey,Wales,0,2,,,,,,,,,,,True,False,False,0.151,0.5759,3.0,9.0,0.0,2.0,1,1
unmatched,no exact match on date/team/score; same_date_candidates=0,3788756,UEFA Euro,2020,2021-06-17,Netherlands,Austria,2,0,,,,,,,,,,,True,False,False,1.4298,1.4414,15.0,10.0,7.0,6.0,1,1
unmatched,no exact match on date/team/score; same_date_candidates=0,3788757,UEFA Euro,2020,2021-06-17,Denmark,Belgium,1,2,,,,,,,,,,,True,True,True,1.7683,1.3208,13.4,13.0,4.6,4.0,5,8
unmatched,no exact match on date/team/score; same_date_candidates=0,3788758,UEFA Euro,2020,2021-06-17,Ukraine,North Macedonia,2,1,,,,,,,,,,,True,True,True,0.5937,0.8399,7.0,7.0,5.0,2.0,1,1
unmatched,no exact match on date/team/score; same_date_candidates=0,3788759,UEFA Euro,2020,2021-06-18,England,Scotland,0,0,,,,,,,,,,,False,False,False,1.9018,1.7327,13.6,19.0,3.4,4.0,8,1
unmatched,no exact match on date/team/score; same_date_candidates=0,3788760,UEFA Euro,2020,2021-06-18,Croatia,Czech Republic,1,1,,,,,,,,,,,True,False,True,3.1235,0.8108,18.8,10.0,6.2,7.0,8,1
unmatched,no exact match on date/team/score; same_date_candidates=0,3788761,UEFA Euro,2020,2021-06-18,Sweden,Slovakia,1,0,,,,,,,,,,,False,False,False,1.2332,0.3538,9.2,11.0,3.4,2.0,6,1
unmatched,no exact match on date/team/score; same_date_candidates=0,3788762,UEFA Euro,2020,2021-06-19,Spain,Poland,1,1,,,,,,,,,,,True,False,True,2.7497,1.1465,18.8,12.5,6.0,2.75,5,4
unmatched,no exact match on date/team/score; same_date_candidates=0,3788763,UEFA Euro,2020,2021-06-19,Hungary,France,1,1,,,,,,,,,,,True,False,True,0.1976,1.0805,5.0,10.2,3.0,3.6,1,8
unmatched,no exact match on date/team/score; same_date_candidates=0,3788764,UEFA Euro,2020,2021-06-19,Portugal,Germany,2,4,,,,,,,,,,,True,True,True,1.5037,1.7873,13.8,20.75,4.0,5.25,5,4
unmatched,no exact match on date/team/score; same_date_candidates=0,3788765,UEFA Euro,2020,2021-06-20,Switzerland,Turkey,3,1,,,,,,,,,,,True,True,True,1.0407,0.7307,14.4,10.5,3.2,2.5,6,2
unmatched,no exact match on date/team/score; same_date_candidates=0,3788766,UEFA Euro,2020,2021-06-20,Italy,Wales,1,0,,,,,,,,,,,False,False,False,1.6483,1.7249,18.5,12.5,5.5,4.5,2,2
unmatched,no exact match on date/team/score; same_date_candidates=0,3788767,UEFA Euro,2020,2021-06-21,Ukraine,Austria,0,1,,,,,,,,,,,False,False,False,1.9171,0.9198,12.0,9.5,7.0,3.5,2,2
unmatched,no exact match on date/team/score; same_date_candidates=0,3788768,UEFA Euro,2020,2021-06-21,Finland,Belgium,0,2,,,,,,,,,,,True,False,False,0.6268,0.9476,6.0,8.6,1.0,3.4,2,9
unmatched,no exact match on date/team/score; same_date_candidates=0,3788769,UEFA Euro,2020,2021-06-21,Russia,Denmark,1,4,,,,,,,,,,,True,True,True,2.2451,1.8686,10.4,15.4,4.0,5.0,7,6
unmatched,no exact match on date/team/score; same_date_candidates=0,3788770,UEFA Euro,2020,2021-06-21,North Macedonia,Netherlands,0,3,,,,,,,,,,,True,True,False,1.4123,2.3836,10.0,14.5,3.5,5.0,2,2
unmatched,no exact match on date/team/score; same_date_candidates=0,3788771,UEFA Euro,2020,2021-06-22,Croatia,Scotland,3,1,,,,,,,,,,,True,True,True,2.104,1.234,15.8,15.0,4.6,2.5,9,2
unmatched,no exact match on date/team/score; same_date_candidates=0,3788772,UEFA Euro,2020,2021-06-22,Czech Republic,England,0,1,,,,,,,,,,,False,False,False,1.3617,0.8402,10.5,11.0,4.0,2.2,2,9
unmatched,no exact match on date/team/score; same_date_candidates=0,3788773,UEFA Euro,2020,2021-06-23,Portugal,France,2,2,,,,,,,,,,,True,True,True,1.6039,1.0909,13.2,11.8,3.8,3.6,6,9
unmatched,no exact match on date/team/score; same_date_candidates=0,3788774,UEFA Euro,2020,2021-06-23,Germany,Hungary,2,2,,,,,,,,,,,True,True,True,1.8559,0.3356,19.2,5.0,5.6,3.0,5,2
unmatched,no exact match on date/team/score; same_date_candidates=0,3788775,UEFA Euro,2020,2021-06-23,Slovakia,Spain,0,5,,,,,,,,,,,True,True,False,0.4535,2.9405,10.5,18.8,1.0,6.0,2,6
unmatched,no exact match on date/team/score; same_date_candidates=0,3788776,UEFA Euro,2020,2021-06-23,Sweden,Poland,3,2,,,,,,,,,,,True,True,True,1.387,1.0277,10.4,11.0,3.0,2.6,7,5
unmatched,no exact match on date/team/score; same_date_candidates=0,3794685,UEFA Euro,2020,2021-06-26,Italy,Austria,2,1,,,,,,,,,,,True,True,True,1.6553,1.111,20.0,12.3333,6.0,3.6667,3,3
unmatched,no exact match on date/team/score; same_date_candidates=0,3794689,UEFA Euro,2020,2021-06-26,Wales,Denmark,0,4,,,,,,,,,,,True,True,False,1.2302,2.1318,9.3333,16.6,3.3333,5.8,3,7
unmatched,no exact match on date/team/score; same_date_candidates=0,3794687,UEFA Euro,2020,2021-06-27,Belgium,Portugal,1,0,,,,,,,,,,,False,False,False,1.0947,1.8354,10.4,12.8,4.2,4.4,10,7
unmatched,no exact match on date/team/score; same_date_candidates=0,3794690,UEFA Euro,2020,2021-06-27,Netherlands,Czech Republic,0,2,,,,,,,,,,,True,False,False,2.6624,1.0388,15.3333,9.3333,5.6667,3.0,3,3
unmatched,no exact match on date/team/score; same_date_candidates=0,3794686,UEFA Euro,2020,2021-06-28,Croatia,Spain,3,5,,,,,,,,,,,True,True,True,1.1467,3.1457,13.4,19.0,4.2,7.2,10,7
unmatched,no exact match on date/team/score; same_date_candidates=0,3794691,UEFA Euro,2020,2021-06-28,France,Switzerland,3,3,,,,,,,,,,,True,True,True,1.2845,1.1261,11.8,15.2,4.4,4.2,10,7
unmatched,no exact match on date/team/score; same_date_candidates=0,3794688,UEFA Euro,2020,2021-06-29,England,Germany,2,0,,,,,,,,,,,True,False,False,0.817,1.8156,9.8,17.6,2.4,5.0,10,6
unmatched,no exact match on date/team/score; same_date_candidates=0,3794692,UEFA Euro,2020,2021-06-29,Sweden,Ukraine,1,2,,,,,,,,,,,True,True,True,1.0373,1.4148,9.6,9.6667,2.8,5.0,8,3
unmatched,no exact match on date/team/score; same_date_candidates=0,3795107,UEFA Euro,2020,2021-07-02,Belgium,Italy,1,2,,,,,,,,,,,True,True,True,1.0261,1.6207,9.8,21.5,4.0,6.25,11,4
unmatched,no exact match on date/team/score; same_date_candidates=0,3795108,UEFA Euro,2020,2021-07-02,Switzerland,Spain,1,1,,,,,,,,,,,True,False,True,2.0364,3.1808,16.2,20.2,5.6,8.6,8,8
unmatched,no exact match on date/team/score; same_date_candidates=0,3795109,UEFA Euro,2020,2021-07-03,Czech Republic,Denmark,1,2,,,,,,,,,,,True,True,True,1.0974,2.5351,10.0,18.8,3.5,7.2,4,8
unmatched,no exact match on date/team/score; same_date_candidates=0,3795187,UEFA Euro,2020,2021-07-03,Ukraine,England,0,4,,,,,,,,,,,True,True,False,1.3972,0.9404,11.0,8.6,4.75,3.0,4,11
unmatched,no exact match on date/team/score; same_date_candidates=0,3795220,UEFA Euro,2020,2021-07-06,Italy,Spain,1,1,,,,,,,,,,,True,False,True,1.5251,3.4947,20.0,21.2,5.8,8.8,5,9
unmatched,no exact match on date/team/score; same_date_candidates=0,3795221,UEFA Euro,2020,2021-07-07,England,Denmark,2,1,,,,,,,,,,,True,True,True,0.9164,1.8547,7.6,17.2,3.2,7.0,12,9
unmatched,no exact match on date/team/score; same_date_candidates=0,3795506,UEFA Euro,2020,2021-07-11,Italy,England,1,1,,,,,,,,,,,True,False,True,2.0701,1.3851,17.6,10.2,6.0,4.8,6,13
matched_direct,date_team_score_match,3857286,FIFA World Cup,2022,2022-11-20,Qatar,Ecuador,0,2,8771,8771,FIFA World Cup,Qatar,Ecuador,0,2,TEAM_B_WIN,national_v1_elo_form,0.654,True,False,False,0.0,0.0,0.0,0.0,0.0,0.0,0,0
matched_direct,date_team_score_match,3857271,FIFA World Cup,2022,2022-11-21,England,Iran,6,2,8773,8773,FIFA World Cup,England,Iran,6,2,TEAM_A_WIN,national_v1_elo_form,-47.843,True,True,True,2.083,0.9004,10.6,7.6667,5.8,1.3333,14,3
matched_direct,date_team_score_match,3857282,FIFA World Cup,2022,2022-11-21,United States,Wales,1,1,8774,8774,FIFA World Cup,United States,Wales,1,1,DRAW,national_v1_elo_form,117.843,True,False,True,0.0,1.0722,0.0,9.75,0.0,2.75,0,4
matched_direct,date_team_score_match,3857285,FIFA World Cup,2022,2022-11-21,Senegal,Netherlands,0,2,8772,8772,FIFA World Cup,Senegal,Netherlands,0,2,TEAM_B_WIN,national_v1_elo_form,-157.114,True,False,False,1.2223,2.2063,9.6667,13.0,3.6667,4.25,3,4
matched_direct,date_team_score_match,3857254,FIFA World Cup,2022,2022-11-22,Denmark,Tunisia,0,0,8777,8777,FIFA World Cup,Denmark,Tunisia,0,0,DRAW,national_v1_elo_form,64.842,False,False,False,1.5392,1.6621,14.0,12.6667,6.6,4.0,10,3
matched_direct,date_team_score_match,3857265,FIFA World Cup,2022,2022-11-22,Mexico,Poland,0,0,8776,8776,FIFA World Cup,Mexico,Poland,0,0,DRAW,national_v1_elo_form,176.236,False,False,False,1.2661,1.1514,15.5,12.6,3.25,3.2,4,6
matched_direct,date_team_score_match,3857279,FIFA World Cup,2022,2022-11-22,France,Australia,4,1,8778,8778,FIFA World Cup,France,Australia,4,1,TEAM_A_WIN,national_v1_elo_form,189.719,True,True,True,2.2608,1.3405,14.2,11.3333,6.0,3.0,11,3
matched_direct,date_team_score_match,3857300,FIFA World Cup,2022,2022-11-22,Argentina,Saudi Arabia,1,2,8775,8775,FIFA World Cup,Argentina,Saudi Arabia,1,2,TEAM_B_WIN,national_v1_elo_form,48.358,True,True,True,1.3989,1.0227,14.5,11.6667,4.25,3.0,4,3
matched_direct,date_team_score_match,3857268,FIFA World Cup,2022,2022-11-23,Belgium,Canada,1,0,8782,8782,FIFA World Cup,Belgium,Canada,1,0,TEAM_A_WIN,national_v1_elo_form,155.694,False,False,False,1.1226,0.0,9.6,0.0,3.8,0.0,12,0
matched_direct,date_team_score_match,3857277,FIFA World Cup,2022,2022-11-23,Morocco,Croatia,0,0,8781,8781,FIFA World Cup,Morocco,Croatia,0,0,DRAW,national_v1_elo_form,-91.481,False,False,False,1.1954,1.2761,13.0,11.2,3.3333,4.0,3,11
matched_direct,date_team_score_match,3857284,FIFA World Cup,2022,2022-11-23,Germany,Japan,1,2,8779,8779,FIFA World Cup,Germany,Japan,1,2,TEAM_B_WIN,national_v1_elo_form,129.980,True,True,True,1.7637,1.2218,15.8,11.0,4.6,4.0,7,4
matched_direct,date_team_score_match,3857291,FIFA World Cup,2022,2022-11-23,Spain,Costa Rica,7,0,8780,8780,FIFA World Cup,Spain,Costa Rica,7,0,TEAM_A_WIN,national_v1_elo_form,97.555,True,True,False,4.0164,0.777,21.8,9.3333,9.2,3.0,10,3
matched_direct,date_team_score_match,3857258,FIFA World Cup,2022,2022-11-24,Brazil,Serbia,2,0,8784,8784,FIFA World Cup,Brazil,Serbia,2,0,TEAM_A_WIN,national_v1_elo_form,234.959,True,False,False,2.4625,1.3648,20.6,11.6667,7.8,2.0,5,3
matched_direct,date_team_score_match,3857287,FIFA World Cup,2022,2022-11-24,Uruguay,South Korea,0,0,8785,8785,FIFA World Cup,Uruguay,South Korea,0,0,DRAW,national_v1_elo_form,-29.827,False,False,False,1.48,1.0036,12.6,11.3333,4.0,3.6667,5,3
matched_direct,date_team_score_match,3857290,FIFA World Cup,2022,2022-11-24,Switzerland,Cameroon,1,0,8783,8783,FIFA World Cup,Switzerland,Cameroon,1,0,TEAM_A_WIN,national_v1_elo_form,89.454,False,False,False,2.7214,0.0,15.4,0.0,6.0,0.0,9,0
matched_direct,date_team_score_match,3857298,FIFA World Cup,2022,2022-11-24,Portugal,Ghana,3,2,8786,8786,FIFA World Cup,Portugal,Ghana,3,2,TEAM_A_WIN,national_v1_elo_form,126.147,True,True,True,1.7739,0.0,14.4,0.0,4.4,0.0,8,0
matched_direct,date_team_score_match,3857272,FIFA World Cup,2022,2022-11-25,England,United States,0,0,8790,8790,FIFA World Cup,England,United States,0,0,DRAW,national_v1_elo_form,70.537,False,False,False,2.352,0.6025,12.0,6.0,6.6,1.0,15,1
matched_direct,date_team_score_match,3857273,FIFA World Cup,2022,2022-11-25,Wales,Iran,0,2,8789,8789,FIFA World Cup,Wales,Iran,0,2,TEAM_B_WIN,national_v1_elo_form,-148.407,True,False,False,1.1369,1.0392,9.2,7.75,2.8,1.75,5,4
matched_direct,date_team_score_match,3857274,FIFA World Cup,2022,2022-11-25,Netherlands,Ecuador,1,1,8788,8788,FIFA World Cup,Netherlands,Ecuador,1,1,DRAW,national_v1_elo_form,218.856,True,False,True,1.9898,1.154,12.4,6.0,4.0,3.0,5,1
matched_direct,date_team_score_match,3857301,FIFA World Cup,2022,2022-11-25,Qatar,Senegal,1,3,8787,8787,FIFA World Cup,Qatar,Senegal,1,3,TEAM_B_WIN,national_v1_elo_form,-95.197,True,True,True,0.3042,1.0896,5.0,11.0,0.0,3.75,1,4
matched_direct,date_team_score_match,3857266,FIFA World Cup,2022,2022-11-26,France,Denmark,2,1,8794,8794,FIFA World Cup,France,Denmark,2,1,TEAM_A_WIN,national_v1_elo_form,186.878,True,True,True,2.6753,1.528,17.2,12.0,6.0,6.6,12,11
matched_direct,date_team_score_match,3857288,FIFA World Cup,2022,2022-11-26,Tunisia,Australia,0,1,8793,8793,FIFA World Cup,Tunisia,Australia,0,1,TEAM_B_WIN,national_v1_elo_form,-20.785,False,False,False,1.5116,1.0862,12.75,9.5,3.25,2.5,4,4
matched_direct,date_team_score_match,3857289,FIFA World Cup,2022,2022-11-26,Argentina,Mexico,2,0,8792,8792,FIFA World Cup,Argentina,Mexico,2,0,TEAM_A_WIN,national_v1_elo_form,-12.724,True,False,False,1.6175,1.1187,14.6,14.6,4.6,3.4,5,5
matched_direct,date_team_score_match,3857297,FIFA World Cup,2022,2022-11-26,Poland,Saudi Arabia,2,0,8791,8791,FIFA World Cup,Poland,Saudi Arabia,2,0,TEAM_A_WIN,national_v1_elo_form,-155.384,True,False,False,1.1561,0.8054,11.6,9.5,3.2,2.75,7,4
matched_direct,date_team_score_match,3857263,FIFA World Cup,2022,2022-11-27,Spain,Germany,1,1,8796,8796,FIFA World Cup,Spain,Germany,1,1,DRAW,national_v1_elo_form,19.255,True,False,True,4.0458,1.776,22.8,15.2,9.8,5.2,11,8
matched_direct,date_team_score_match,3857281,FIFA World Cup,2022,2022-11-27,Croatia,Canada,4,1,8798,8798,FIFA World Cup,Croatia,Canada,4,1,TEAM_A_WIN,national_v1_elo_form,43.815,True,True,True,1.15,2.5462,9.2,22.0,3.6,3.0,12,1
matched_direct,date_team_score_match,3857283,FIFA World Cup,2022,2022-11-27,Belgium,Morocco,0,2,8797,8797,FIFA World Cup,Belgium,Morocco,0,2,TEAM_B_WIN,national_v1_elo_form,222.696,True,False,False,0.9779,0.9872,9.6,11.75,3.6,3.0,13,4
matched_direct,date_team_score_match,3857295,FIFA World Cup,2022,2022-11-27,Japan,Costa Rica,0,1,8795,8795,FIFA World Cup,Japan,Costa Rica,0,1,TEAM_B_WIN,national_v1_elo_form,73.356,False,False,False,1.2273,0.5827,11.2,7.0,4.0,2.25,5,4
matched_direct,date_team_score_match,3857259,FIFA World Cup,2022,2022-11-28,Cameroon,Serbia,3,3,8799,8799,FIFA World Cup,Cameroon,Serbia,3,3,DRAW,national_v1_elo_form,-47.385,True,True,True,0.6131,1.0644,8.0,10.0,5.0,1.5,1,4
matched_direct,date_team_score_match,3857269,FIFA World Cup,2022,2022-11-28,Brazil,Switzerland,1,0,8800,8800,FIFA World Cup,Brazil,Switzerland,1,0,TEAM_A_WIN,national_v1_elo_form,172.660,False,False,False,2.5139,2.6947,21.0,13.2,8.8,5.8,6,10
matched_direct,date_team_score_match,3857270,FIFA World Cup,2022,2022-11-28,Portugal,Uruguay,2,0,8802,8802,FIFA World Cup,Portugal,Uruguay,2,0,TEAM_A_WIN,national_v1_elo_form,54.451,True,False,False,1.9942,1.1753,12.4,11.4,4.6,3.4,9,6
matched_direct,date_team_score_match,3857299,FIFA World Cup,2022,2022-11-28,South Korea,Ghana,2,3,8801,8801,FIFA World Cup,South Korea,Ghana,2,3,TEAM_B_WIN,national_v1_elo_form,135.510,True,True,True,0.876,0.78,10.25,9.0,2.75,3.0,4,1
matched_direct,date_team_score_match,3857261,FIFA World Cup,2022,2022-11-29,Wales,England,0,3,8805,8805,FIFA World Cup,Wales,England,0,3,TEAM_B_WIN,national_v1_elo_form,-180.678,True,True,False,1.1448,2.2114,9.4,12.6,3.2,6.4,6,16
matched_direct,date_team_score_match,3857267,FIFA World Cup,2022,2022-11-29,Ecuador,Senegal,1,2,8803,8803,FIFA World Cup,Ecuador,Senegal,1,2,TEAM_B_WIN,national_v1_elo_form,-36.544,True,True,True,1.4025,1.0523,10.5,11.2,3.5,3.8,2,5
matched_direct,date_team_score_match,3857278,FIFA World Cup,2022,2022-11-29,Iran,United States,0,1,8806,8806,FIFA World Cup,Iran,United States,0,1,TEAM_B_WIN,national_v1_elo_form,62.072,False,False,False,1.1222,0.5584,10.4,8.0,2.6,1.0,5,2
matched_reversed,date_team_score_match,3857294,FIFA World Cup,2022,2022-11-29,Netherlands,Qatar,2,0,8804,8804,FIFA World Cup,Qatar,Netherlands,0,2,TEAM_B_WIN,national_v1_elo_form,-296.267,True,False,False,1.7248,0.6321,9.8,7.5,2.8,1.5,6,2
matched_direct,date_team_score_match,3857257,FIFA World Cup,2022,2022-11-30,Australia,Denmark,1,0,8809,8809,FIFA World Cup,Australia,Denmark,1,0,TEAM_A_WIN,national_v1_elo_form,10.479,False,False,False,0.9408,1.2396,9.4,10.8,2.4,5.2,5,12
matched_direct,date_team_score_match,3857260,FIFA World Cup,2022,2022-11-30,Saudi Arabia,Mexico,1,2,8808,8808,FIFA World Cup,Saudi Arabia,Mexico,1,2,TEAM_B_WIN,national_v1_elo_form,-4.274,True,True,True,1.0387,0.9613,11.0,13.0,3.2,2.8,5,6
matched_direct,date_team_score_match,3857264,FIFA World Cup,2022,2022-11-30,Poland,Argentina,0,2,8807,8807,FIFA World Cup,Poland,Argentina,0,2,TEAM_B_WIN,national_v1_elo_form,-123.953,True,False,False,1.2948,1.2664,11.2,10.0,3.4,3.6,8,6
matched_direct,date_team_score_match,3857275,FIFA World Cup,2022,2022-11-30,Tunisia,France,1,0,8810,8810,FIFA World Cup,Tunisia,France,1,0,TEAM_A_WIN,national_v1_elo_form,-284.117,False,False,False,1.4197,2.9728,13.0,20.6,3.4,7.0,5,13
matched_direct,date_team_score_match,3857255,FIFA World Cup,2022,2022-12-01,Japan,Spain,2,1,8811,8811,FIFA World Cup,Japan,Spain,2,1,TEAM_A_WIN,national_v1_elo_form,-102.361,True,True,True,0.9179,3.5291,11.0,20.4,3.4,8.6,6,12
matched_direct,date_team_score_match,3857276,FIFA World Cup,2022,2022-12-01,Canada,Morocco,1,2,8814,8814,FIFA World Cup,Canada,Morocco,1,2,TEAM_B_WIN,national_v1_elo_form,-40.980,True,True,True,1.4165,0.988,15.0,11.4,2.5,3.2,2,5
matched_direct,date_team_score_match,3857292,FIFA World Cup,2022,2022-12-01,Costa Rica,Germany,2,4,8812,8812,FIFA World Cup,Costa Rica,Germany,2,4,TEAM_B_WIN,national_v1_elo_form,-87.301,True,True,True,0.5061,1.8403,6.4,15.4,2.0,5.8,5,9
matched_direct,date_team_score_match,3857296,FIFA World Cup,2022,2022-12-01,Croatia,Belgium,0,0,8813,8813,FIFA World Cup,Croatia,Belgium,0,0,DRAW,national_v1_elo_form,-73.454,False,False,False,1.604,0.896,10.2,10.4,5.4,3.6,13,14
matched_direct,date_team_score_match,3857256,FIFA World Cup,2022,2022-12-02,Serbia,Switzerland,2,3,8815,8815,FIFA World Cup,Serbia,Switzerland,2,3,TEAM_B_WIN,national_v1_elo_form,-74.810,True,True,True,1.1992,2.6857,11.0,13.2,2.2,5.6,5,11
matched_direct,date_team_score_match,3857262,FIFA World Cup,2022,2022-12-02,South Korea,Portugal,2,1,8818,8818,FIFA World Cup,South Korea,Portugal,2,1,TEAM_A_WIN,national_v1_elo_form,-96.239,True,True,True,0.9743,1.7007,12.4,13.2,3.4,3.8,5,10
matched_direct,date_team_score_match,3857280,FIFA World Cup,2022,2022-12-02,Cameroon,Brazil,1,0,8816,8816,FIFA World Cup,Cameroon,Brazil,1,0,TEAM_A_WIN,national_v1_elo_form,-319.141,False,False,False,1.3417,2.0792,10.5,19.0,6.5,8.0,2,7
matched_direct,date_team_score_match,3857293,FIFA World Cup,2022,2022-12-02,Ghana,Uruguay,0,2,8817,8817,FIFA World Cup,Ghana,Uruguay,0,2,TEAM_B_WIN,national_v1_elo_form,-44.343,True,False,False,0.9803,1.0572,8.0,10.8,3.0,3.4,2,7
matched_direct,date_team_score_match,3869117,FIFA World Cup,2022,2022-12-03,Netherlands,United States,3,1,8819,8819,FIFA World Cup,Netherlands,United States,3,1,TEAM_A_WIN,national_v1_elo_form,110.046,True,True,True,1.4001,0.7622,9.6,9.3333,3.0,2.3333,7,3
matched_direct,date_team_score_match,3869151,FIFA World Cup,2022,2022-12-03,Argentina,Australia,2,1,8820,8820,FIFA World Cup,Argentina,Australia,2,1,TEAM_A_WIN,national_v1_elo_form,68.047,True,True,True,1.6381,0.8387,12.8,10.0,5.6,2.8,7,6
matched_direct,date_team_score_match,3869118,FIFA World Cup,2022,2022-12-04,England,Senegal,3,0,8822,8822,FIFA World Cup,England,Senegal,3,0,TEAM_A_WIN,national_v1_elo_form,62.515,True,True,False,2.5514,1.1082,14.2,12.4,6.6,4.2,17,6
matched_direct,date_team_score_match,3869152,FIFA World Cup,2022,2022-12-04,France,Poland,3,1,8821,8821,FIFA World Cup,France,Poland,3,1,TEAM_A_WIN,national_v1_elo_form,222.969,True,True,True,2.7302,1.0566,19.2,8.4,6.8,2.6,14,9
matched_direct,date_team_score_match,3869219,FIFA World Cup,2022,2022-12-05,Japan,Croatia,1,1,8823,8823,FIFA World Cup,Japan,Croatia,1,1,DRAW,national_v1_elo_form,41.065,True,False,True,0.953,1.545,10.8,10.2,3.4,5.6,7,14
matched_direct,date_team_score_match,3869253,FIFA World Cup,2022,2022-12-05,Brazil,South Korea,4,1,8824,8824,FIFA World Cup,Brazil,South Korea,4,1,TEAM_A_WIN,national_v1_elo_form,149.045,True,True,True,2.2709,1.1712,20.2,13.8,8.2,4.6,8,6
matched_direct,date_team_score_match,3869220,FIFA World Cup,2022,2022-12-06,Morocco,Spain,0,0,8825,8825,FIFA World Cup,Morocco,Spain,0,0,DRAW,national_v1_elo_form,-101.324,False,False,False,0.8614,3.1447,10.0,18.0,3.0,7.6,6,13
matched_direct,date_team_score_match,3869254,FIFA World Cup,2022,2022-12-06,Portugal,Switzerland,6,1,8826,8826,FIFA World Cup,Portugal,Switzerland,6,1,TEAM_A_WIN,national_v1_elo_form,0.669,True,True,True,1.5083,2.9096,14.4,11.4,4.6,5.0,11,12
matched_direct,date_team_score_match,3869321,FIFA World Cup,2022,2022-12-09,Netherlands,Argentina,2,2,8828,8828,FIFA World Cup,Netherlands,Argentina,2,2,DRAW,national_v1_elo_form,38.220,True,True,True,1.0525,1.7643,8.4,14.0,2.8,6.0,8,8
matched_direct,date_team_score_match,3869420,FIFA World Cup,2022,2022-12-09,Croatia,Brazil,1,1,8827,8827,FIFA World Cup,Croatia,Brazil,1,1,DRAW,national_v1_elo_form,-130.542,True,False,True,2.1863,2.2591,12.2,20.0,5.6,8.2,15,9
matched_direct,date_team_score_match,3869354,FIFA World Cup,2022,2022-12-10,England,France,1,2,8830,8830,FIFA World Cup,England,France,1,2,TEAM_B_WIN,national_v1_elo_form,-77.462,True,True,True,2.1454,2.6542,11.6,20.2,5.4,7.2,18,15
matched_direct,date_team_score_match,3869486,FIFA World Cup,2022,2022-12-10,Morocco,Portugal,1,0,8829,8829,FIFA World Cup,Morocco,Portugal,1,0,TEAM_A_WIN,national_v1_elo_form,-43.706,False,False,False,1.3113,1.5567,8.6,15.4,3.6,5.4,7,12
matched_direct,date_team_score_match,3869519,FIFA World Cup,2022,2022-12-13,Argentina,Croatia,3,0,8831,8831,FIFA World Cup,Argentina,Croatia,3,0,TEAM_A_WIN,national_v1_elo_form,52.033,True,True,False,2.6464,2.3821,15.4,12.6,7.0,5.4,9,16
matched_direct,date_team_score_match,3869552,FIFA World Cup,2022,2022-12-14,France,Morocco,2,0,8832,8832,FIFA World Cup,France,Morocco,2,0,TEAM_A_WIN,national_v1_elo_form,127.658,True,False,False,1.5094,1.2913,15.6,8.8,5.6,3.6,16,8
matched_direct,date_team_score_match,3869684,FIFA World Cup,2022,2022-12-17,Croatia,Morocco,2,1,8833,8833,FIFA World Cup,Croatia,Morocco,2,1,TEAM_A_WIN,national_v1_elo_form,1.024,True,True,True,2.2941,1.4649,14.0,9.8,5.6,3.6,17,9
matched_direct,date_team_score_match,3869685,FIFA World Cup,2022,2022-12-18,Argentina,France,3,3,8834,8834,FIFA World Cup,Argentina,France,3,3,DRAW,national_v1_elo_form,-62.417,True,True,True,2.5209,1.2758,14.2,13.8,7.2,4.8,10,17
unmatched,no exact match on date/team/score; same_date_candidates=0,3930158,UEFA Euro,2024,2024-06-14,Germany,Scotland,5,1,,,,,,,,,,,True,True,True,2.2775,1.1932,19.0,13.6667,6.6,2.6667,10,3
unmatched,no exact match on date/team/score; same_date_candidates=0,3930159,UEFA Euro,2024,2024-06-15,Hungary,Switzerland,1,3,,,,,,,,,,,True,True,True,0.4694,2.0096,6.3333,9.8,3.0,3.6,3,13
unmatched,no exact match on date/team/score; same_date_candidates=0,3930160,UEFA Euro,2024,2024-06-15,Spain,Croatia,3,0,,,,,,,,,,,True,True,False,2.3281,1.9419,14.2,13.8,5.2,4.4,14,18
unmatched,no exact match on date/team/score; same_date_candidates=0,3930161,UEFA Euro,2024,2024-06-15,Italy,Albania,2,1,,,,,,,,,,,True,True,True,2.9288,0.0,19.8,0.0,7.6,0.0,7,0
unmatched,no exact match on date/team/score; same_date_candidates=0,3930162,UEFA Euro,2024,2024-06-16,Slovenia,Denmark,1,1,,,,,,,,,,,True,False,True,0.0,0.956,0.0,10.4,0.0,4.4,0,13
unmatched,no exact match on date/team/score; same_date_candidates=0,3930163,UEFA Euro,2024,2024-06-16,Serbia,England,0,1,,,,,,,,,,,False,False,False,1.0384,1.7472,11.0,12.6,2.6,5.6,6,19
unmatched,no exact match on date/team/score; same_date_candidates=0,3938637,UEFA Euro,2024,2024-06-16,Poland,Netherlands,1,2,,,,,,,,,,,True,True,True,1.2648,1.7823,9.8,9.6,2.6,4.2,10,9
unmatched,no exact match on date/team/score; same_date_candidates=0,3930164,UEFA Euro,2024,2024-06-17,Belgium,Slovakia,0,1,,,,,,,,,,,False,False,False,1.1443,0.3333,10.2,8.0,2.8,1.0,15,3
unmatched,no exact match on date/team/score; same_date_candidates=0,3930165,UEFA Euro,2024,2024-06-17,Austria,France,0,1,,,,,,,,,,,False,False,False,1.0929,1.9704,13.25,12.4,3.5,5.2,4,18
unmatched,no exact match on date/team/score; same_date_candidates=0,3938638,UEFA Euro,2024,2024-06-17,Romania,Ukraine,3,0,,,,,,,,,,,True,True,False,0.0,1.1853,0.0,10.2,0.0,4.2,0,5
unmatched,no exact match on date/team/score; same_date_candidates=0,3930166,UEFA Euro,2024,2024-06-18,Portugal,Czech Republic,2,1,,,,,,,,,,,True,True,True,1.4625,1.1102,13.2,11.2,5.2,3.8,13,5
unmatched,no exact match on date/team/score; same_date_candidates=0,3938639,UEFA Euro,2024,2024-06-18,Turkey,Georgia,3,1,,,,,,,,,,,True,True,True,0.902,0.0,13.6667,0.0,3.6667,0.0,3,0
unmatched,no exact match on date/team/score; same_date_candidates=0,3930167,UEFA Euro,2024,2024-06-19,Croatia,Albania,2,2,,,,,,,,,,,True,True,True,2.2994,0.3546,14.8,8.0,4.6,2.0,19,1
unmatched,no exact match on date/team/score; same_date_candidates=0,3930168,UEFA Euro,2024,2024-06-19,Germany,Hungary,2,0,,,,,,,,,,,True,False,False,2.2268,0.6278,19.4,6.25,7.4,2.75,11,4
unmatched,no exact match on date/team/score; same_date_candidates=0,3930169,UEFA Euro,2024,2024-06-19,Scotland,Switzerland,1,1,,,,,,,,,,,True,False,True,0.91,1.6372,10.5,10.4,2.0,4.0,4,14
unmatched,no exact match on date/team/score; same_date_candidates=0,3930170,UEFA Euro,2024,2024-06-20,Slovenia,Serbia,1,1,,,,,,,,,,,True,False,True,0.9664,0.8576,11.0,9.8,2.0,2.2,1,7
unmatched,no exact match on date/team/score; same_date_candidates=0,3930171,UEFA Euro,2024,2024-06-20,Denmark,England,1,1,,,,,,,,,,,True,False,True,1.0158,1.4615,11.4,11.0,3.8,4.8,14,20
unmatched,no exact match on date/team/score; same_date_candidates=0,3930172,UEFA Euro,2024,2024-06-20,Spain,Italy,1,0,,,,,,,,,,,False,False,False,1.7344,2.8849,12.4,18.6,5.0,7.2,15,8
unmatched,no exact match on date/team/score; same_date_candidates=0,3939969,Copa America,2024,2024-06-21,Argentina,Canada,2,0,,,,,,,,,,,True,False,False,3.6343,1.3095,18.0,11.6667,9.6,1.6667,11,3
unmatched,no exact match on date/team/score; same_date_candidates=0,3930173,UEFA Euro,2024,2024-06-21,Netherlands,France,0,0,,,,,,,,,,,False,False,False,1.82,2.2559,11.8,13.2,4.4,5.2,10,19
unmatched,no exact match on date/team/score; same_date_candidates=0,3938640,UEFA Euro,2024,2024-06-21,Slovakia,Ukraine,1,2,,,,,,,,,,,True,True,True,0.4278,1.1752,8.5,11.4,1.75,3.6,4,6
unmatched,no exact match on date/team/score; same_date_candidates=0,3938641,UEFA Euro,2024,2024-06-21,Poland,Austria,1,3,,,,,,,,,,,True,True,True,1.1145,1.024,8.6,11.6,2.8,3.4,11,5
unmatched,no exact match on date/team/score; same_date_candidates=0,3939970,Copa America,2024,2024-06-22,Peru,Chile,0,0,,,,,,,,,,,False,False,False,0.9627,0.0,11.0,0.0,3.6667,0.0,3,0
unmatched,no exact match on date/team/score; same_date_candidates=0,3939972,Copa America,2024,2024-06-22,Ecuador,Venezuela,1,2,,,,,,,,,,,True,True,True,1.2689,0.0,10.0,0.0,3.6667,0.0,3,0
unmatched,no exact match on date/team/score; same_date_candidates=0,3930174,UEFA Euro,2024,2024-06-22,Turkey,Portugal,0,3,,,,,,,,,,,True,True,False,1.2774,1.4107,15.75,14.8,4.5,5.8,4,14
unmatched,no exact match on date/team/score; same_date_candidates=0,3930175,UEFA Euro,2024,2024-06-22,Belgium,Romania,2,0,,,,,,,,,,,True,False,False,1.4495,1.1211,12.2,10.0,3.6,5.0,16,1
unmatched,no exact match on date/team/score; same_date_candidates=0,3938642,UEFA Euro,2024,2024-06-22,Georgia,Czech Republic,1,1,,,,,,,,,,,True,False,True,1.5786,1.011,14.0,10.2,4.0,2.6,1,6
unmatched,no exact match on date/team/score; same_date_candidates=0,3939971,Copa America,2024,2024-06-23,Mexico,Jamaica,1,0,,,,,,,,,,,False,False,False,1.0502,0.0,15.4,0.0,3.8,0.0,7,0
unmatched,no exact match on date/team/score; same_date_candidates=0,3939974,Copa America,2024,2024-06-23,United States,Bolivia,2,0,,,,,,,,,,,True,False,False,0.9847,0.0,11.5,0.0,3.25,0.0,4,0
unmatched,no exact match on date/team/score; same_date_candidates=0,3930176,UEFA Euro,2024,2024-06-23,Switzerland,Germany,1,1,,,,,,,,,,,True,False,True,1.55,2.3119,11.2,21.4,4.4,8.2,15,12
unmatched,no exact match on date/team/score; same_date_candidates=0,3930177,UEFA Euro,2024,2024-06-23,Scotland,Hungary,0,1,,,,,,,,,,,False,False,False,0.8824,0.7478,10.8,7.2,2.2,2.6,5,5
unmatched,no exact match on date/team/score; same_date_candidates=0,3939973,Copa America,2024,2024-06-24,Uruguay,Panama,3,1,,,,,,,,,,,True,True,True,0.888,0.7987,10.0,8.0,3.4,2.6667,8,3
unmatched,no exact match on date/team/score; same_date_candidates=0,3939975,Copa America,2024,2024-06-24,Colombia,Paraguay,2,1,,,,,,,,,,,True,True,True,1.8067,0.0,11.5,0.0,4.0,0.0,4,0
unmatched,no exact match on date/team/score; same_date_candidates=0,3930178,UEFA Euro,2024,2024-06-24,Croatia,Italy,1,1,,,,,,,,,,,True,False,True,1.8734,2.6102,14.8,14.2,4.8,6.0,20,9
unmatched,no exact match on date/team/score; same_date_candidates=0,3930179,UEFA Euro,2024,2024-06-24,Albania,Spain,0,1,,,,,,,,,,,False,False,False,0.8403,1.4888,11.0,13.0,4.5,5.2,2,16
unmatched,no exact match on date/team/score; same_date_candidates=0,3939976,Copa America,2024,2024-06-25,Brazil,Costa Rica,0,0,,,,,,,,,,,False,False,False,2.7273,0.5938,19.8,5.8,9.2,2.4,10,6
unmatched,no exact match on date/team/score; same_date_candidates=0,3939978,Copa America,2024,2024-06-25,Peru,Canada,0,1,,,,,,,,,,,False,False,False,0.8913,1.2265,10.0,11.25,3.75,1.75,4,4
unmatched,no exact match on date/team/score; same_date_candidates=0,3930180,UEFA Euro,2024,2024-06-25,Netherlands,Austria,2,3,,,,,,,,,,,True,True,True,1.9468,1.1,13.2,12.6,5.0,4.0,11,6
unmatched,no exact match on date/team/score; same_date_candidates=0,3930181,UEFA Euro,2024,2024-06-25,England,Slovenia,0,0,,,,,,,,,,,False,False,False,1.6039,1.2593,11.8,11.5,5.0,3.0,21,2
unmatched,no exact match on date/team/score; same_date_candidates=0,3930182,UEFA Euro,2024,2024-06-25,Denmark,Serbia,0,0,,,,,,,,,,,False,False,False,1.0874,0.9602,13.4,10.6,4.4,2.8,15,8
unmatched,no exact match on date/team/score; same_date_candidates=0,3938643,UEFA Euro,2024,2024-06-25,France,Poland,1,1,,,,,,,,,,,True,False,True,2.2743,1.1745,13.0,10.4,4.2,3.0,20,12
unmatched,no exact match on date/team/score; same_date_candidates=0,3939977,Copa America,2024,2024-06-26,Chile,Argentina,0,1,,,,,,,,,,,False,False,False,1.0248,3.7267,11.0,17.0,1.0,8.6,1,12
unmatched,no exact match on date/team/score; same_date_candidates=0,3939980,Copa America,2024,2024-06-26,Ecuador,Jamaica,3,1,,,,,,,,,,,True,True,True,1.1356,0.5062,9.75,13.0,3.75,4.0,4,1
unmatched,no exact match on date/team/score; same_date_candidates=0,3930183,UEFA Euro,2024,2024-06-26,Slovakia,Romania,1,1,,,,,,,,,,,True,False,True,0.4914,1.1835,9.6,12.0,2.4,4.5,5,2
unmatched,no exact match on date/team/score; same_date_candidates=0,3930184,UEFA Euro,2024,2024-06-26,Czech Republic,Turkey,1,2,,,,,,,,,,,True,True,True,1.2016,1.1777,13.4,14.8,4.6,4.2,7,5
unmatched,no exact match on date/team/score; same_date_candidates=0,3938644,UEFA Euro,2024,2024-06-26,Georgia,Portugal,2,0,,,,,,,,,,,True,False,False,1.3792,1.5482,9.5,14.2,2.5,5.8,2,15
unmatched,no exact match on date/team/score; same_date_candidates=0,3938645,UEFA Euro,2024,2024-06-26,Ukraine,Belgium,0,0,,,,,,,,,,,False,False,False,0.8735,1.4181,10.6,14.2,2.8,4.8,7,17
unmatched,no exact match on date/team/score; same_date_candidates=0,3939979,Copa America,2024,2024-06-27,Venezuela,Mexico,1,0,,,,,,,,,,,False,False,False,1.585,0.9553,14.0,15.0,5.0,5.0,1,8
unmatched,no exact match on date/team/score; same_date_candidates=0,3939981,Copa America,2024,2024-06-27,Panama,United States,2,1,,,,,,,,,,,True,True,True,0.7343,1.2687,8.5,13.2,2.75,4.2,4,5
unmatched,no exact match on date/team/score; same_date_candidates=0,3939982,Copa America,2024,2024-06-28,Uruguay,Bolivia,5,0,,,,,,,,,,,True,True,False,1.065,0.1497,12.6,6.0,4.2,3.0,9,1
unmatched,no exact match on date/team/score; same_date_candidates=0,3939984,Copa America,2024,2024-06-28,Colombia,Costa Rica,3,0,,,,,,,,,,,True,True,False,1.5697,0.5694,11.4,5.4,3.8,2.4,5,7
unmatched,no exact match on date/team/score; same_date_candidates=0,3939983,Copa America,2024,2024-06-29,Paraguay,Brazil,1,4,,,,,,,,,,,True,True,True,0.8276,2.6268,11.0,19.2,3.0,8.0,1,11
unmatched,no exact match on date/team/score; same_date_candidates=0,3940878,UEFA Euro,2024,2024-06-29,Switzerland,Italy,2,0,,,,,,,,,,,True,False,False,1.5483,2.5787,10.8,14.0,5.0,5.8,16,10
unmatched,no exact match on date/team/score; same_date_candidates=0,3940983,UEFA Euro,2024,2024-06-29,Germany,Denmark,2,0,,,,,,,,,,,True,False,False,2.0666,0.8843,19.8,13.2,7.0,4.0,13,16
unmatched,no exact match on date/team/score; same_date_candidates=0,3939985,Copa America,2024,2024-06-30,Canada,Chile,0,0,,,,,,,,,,,False,False,False,1.163,0.5779,10.0,7.0,1.8,2.0,5,2
unmatched,no exact match on date/team/score; same_date_candidates=0,3939986,Copa America,2024,2024-06-30,Argentina,Peru,2,0,,,,,,,,,,,True,False,False,3.9872,0.8283,18.6,9.8,9.4,3.8,13,5
unmatched,no exact match on date/team/score; same_date_candidates=0,3941017,UEFA Euro,2024,2024-06-30,England,Slovakia,2,1,,,,,,,,,,,True,True,True,1.1721,0.5896,10.6,10.0,4.2,2.8,22,6
unmatched,no exact match on date/team/score; same_date_candidates=0,3941018,UEFA Euro,2024,2024-06-30,Spain,Georgia,4,1,,,,,,,,,,,True,True,True,1.5512,1.368,14.8,8.6667,5.2,2.6667,17,3
unmatched,no exact match on date/team/score; same_date_candidates=0,3939987,Copa America,2024,2024-07-01,Jamaica,Venezuela,0,3,,,,,,,,,,,True,True,False,0.7205,1.3618,10.0,12.0,4.0,3.5,2,2
unmatched,no exact match on date/team/score; same_date_candidates=0,3939988,Copa America,2024,2024-07-01,Mexico,Ecuador,0,0,,,,,,,,,,,False,False,False,1.3156,1.3816,15.8,12.4,5.8,3.6,9,5
unmatched,no exact match on date/team/score; same_date_candidates=0,3941019,UEFA Euro,2024,2024-07-01,France,Belgium,1,0,,,,,,,,,,,False,False,False,2.4847,1.4109,15.2,14.8,4.8,5.0,21,18
unmatched,no exact match on date/team/score; same_date_candidates=0,3941020,UEFA Euro,2024,2024-07-01,Portugal,Slovenia,0,0,,,,,,,,,,,False,False,False,1.8246,0.8945,16.0,9.0,5.6,2.6667,16,3
unmatched,no exact match on date/team/score; same_date_candidates=0,3939989,Copa America,2024,2024-07-02,Bolivia,Panama,1,3,,,,,,,,,,,True,True,True,0.1003,0.7336,5.0,9.4,2.0,3.0,2,5
unmatched,no exact match on date/team/score; same_date_candidates=0,3939990,Copa America,2024,2024-07-02,United States,Uruguay,0,1,,,,,,,,,,,False,False,False,1.331,1.3906,13.2,14.2,4.6,5.2,6,10
unmatched,no exact match on date/team/score; same_date_candidates=0,3941021,UEFA Euro,2024,2024-07-02,Romania,Netherlands,0,3,,,,,,,,,,,True,True,False,1.163,1.906,11.0,12.8,4.6667,4.6,3,12
unmatched,no exact match on date/team/score; same_date_candidates=0,3941022,UEFA Euro,2024,2024-07-02,Austria,Turkey,1,2,,,,,,,,,,,True,True,True,1.232,1.391,12.6,17.8,4.8,5.2,7,6
unmatched,no exact match on date/team/score; same_date_candidates=0,3939991,Copa America,2024,2024-07-03,Brazil,Colombia,1,1,,,,,,,,,,,True,False,True,3.1918,1.9889,20.0,13.0,8.2,4.2,12,6
unmatched,no exact match on date/team/score; same_date_candidates=0,3939992,Copa America,2024,2024-07-03,Costa Rica,Paraguay,2,1,,,,,,,,,,,True,True,True,0.2872,0.7596,3.6,13.0,1.2,4.5,8,2
unmatched,no exact match on date/team/score; same_date_candidates=0,3942228,Copa America,2024,2024-07-05,Argentina,Ecuador,1,1,,,,,,,,,,,True,False,True,3.237,1.212,17.2,13.0,8.8,3.6,14,6
unmatched,no exact match on date/team/score; same_date_candidates=0,3942226,UEFA Euro,2024,2024-07-05,Spain,Germany,2,1,,,,,,,,,,,True,True,True,1.9326,2.2825,19.4,20.6,6.8,8.0,18,14
unmatched,no exact match on date/team/score; same_date_candidates=0,3942349,UEFA Euro,2024,2024-07-05,Portugal,France,0,0,,,,,,,,,,,False,False,False,2.1821,2.3366,17.6,16.2,5.6,4.8,17,22
unmatched,no exact match on date/team/score; same_date_candidates=0,3942229,Copa America,2024,2024-07-06,Venezuela,Canada,1,1,,,,,,,,,,,True,False,True,1.4793,0.7936,13.6667,7.4,3.3333,1.8,3,6
unmatched,no exact match on date/team/score; same_date_candidates=0,3942416,Copa America,2024,2024-07-06,Colombia,Panama,5,0,,,,,,,,,,,True,True,False,2.0122,0.8766,13.0,10.6,4.8,3.8,7,6
unmatched,no exact match on date/team/score; same_date_candidates=0,3942227,UEFA Euro,2024,2024-07-06,England,Switzerland,1,1,,,,,,,,,,,True,False,True,1.2854,1.0841,12.2,11.2,3.8,4.4,23,17
unmatched,no exact match on date/team/score; same_date_candidates=0,3942382,UEFA Euro,2024,2024-07-06,Netherlands,Turkey,2,1,,,,,,,,,,,True,True,True,2.1349,1.3054,15.4,15.4,4.6,4.8,13,7
unmatched,no exact match on date/team/score; same_date_candidates=0,3942415,Copa America,2024,2024-07-07,Uruguay,Brazil,0,0,,,,,,,,,,,False,False,False,1.5614,2.7773,14.6,17.2,6.0,7.2,11,13
unmatched,no exact match on date/team/score; same_date_candidates=0,3942752,UEFA Euro,2024,2024-07-09,Spain,France,2,1,,,,,,,,,,,True,True,True,1.6703,2.2523,20.2,18.4,7.4,5.2,19,23
unmatched,no exact match on date/team/score; same_date_candidates=0,3942785,Copa America,2024,2024-07-10,Argentina,Canada,2,0,,,,,,,,,,,True,False,False,3.8193,1.9467,18.0,10.2,8.6,3.4,15,7
unmatched,no exact match on date/team/score; same_date_candidates=0,3942819,UEFA Euro,2024,2024-07-10,Netherlands,England,1,2,,,,,,,,,,,True,True,True,1.3813,1.7058,15.2,12.6,4.0,4.0,14,24
unmatched,no exact match on date/team/score; same_date_candidates=0,3942852,Copa America,2024,2024-07-11,Uruguay,Colombia,0,1,,,,,,,,,,,False,False,False,2.2276,2.3913,15.8,13.6,6.6,5.4,12,8
unmatched,no exact match on date/team/score; same_date_candidates=0,3943076,Copa America,2024,2024-07-14,Canada,Uruguay,2,2,,,,,,,,,,,True,True,True,1.8711,2.0512,11.0,15.6,3.8,5.8,8,13
unmatched,no exact match on date/team/score; same_date_candidates=0,3943043,UEFA Euro,2024,2024-07-14,Spain,England,2,1,,,,,,,,,,,True,True,True,1.4412,1.8413,19.2,13.4,6.6,4.4,20,25
unmatched,no exact match on date/team/score; same_date_candidates=0,3943077,Copa America,2024,2024-07-15,Argentina,Colombia,1,0,,,,,,,,,,,False,False,False,2.9917,1.6759,15.4,12.0,6.4,4.6,16,9
