clean_match_id,feature_id,statsbomb_match_id,alignment_status,match_date,competition_name,statsbomb_competition_name,statsbomb_season_name,team_a_name,team_b_name,team_a_score,team_b_score,target_1x2,target_over_1_5,target_over_2_5,target_btts,f_id,f_clean_match_id,f_feature_version,f_team_type,f_home_form_points_last_5,f_away_form_points_last_5,f_home_form_points_last_10,f_away_form_points_last_10,f_home_goals_scored_avg_last_10,f_away_goals_scored_avg_last_10,f_home_goals_conceded_avg_last_10,f_away_goals_conceded_avg_last_10,f_ranking_gap,f_elo_gap,f_is_neutral_venue,f_is_group_stage,f_is_knockout_stage,f_target_result,f_created_at,f_team_a_is_host,f_team_b_is_host,f_host_advantage_side,cm_id,cm_raw_match_id,cm_competition_code,cm_competition_name,cm_season,cm_match_date_utc,cm_stage,cm_group_name,cm_home_team_name,cm_away_team_name,cm_home_score,cm_away_score,cm_result_1x2,cm_is_neutral_venue,cm_is_group_stage,cm_is_knockout_stage,cm_data_quality_status,cm_cleaned_at,cm_team_a_is_host,cm_team_b_is_host,cm_host_advantage_side,sb_team_a_name,sb_team_b_name,sb_team_a_score,sb_team_b_score,sb_team_a_statsbomb_history_count,sb_team_a_statsbomb_matches_used_last_5,sb_team_a_xg_for_last_5,sb_team_a_xg_against_last_5,sb_team_a_xg_diff_last_5,sb_team_a_shots_for_last_5,sb_team_a_shots_against_last_5,sb_team_a_shots_diff_last_5,sb_team_a_shots_on_target_for_last_5,sb_team_a_shots_on_target_against_last_5,sb_team_a_shots_on_target_diff_last_5,sb_team_a_goals_for_last_5,sb_team_a_goals_against_last_5,sb_team_a_goals_diff_last_5,sb_team_b_statsbomb_history_count,sb_team_b_statsbomb_matches_used_last_5,sb_team_b_xg_for_last_5,sb_team_b_xg_against_last_5,sb_team_b_xg_diff_last_5,sb_team_b_shots_for_last_5,sb_team_b_shots_against_last_5,sb_team_b_shots_diff_last_5,sb_team_b_shots_on_target_for_last_5,sb_team_b_shots_on_target_against_last_5,sb_team_b_shots_on_target_diff_last_5,sb_team_b_goals_for_last_5,sb_team_b_goals_against_last_5,sb_team_b_goals_diff_last_5
7841,7841,7525,matched_direct,2018-06-14,FIFA World Cup,FIFA World Cup,2018,Russia,Saudi Arabia,5,0,TEAM_A_WIN,True,True,False,7841,7841,national_v1_elo_form,national,6.000,9.000,15.000,19.000,1.500,1.700,0.800,1.000,,-84.098,False,False,False,TEAM_A_WIN,2026-05-30 12:22:31.707169+02:00,True,False,TEAM_A,7841,17752,WC,FIFA World Cup,2018,2018-06-14 00:00:00+02:00,,,Russia,Saudi Arabia,5,0,TEAM_A_WIN,False,False,False,cleaned_finished,2026-05-30 11:23:13.602358+02:00,True,False,TEAM_A,Russia,Saudi Arabia,5,0,0,0,0.0,0.0,0.0,0.0,0.0,0.0,0.0,0.0,0.0,0.0,0.0,0.0,0,0,0.0,0.0,0.0,0.0,0.0,0.0,0.0,0.0,0.0,0.0,0.0,0.0
7844,7844,7576,matched_direct,2018-06-15,FIFA World Cup,FIFA World Cup,2018,Portugal,Spain,3,3,DRAW,True,True,True,7844,7844,national_v1_elo_form,national,15.000,15.000,27.000,28.000,3.200,3.600,0.400,0.300,,-106.500,True,False,False,DRAW,2026-05-30 12:22:31.707169+02:00,False,False,NONE,7844,17755,WC,FIFA World Cup,2018,2018-06-15 00:00:00+02:00,,,Portugal,Spain,3,3,DRAW,True,False,False,cleaned_finished,2026-05-30 11:23:13.602358+02:00,False,False,NONE,Portugal,Spain,3,3,0,0,0.0,0.0,0.0,0.0,0.0,0.0,0.0,0.0,0.0,0.0,0.0,0.0,0,0,0.0,0.0,0.0,0.0,0.0,0.0,0.0,0.0,0.0,0.0,0.0,0.0
7843,7843,7577,matched_direct,2018-06-15,FIFA World Cup,FIFA World Cup,2018,Morocco,Iran,0,1,TEAM_B_WIN,False,False,False,7843,7843,national_v1_elo_form,national,11.000,11.000,19.000,22.000,1.600,1.000,0.200,0.200,,-141.680,True,False,False,TEAM_B_WIN,2026-05-30 12:22:31.707169+02:00,False,False,NONE,7843,17754,WC,FIFA World Cup,2018,2018-06-15 00:00:00+02:00,,,Morocco,Iran,0,1,TEAM_B_WIN,True,False,False,cleaned_finished,2026-05-30 11:23:13.602358+02:00,False,False,NONE,Morocco,Iran,0,1,0,0,0.0,0.0,0.0,0.0,0.0,0.0,0.0,0.0,0.0,0.0,0.0,0.0,0,0,0.0,0.0,0.0,0.0,0.0,0.0,0.0,0.0,0.0,0.0,0.0,0.0
7842,7842,7578,matched_direct,2018-06-15,FIFA World Cup,FIFA World Cup,2018,Egypt,Uruguay,0,1,TEAM_B_WIN,False,False,False,7842,7842,national_v1_elo_form,national,10.000,8.000,19.000,15.000,1.500,1.600,1.200,1.500,,-3.804,True,False,False,TEAM_B_WIN,2026-05-30 12:22:31.707169+02:00,False,False,NONE,7842,17753,WC,FIFA World Cup,2018,2018-06-15 00:00:00+02:00,,,Egypt,Uruguay,0,1,TEAM_B_WIN,True,False,False,cleaned_finished,2026-05-30 11:23:13.602358+02:00,False,False,NONE,Egypt,Uruguay,0,1,0,0,0.0,0.0,0.0,0.0,0.0,0.0,0.0,0.0,0.0,0.0,0.0,0.0,0,0,0.0,0.0,0.0,0.0,0.0,0.0,0.0,0.0,0.0,0.0,0.0,0.0
7848,7848,7529,matched_direct,2018-06-16,FIFA World Cup,FIFA World Cup,2018,Croatia,Nigeria,2,0,TEAM_A_WIN,True,False,False,7848,7848,national_v1_elo_form,national,8.000,10.000,20.000,17.000,1.200,1.500,0.400,1.100,,8.041,True,False,False,TEAM_A_WIN,2026-05-30 12:22:31.707169+02:00,False,False,NONE,7848,17759,WC,FIFA World Cup,2018,2018-06-16 00:00:00+02:00,,,Croatia,Nigeria,2,0,TEAM_A_WIN,True,False,False,cleaned_finished,2026-05-30 11:23:13.602358+02:00,False,False,NONE,Croatia,Nigeria,2,0,0,0,0.0,0.0,0.0,0.0,0.0,0.0,0.0,0.0,0.0,0.0,0.0,0.0,0,0,0.0,0.0,0.0,0.0,0.0,0.0,0.0,0.0,0.0,0.0,0.0,0.0
7845,7845,7530,matched_direct,2018-06-16,FIFA World Cup,FIFA World Cup,2018,France,Australia,2,1,TEAM_A_WIN,True,True,True,7845,7845,national_v1_elo_form,national,10.000,11.000,23.000,19.000,1.800,1.600,0.600,1.100,,56.455,True,False,False,TEAM_A_WIN,2026-05-30 12:22:31.707169+02:00,False,False,NONE,7845,17756,WC,FIFA World Cup,2018,2018-06-16 00:00:00+02:00,,,France,Australia,2,1,TEAM_A_WIN,True,False,False,cleaned_finished,2026-05-30 11:23:13.602358+02:00,False,False,NONE,France,Australia,2,1,0,0,0.0,0.0,0.0,0.0,0.0,0.0,0.0,0.0,0.0,0.0,0.0,0.0,0,0,0.0,0.0,0.0,0.0,0.0,0.0,0.0,0.0,0.0,0.0,0.0,0.0
7846,7846,7531,matched_direct,2018-06-16,FIFA World Cup,FIFA World Cup,2018,Argentina,Iceland,1,1,DRAW,True,False,True,7846,7846,national_v1_elo_form,national,6.000,12.000,13.000,22.000,1.000,1.600,1.000,0.700,,175.538,True,False,False,DRAW,2026-05-30 12:22:31.707169+02:00,False,False,NONE,7846,17757,WC,FIFA World Cup,2018,2018-06-16 00:00:00+02:00,,,Argentina,Iceland,1,1,DRAW,True,False,False,cleaned_finished,2026-05-30 11:23:13.602358+02:00,False,False,NONE,Argentina,Iceland,1,1,0,0,0.0,0.0,0.0,0.0,0.0,0.0,0.0,0.0,0.0,0.0,0.0,0.0,0,0,0.0,0.0,0.0,0.0,0.0,0.0,0.0,0.0,0.0,0.0,0.0,0.0
7847,7847,7532,matched_direct,2018-06-16,FIFA World Cup,FIFA World Cup,2018,Peru,Denmark,0,1,TEAM_B_WIN,False,False,False,7847,7847,national_v1_elo_form,national,9.000,11.000,19.000,21.000,1.500,2.200,0.900,0.600,,-41.925,True,False,False,TEAM_B_WIN,2026-05-30 12:22:31.707169+02:00,False,False,NONE,7847,17758,WC,FIFA World Cup,2018,2018-06-16 00:00:00+02:00,,,Peru,Denmark,0,1,TEAM_B_WIN,True,False,False,cleaned_finished,2026-05-30 11:23:13.602358+02:00,False,False,NONE,Peru,Denmark,0,1,0,0,0.0,0.0,0.0,0.0,0.0,0.0,0.0,0.0,0.0,0.0,0.0,0.0,0,0,0.0,0.0,0.0,0.0,0.0,0.0,0.0,0.0,0.0,0.0,0.0,0.0
7851,7851,7533,matched_direct,2018-06-17,FIFA World Cup,FIFA World Cup,2018,Brazil,Switzerland,1,1,DRAW,True,False,True,7851,7851,national_v1_elo_form,national,11.000,10.000,26.000,25.000,2.500,1.900,0.200,0.500,,127.251,True,False,False,DRAW,2026-05-30 12:22:31.707169+02:00,False,False,NONE,7851,17762,WC,FIFA World Cup,2018,2018-06-17 00:00:00+02:00,,,Brazil,Switzerland,1,1,DRAW,True,False,False,cleaned_finished,2026-05-30 11:23:13.602358+02:00,False,False,NONE,Brazil,Switzerland,1,1,0,0,0.0,0.0,0.0,0.0,0.0,0.0,0.0,0.0,0.0,0.0,0.0,0.0,0,0,0.0,0.0,0.0,0.0,0.0,0.0,0.0,0.0,0.0,0.0,0.0,0.0
7850,7850,7534,matched_direct,2018-06-17,FIFA World Cup,FIFA World Cup,2018,Germany,Mexico,0,1,TEAM_B_WIN,False,False,False,7850,7850,national_v1_elo_form,national,15.000,8.000,30.000,21.000,4.300,1.600,0.400,0.700,,195.433,True,False,False,TEAM_B_WIN,2026-05-30 12:22:31.707169+02:00,False,False,NONE,7850,17761,WC,FIFA World Cup,2018,2018-06-17 00:00:00+02:00,,,Germany,Mexico,0,1,TEAM_B_WIN,True,False,False,cleaned_finished,2026-05-30 11:23:13.602358+02:00,False,False,NONE,Germany,Mexico,0,1,0,0,0.0,0.0,0.0,0.0,0.0,0.0,0.0,0.0,0.0,0.0,0.0,0.0,0,0,0.0,0.0,0.0,0.0,0.0,0.0,0.0,0.0,0.0,0.0,0.0,0.0
7849,7849,7535,matched_direct,2018-06-17,FIFA World Cup,FIFA World Cup,2018,Costa Rica,Serbia,0,1,TEAM_B_WIN,False,False,False,7849,7849,national_v1_elo_form,national,8.000,10.000,16.000,21.000,1.400,2.000,0.800,1.000,,139.267,True,False,False,TEAM_B_WIN,2026-05-30 12:22:31.707169+02:00,False,False,NONE,7849,17760,WC,FIFA World Cup,2018,2018-06-17 00:00:00+02:00,,,Costa Rica,Serbia,0,1,TEAM_B_WIN,True,False,False,cleaned_finished,2026-05-30 11:23:13.602358+02:00,False,False,NONE,Costa Rica,Serbia,0,1,0,0,0.0,0.0,0.0,0.0,0.0,0.0,0.0,0.0,0.0,0.0,0.0,0.0,0,0,0.0,0.0,0.0,0.0,0.0,0.0,0.0,0.0,0.0,0.0,0.0,0.0
7853,7853,7536,matched_direct,2018-06-18,FIFA World Cup,FIFA World Cup,2018,Belgium,Panama,3,0,TEAM_A_WIN,True,True,False,7853,7853,national_v1_elo_form,national,15.000,7.000,28.000,13.000,4.300,0.900,0.600,1.000,,172.881,True,False,False,TEAM_A_WIN,2026-05-30 12:22:31.707169+02:00,False,False,NONE,7853,17764,WC,FIFA World Cup,2018,2018-06-18 00:00:00+02:00,,,Belgium,Panama,3,0,TEAM_A_WIN,True,False,False,cleaned_finished,2026-05-30 11:23:13.602358+02:00,False,False,NONE,Belgium,Panama,3,0,0,0,0.0,0.0,0.0,0.0,0.0,0.0,0.0,0.0,0.0,0.0,0.0,0.0,0,0,0.0,0.0,0.0,0.0,0.0,0.0,0.0,0.0,0.0,0.0,0.0,0.0
7854,7854,7537,matched_direct,2018-06-18,FIFA World Cup,FIFA World Cup,2018,Tunisia,England,1,2,TEAM_B_WIN,True,True,True,7854,7854,national_v1_elo_form,national,11.000,13.000,21.000,26.000,1.600,1.800,1.000,0.300,,-62.711,True,False,False,TEAM_B_WIN,2026-05-30 12:22:31.707169+02:00,False,False,NONE,7854,17765,WC,FIFA World Cup,2018,2018-06-18 00:00:00+02:00,,,Tunisia,England,1,2,TEAM_B_WIN,True,False,False,cleaned_finished,2026-05-30 11:23:13.602358+02:00,False,False,NONE,Tunisia,England,1,2,0,0,0.0,0.0,0.0,0.0,0.0,0.0,0.0,0.0,0.0,0.0,0.0,0.0,0,0,0.0,0.0,0.0,0.0,0.0,0.0,0.0,0.0,0.0,0.0,0.0,0.0
7852,7852,7538,matched_direct,2018-06-18,FIFA World Cup,FIFA World Cup,2018,Sweden,South Korea,1,0,TEAM_A_WIN,False,False,False,7852,7852,national_v1_elo_form,national,10.000,5.000,19.000,15.000,2.500,1.100,0.800,1.000,,33.367,True,False,False,TEAM_A_WIN,2026-05-30 12:22:31.707169+02:00,False,False,NONE,7852,17763,WC,FIFA World Cup,2018,2018-06-18 00:00:00+02:00,,,Sweden,South Korea,1,0,TEAM_A_WIN,True,False,False,cleaned_finished,2026-05-30 11:23:13.602358+02:00,False,False,NONE,Sweden,South Korea,1,0,0,0,0.0,0.0,0.0,0.0,0.0,0.0,0.0,0.0,0.0,0.0,0.0,0.0,0,0,0.0,0.0,0.0,0.0,0.0,0.0,0.0,0.0,0.0,0.0,0.0,0.0
7856,7856,7539,matched_direct,2018-06-19,FIFA World Cup,FIFA World Cup,2018,Poland,Senegal,1,2,TEAM_B_WIN,True,True,True,7856,7856,national_v1_elo_form,national,12.000,11.000,25.000,19.000,2.800,1.700,1.400,0.900,,-61.795,True,False,False,TEAM_B_WIN,2026-05-30 12:22:31.707169+02:00,False,False,NONE,7856,17767,WC,FIFA World Cup,2018,2018-06-19 00:00:00+02:00,,,Poland,Senegal,1,2,TEAM_B_WIN,True,False,False,cleaned_finished,2026-05-30 11:23:13.602358+02:00,False,False,NONE,Poland,Senegal,1,2,0,0,0.0,0.0,0.0,0.0,0.0,0.0,0.0,0.0,0.0,0.0,0.0,0.0,0,0,0.0,0.0,0.0,0.0,0.0,0.0,0.0,0.0,0.0,0.0,0.0,0.0
7857,7857,7540,matched_direct,2018-06-19,FIFA World Cup,FIFA World Cup,2018,Russia,Egypt,3,1,TEAM_A_WIN,True,True,True,7857,7857,national_v1_elo_form,national,6.000,7.000,15.000,19.000,1.900,1.400,0.800,0.700,,-33.735,False,False,False,TEAM_A_WIN,2026-05-30 12:22:31.707169+02:00,True,False,TEAM_A,7857,17768,WC,FIFA World Cup,2018,2018-06-19 00:00:00+02:00,,,Russia,Egypt,3,1,TEAM_A_WIN,False,False,False,cleaned_finished,2026-05-30 11:23:13.602358+02:00,True,False,TEAM_A,Russia,Egypt,3,1,1,1,1.2816,0.2488,1.0328,14.0,6.0,8.0,7.0,0.0,7.0,5.0,0.0,5.0,1,1,0.3645,1.9408,-1.5763,8.0,16.0,-8.0,3.0,4.0,-1.0,0.0,1.0,-1.0
7855,7855,7541,matched_direct,2018-06-19,FIFA World Cup,FIFA World Cup,2018,Colombia,Japan,1,2,TEAM_B_WIN,True,True,True,7855,7855,national_v1_elo_form,national,6.000,10.000,14.000,20.000,0.900,1.700,0.900,0.700,,-28.041,True,False,False,TEAM_B_WIN,2026-05-30 12:22:31.707169+02:00,False,False,NONE,7855,17766,WC,FIFA World Cup,2018,2018-06-19 00:00:00+02:00,,,Colombia,Japan,1,2,TEAM_B_WIN,True,False,False,cleaned_finished,2026-05-30 11:23:13.602358+02:00,False,False,NONE,Colombia,Japan,1,2,0,0,0.0,0.0,0.0,0.0,0.0,0.0,0.0,0.0,0.0,0.0,0.0,0.0,0,0,0.0,0.0,0.0,0.0,0.0,0.0,0.0,0.0,0.0,0.0,0.0,0.0
7858,7858,7542,matched_direct,2018-06-20,FIFA World Cup,FIFA World Cup,2018,Portugal,Morocco,1,0,TEAM_A_WIN,False,False,False,7858,7858,national_v1_elo_form,national,13.000,10.000,28.000,16.000,3.500,1.400,0.500,0.300,,195.526,True,False,False,TEAM_A_WIN,2026-05-30 12:22:31.707169+02:00,False,False,NONE,7858,17769,WC,FIFA World Cup,2018,2018-06-20 00:00:00+02:00,,,Portugal,Morocco,1,0,TEAM_A_WIN,True,False,False,cleaned_finished,2026-05-30 11:23:13.602358+02:00,False,False,NONE,Portugal,Morocco,1,0,1,1,1.4346,1.6609,-0.2263,10.0,12.0,-2.0,3.0,5.0,-2.0,3.0,3.0,0.0,1,1,1.0592,0.6976,0.3616,14.0,8.0,6.0,3.0,2.0,1.0,0.0,1.0,-1.0
7860,7860,7543,matched_direct,2018-06-20,FIFA World Cup,FIFA World Cup,2018,Iran,Spain,0,1,TEAM_B_WIN,False,False,False,7860,7860,national_v1_elo_form,national,11.000,13.000,22.000,26.000,0.900,3.100,0.200,0.600,,-105.705,True,False,False,TEAM_B_WIN,2026-05-30 12:22:31.707169+02:00,False,False,NONE,7860,17771,WC,FIFA World Cup,2018,2018-06-20 00:00:00+02:00,,,Iran,Spain,0,1,TEAM_B_WIN,True,False,False,cleaned_finished,2026-05-30 11:23:13.602358+02:00,False,False,NONE,Iran,Spain,0,1,1,1,0.6976,1.0592,-0.3616,8.0,14.0,-6.0,2.0,3.0,-1.0,1.0,0.0,1.0,1,1,1.6609,1.4346,0.2263,12.0,10.0,2.0,5.0,3.0,2.0,3.0,3.0,0.0
7859,7859,7544,matched_direct,2018-06-20,FIFA World Cup,FIFA World Cup,2018,Uruguay,Saudi Arabia,1,0,TEAM_A_WIN,False,False,False,7859,7859,national_v1_elo_form,national,11.000,6.000,15.000,16.000,1.400,1.600,1.500,1.500,,78.653,True,False,False,TEAM_A_WIN,2026-05-30 12:22:31.707169+02:00,False,False,NONE,7859,17770,WC,FIFA World Cup,2018,2018-06-20 00:00:00+02:00,,,Uruguay,Saudi Arabia,1,0,TEAM_A_WIN,True,False,False,cleaned_finished,2026-05-30 11:23:13.602358+02:00,False,False,NONE,Uruguay,Saudi Arabia,1,0,1,1,1.9408,0.3645,1.5763,16.0,8.0,8.0,4.0,3.0,1.0,1.0,0.0,1.0,1,1,0.2488,1.2816,-1.0328,6.0,14.0,-8.0,0.0,7.0,-7.0,0.0,5.0,-5.0
7863,7863,7545,matched_direct,2018-06-21,FIFA World Cup,FIFA World Cup,2018,Argentina,Croatia,0,3,TEAM_B_WIN,True,True,False,7863,7863,national_v1_elo_form,national,7.000,11.000,13.000,20.000,0.900,1.300,0.900,0.400,,21.894,True,False,False,TEAM_B_WIN,2026-05-30 12:22:31.707169+02:00,False,False,NONE,7863,17774,WC,FIFA World Cup,2018,2018-06-21 00:00:00+02:00,,,Argentina,Croatia,0,3,TEAM_B_WIN,True,False,False,cleaned_finished,2026-05-30 11:23:13.602358+02:00,False,False,NONE,Argentina,Croatia,0,3,1,1,2.0805,1.0321,1.0484,28.0,9.0,19.0,7.0,2.0,5.0,1.0,1.0,0.0,1,1,1.6945,0.7623,0.9322,11.0,13.0,-2.0,2.0,2.0,0.0,2.0,0.0,2.0
7862,7862,7546,matched_direct,2018-06-21,FIFA World Cup,FIFA World Cup,2018,France,Peru,1,0,TEAM_A_WIN,False,False,False,7862,7862,national_v1_elo_form,national,13.000,6.000,25.000,16.000,2.000,1.100,0.700,0.900,,227.418,True,False,False,TEAM_A_WIN,2026-05-30 12:22:31.707169+02:00,False,False,NONE,7862,17773,WC,FIFA World Cup,2018,2018-06-21 00:00:00+02:00,,,France,Peru,1,0,TEAM_A_WIN,True,False,False,cleaned_finished,2026-05-30 11:23:13.602358+02:00,False,False,NONE,France,Peru,1,0,1,1,1.5616,0.98,0.5816,12.0,5.0,7.0,4.0,2.0,2.0,2.0,1.0,1.0,1,1,1.9264,1.1216,0.8048,17.0,11.0,6.0,6.0,3.0,3.0,0.0,1.0,-1.0
7861,7861,7547,matched_direct,2018-06-21,FIFA World Cup,FIFA World Cup,2018,Denmark,Australia,1,1,DRAW,True,False,True,7861,7861,national_v1_elo_form,national,11.000,8.000,24.000,18.000,2.300,1.500,0.500,1.100,,-25.908,True,False,False,DRAW,2026-05-30 12:22:31.707169+02:00,False,False,NONE,7861,17772,WC,FIFA World Cup,2018,2018-06-21 00:00:00+02:00,,,Denmark,Australia,1,1,DRAW,True,False,False,cleaned_finished,2026-05-30 11:23:13.602358+02:00,False,False,NONE,Denmark,Australia,1,1,1,1,1.1216,1.9264,-0.8048,11.0,17.0,-6.0,3.0,6.0,-3.0,1.0,0.0,1.0,1,1,0.98,1.5616,-0.5816,5.0,12.0,-7.0,2.0,4.0,-2.0,1.0,2.0,-1.0
7864,7864,7548,matched_direct,2018-06-22,FIFA World Cup,FIFA World Cup,2018,Brazil,Costa Rica,2,0,TEAM_A_WIN,True,False,False,7864,7864,national_v1_elo_form,national,9.000,5.000,24.000,13.000,2.100,1.200,0.300,0.900,,107.558,True,False,False,TEAM_A_WIN,2026-05-30 12:22:31.707169+02:00,False,False,NONE,7864,17775,WC,FIFA World Cup,2018,2018-06-22 00:00:00+02:00,,,Brazil,Costa Rica,2,0,TEAM_A_WIN,True,False,False,cleaned_finished,2026-05-30 11:23:13.602358+02:00,False,False,NONE,Brazil,Costa Rica,2,0,1,1,1.8666,0.4721,1.3945,21.0,7.0,14.0,4.0,2.0,2.0,1.0,1.0,0.0,1,1,0.596,1.9926,-1.3966,10.0,12.0,-2.0,3.0,2.0,1.0,0.0,1.0,-1.0
7865,7865,7549,matched_direct,2018-06-22,FIFA World Cup,FIFA World Cup,2018,Nigeria,Iceland,2,0,TEAM_A_WIN,True,False,False,7865,7865,national_v1_elo_form,national,7.000,10.000,17.000,22.000,1.300,1.600,1.000,0.700,,59.017,True,False,False,TEAM_A_WIN,2026-05-30 12:22:31.707169+02:00,False,False,NONE,7865,17776,WC,FIFA World Cup,2018,2018-06-22 00:00:00+02:00,,,Nigeria,Iceland,2,0,TEAM_A_WIN,True,False,False,cleaned_finished,2026-05-30 11:23:13.602358+02:00,False,False,NONE,Nigeria,Iceland,2,0,1,1,0.7623,1.6945,-0.9322,13.0,11.0,2.0,2.0,2.0,0.0,0.0,2.0,-2.0,1,1,1.0321,2.0805,-1.0484,9.0,28.0,-19.0,2.0,7.0,-5.0,1.0,1.0,0.0
7866,7866,7550,matched_direct,2018-06-22,FIFA World Cup,FIFA World Cup,2018,Serbia,Switzerland,1,2,TEAM_B_WIN,True,True,True,7866,7866,national_v1_elo_form,national,12.000,8.000,23.000,23.000,1.900,1.800,0.800,0.500,,-57.777,True,False,False,TEAM_B_WIN,2026-05-30 12:22:31.707169+02:00,False,False,NONE,7866,17777,WC,FIFA World Cup,2018,2018-06-22 00:00:00+02:00,,,Serbia,Switzerland,1,2,TEAM_B_WIN,True,False,False,cleaned_finished,2026-05-30 11:23:13.602358+02:00,False,False,NONE,Serbia,Switzerland,1,2,1,1,1.9926,0.596,1.3966,12.0,10.0,2.0,2.0,3.0,-1.0,1.0,0.0,1.0,1,1,0.4721,1.8666,-1.3945,7.0,21.0,-14.0,2.0,4.0,-2.0,1.0,1.0,0.0
7869,7869,7551,matched_direct,2018-06-23,FIFA World Cup,FIFA World Cup,2018,Germany,Sweden,2,1,TEAM_A_WIN,True,True,True,7869,7869,national_v1_elo_form,national,12.000,10.000,27.000,19.000,4.000,2.300,0.500,0.800,,232.033,True,False,False,TEAM_A_WIN,2026-05-30 12:22:31.707169+02:00,False,False,NONE,7869,17780,WC,FIFA World Cup,2018,2018-06-23 00:00:00+02:00,,,Germany,Sweden,2,1,TEAM_A_WIN,True,False,False,cleaned_finished,2026-05-30 11:23:13.602358+02:00,False,False,NONE,Germany,Sweden,2,1,1,1,2.2993,0.9933,1.306,26.0,12.0,14.0,9.0,4.0,5.0,0.0,1.0,-1.0,1,1,2.0151,0.4144,1.6007,16.0,5.0,11.0,4.0,0.0,4.0,1.0,0.0,1.0
7867,7867,7552,matched_direct,2018-06-23,FIFA World Cup,FIFA World Cup,2018,Belgium,Tunisia,5,2,TEAM_A_WIN,True,True,True,7867,7867,national_v1_elo_form,national,15.000,8.000,28.000,20.000,4.300,1.700,0.600,1.200,,155.409,True,False,False,TEAM_A_WIN,2026-05-30 12:22:31.707169+02:00,False,False,NONE,7867,17778,WC,FIFA World Cup,2018,2018-06-23 00:00:00+02:00,,,Belgium,Tunisia,5,2,TEAM_A_WIN,True,False,False,cleaned_finished,2026-05-30 11:23:13.602358+02:00,False,False,NONE,Belgium,Tunisia,5,2,1,1,1.2121,0.6254,0.5867,15.0,7.0,8.0,6.0,2.0,4.0,3.0,0.0,3.0,1,1,0.9457,2.6264,-1.6807,6.0,18.0,-12.0,1.0,7.0,-6.0,1.0,2.0,-1.0
7868,7868,7553,matched_direct,2018-06-23,FIFA World Cup,FIFA World Cup,2018,South Korea,Mexico,1,2,TEAM_B_WIN,True,True,True,7868,7868,national_v1_elo_form,national,5.000,10.000,12.000,21.000,0.800,1.500,0.900,0.600,,-214.812,True,False,False,TEAM_B_WIN,2026-05-30 12:22:31.707169+02:00,False,False,NONE,7868,17779,WC,FIFA World Cup,2018,2018-06-23 00:00:00+02:00,,,South Korea,Mexico,1,2,TEAM_B_WIN,True,False,False,cleaned_finished,2026-05-30 11:23:13.602358+02:00,False,False,NONE,South Korea,Mexico,1,2,1,1,0.4144,2.0151,-1.6007,5.0,16.0,-11.0,0.0,4.0,-4.0,0.0,1.0,-1.0,1,1,0.9933,2.2993,-1.306,12.0,26.0,-14.0,4.0,9.0,-5.0,1.0,0.0,1.0
7870,7870,7554,matched_direct,2018-06-24,FIFA World Cup,FIFA World Cup,2018,England,Panama,6,1,TEAM_A_WIN,True,True,True,7870,7870,national_v1_elo_form,national,15.000,6.000,26.000,10.000,1.900,0.800,0.400,1.300,,161.857,True,False,False,TEAM_A_WIN,2026-05-30 12:22:31.707169+02:00,False,False,NONE,7870,17781,WC,FIFA World Cup,2018,2018-06-24 00:00:00+02:00,,,England,Panama,6,1,TEAM_A_WIN,True,False,False,cleaned_finished,2026-05-30 11:23:13.602358+02:00,False,False,NONE,England,Panama,6,1,1,1,2.6264,0.9457,1.6807,18.0,6.0,12.0,7.0,1.0,6.0,2.0,1.0,1.0,1,1,0.6254,1.2121,-0.5867,7.0,15.0,-8.0,2.0,6.0,-4.0,0.0,3.0,-3.0
7872,7872,7555,matched_direct,2018-06-24,FIFA World Cup,FIFA World Cup,2018,Poland,Colombia,0,3,TEAM_B_WIN,True,True,False,7872,7872,national_v1_elo_form,national,9.000,3.000,24.000,11.000,2.700,0.900,1.400,1.100,,-86.753,True,False,False,TEAM_B_WIN,2026-05-30 12:22:31.707169+02:00,False,False,NONE,7872,17783,WC,FIFA World Cup,2018,2018-06-24 00:00:00+02:00,,,Poland,Colombia,0,3,TEAM_B_WIN,True,False,False,cleaned_finished,2026-05-30 11:23:13.602358+02:00,False,False,NONE,Poland,Colombia,0,3,1,1,1.0423,1.4278,-0.3855,10.0,7.0,3.0,3.0,1.0,2.0,1.0,2.0,-1.0,1,1,0.8063,2.3207,-1.5144,10.0,14.0,-4.0,3.0,6.0,-3.0,1.0,2.0,-1.0
7871,7871,7556,matched_direct,2018-06-24,FIFA World Cup,FIFA World Cup,2018,Japan,Senegal,2,2,DRAW,True,True,True,7871,7871,national_v1_elo_form,national,10.000,13.000,23.000,22.000,1.800,1.800,0.600,0.700,,58.727,True,False,False,DRAW,2026-05-30 12:22:31.707169+02:00,False,False,NONE,7871,17782,WC,FIFA World Cup,2018,2018-06-24 00:00:00+02:00,,,Japan,Senegal,2,2,DRAW,True,False,False,cleaned_finished,2026-05-30 11:23:13.602358+02:00,False,False,NONE,Japan,Senegal,2,2,1,1,2.3207,0.8063,1.5144,14.0,10.0,4.0,6.0,3.0,3.0,2.0,1.0,1.0,1,1,1.4278,1.0423,0.3855,7.0,10.0,-3.0,1.0,3.0,-2.0,2.0,1.0,1.0
7876,7876,7557,matched_direct,2018-06-25,FIFA World Cup,FIFA World Cup,2018,Iran,Portugal,1,1,DRAW,True,False,True,7876,7876,national_v1_elo_form,national,8.000,13.000,21.000,28.000,0.900,3.000,0.300,0.500,,-52.885,True,False,False,DRAW,2026-05-30 12:22:31.707169+02:00,False,False,NONE,7876,17787,WC,FIFA World Cup,2018,2018-06-25 00:00:00+02:00,,,Iran,Portugal,1,1,DRAW,True,False,False,cleaned_finished,2026-05-30 11:23:13.602358+02:00,False,False,NONE,Iran,Portugal,1,1,2,2,0.562,1.6281,-1.0661,7.0,16.0,-9.0,1.0,3.0,-2.0,0.5,0.5,0.0,2,2,1.1598,1.558,-0.3982,11.0,14.5,-3.5,2.5,4.5,-2.0,2.0,1.5,0.5
7873,7873,7558,matched_reversed,2018-06-25,FIFA World Cup,FIFA World Cup,2018,Russia,Uruguay,0,3,TEAM_B_WIN,True,True,False,7873,7873,national_v1_elo_form,national,8.000,13.000,18.000,17.000,2.200,1.300,0.800,1.300,,-91.607,False,False,False,TEAM_B_WIN,2026-05-30 12:22:31.707169+02:00,True,False,TEAM_A,7873,17784,WC,FIFA World Cup,2018,2018-06-25 00:00:00+02:00,,,Russia,Uruguay,0,3,TEAM_B_WIN,False,False,False,cleaned_finished,2026-05-30 11:23:13.602358+02:00,True,False,TEAM_A,Russia,Uruguay,0,3,2,2,1.1314,0.9731,0.1583,13.0,10.5,2.5,5.5,1.0,4.5,4.0,0.5,3.5,2,2,1.8741,0.319,1.5551,15.0,8.0,7.0,3.5,2.5,1.0,1.0,0.0,1.0
7874,7874,7559,matched_direct,2018-06-25,FIFA World Cup,FIFA World Cup,2018,Saudi Arabia,Egypt,2,1,TEAM_A_WIN,True,True,True,7874,7874,national_v1_elo_form,national,3.000,7.000,13.000,16.000,1.400,1.300,1.500,0.900,,-10.231,True,False,False,TEAM_A_WIN,2026-05-30 12:22:31.707169+02:00,False,False,NONE,7874,17785,WC,FIFA World Cup,2018,2018-06-25 00:00:00+02:00,,,Saudi Arabia,Egypt,2,1,TEAM_A_WIN,True,False,False,cleaned_finished,2026-05-30 11:23:13.602358+02:00,False,False,NONE,Saudi Arabia,Egypt,2,1,2,2,0.2611,1.5445,-1.2834,7.0,14.0,-7.0,1.0,5.0,-4.0,0.0,3.0,-3.0,2,2,1.031,1.461,-0.43,11.5,14.0,-2.5,2.5,4.0,-1.5,0.5,2.0,-1.5
7875,7875,7560,matched_direct,2018-06-25,FIFA World Cup,FIFA World Cup,2018,Spain,Morocco,2,2,DRAW,True,True,True,7875,7875,national_v1_elo_form,national,13.000,7.000,28.000,15.000,3.100,1.300,0.500,0.300,,320.033,True,False,False,DRAW,2026-05-30 12:22:31.707169+02:00,False,False,NONE,7875,17786,WC,FIFA World Cup,2018,2018-06-25 00:00:00+02:00,,,Spain,Morocco,2,2,DRAW,True,False,False,cleaned_finished,2026-05-30 11:23:13.602358+02:00,False,False,NONE,Spain,Morocco,2,2,2,2,1.9289,0.9305,0.9984,15.0,8.0,7.0,4.0,1.5,2.5,2.0,1.5,0.5,2,2,1.2571,0.7913,0.4658,15.5,10.0,5.5,3.5,2.0,1.5,0.0,1.0,-1.0
7880,7880,7561,matched_direct,2018-06-26,FIFA World Cup,FIFA World Cup,2018,Iceland,Croatia,1,2,TEAM_B_WIN,True,True,True,7880,7880,national_v1_elo_form,national,10.000,13.000,19.000,20.000,1.300,1.400,0.700,0.400,,-182.511,True,False,False,TEAM_B_WIN,2026-05-30 12:22:31.707169+02:00,False,False,NONE,7880,17791,WC,FIFA World Cup,2018,2018-06-26 00:00:00+02:00,,,Iceland,Croatia,1,2,TEAM_B_WIN,True,False,False,cleaned_finished,2026-05-30 11:23:13.602358+02:00,False,False,NONE,Iceland,Croatia,1,2,2,2,1.2921,1.6963,-0.4042,9.5,22.5,-13.0,2.5,5.5,-3.0,0.5,1.5,-1.0,2,2,1.7631,0.9902,0.7729,12.5,11.5,1.0,3.5,2.5,1.0,2.5,0.0,2.5
7877,7877,7562,matched_direct,2018-06-26,FIFA World Cup,FIFA World Cup,2018,Australia,Peru,0,2,TEAM_B_WIN,True,False,False,7877,7877,national_v1_elo_form,national,8.000,5.000,18.000,16.000,1.500,1.100,1.100,0.800,,131.153,True,False,False,TEAM_B_WIN,2026-05-30 12:22:31.707169+02:00,False,False,NONE,7877,17788,WC,FIFA World Cup,2018,2018-06-26 00:00:00+02:00,,,Australia,Peru,0,2,TEAM_B_WIN,True,False,False,cleaned_finished,2026-05-30 11:23:13.602358+02:00,False,False,NONE,Australia,Peru,0,2,2,2,1.1961,1.288,-0.0919,9.0,11.0,-2.0,3.5,4.5,-1.0,1.0,1.5,-0.5,2,2,1.2758,1.492,-0.2162,14.5,11.5,3.0,4.0,3.5,0.5,0.0,1.0,-1.0
7878,7878,7563,matched_direct,2018-06-26,FIFA World Cup,FIFA World Cup,2018,Denmark,France,0,0,DRAW,False,False,False,7878,7878,national_v1_elo_form,national,9.000,13.000,22.000,25.000,2.000,1.700,0.500,0.600,,-143.223,True,False,False,DRAW,2026-05-30 12:22:31.707169+02:00,False,False,NONE,7878,17789,WC,FIFA World Cup,2018,2018-06-26 00:00:00+02:00,,,Denmark,France,0,0,DRAW,True,False,False,cleaned_finished,2026-05-30 11:23:13.602358+02:00,False,False,NONE,Denmark,France,0,0,2,2,1.068,1.6693,-0.6013,10.5,15.0,-4.5,4.0,5.5,-1.5,1.0,0.5,0.5,2,2,1.712,0.8026,0.9094,12.0,8.5,3.5,4.0,2.0,2.0,1.5,0.5,1.0
7879,7879,7564,matched_direct,2018-06-26,FIFA World Cup,FIFA World Cup,2018,Nigeria,Argentina,1,2,TEAM_B_WIN,True,True,True,7879,7879,national_v1_elo_form,national,7.000,6.000,20.000,13.000,1.500,0.900,0.800,1.100,,-31.707,True,False,False,TEAM_B_WIN,2026-05-30 12:22:31.707169+02:00,False,False,NONE,7879,17790,WC,FIFA World Cup,2018,2018-06-26 00:00:00+02:00,,,Nigeria,Argentina,1,2,TEAM_B_WIN,True,False,False,cleaned_finished,2026-05-30 11:23:13.602358+02:00,False,False,NONE,Nigeria,Argentina,1,2,2,2,1.0373,1.6233,-0.586,15.0,10.5,4.5,3.0,2.5,0.5,1.0,1.0,0.0,2,2,1.6493,1.4319,0.2174,19.0,11.5,7.5,5.0,3.5,1.5,0.5,2.0,-1.5
7883,7883,7565,matched_direct,2018-06-27,FIFA World Cup,FIFA World Cup,2018,Serbia,Brazil,0,2,TEAM_B_WIN,True,False,False,7883,7883,national_v1_elo_form,national,9.000,9.000,20.000,24.000,1.700,2.100,1.000,0.300,,-210.041,True,False,False,TEAM_B_WIN,2026-05-30 12:22:31.707169+02:00,False,False,NONE,7883,17794,WC,FIFA World Cup,2018,2018-06-27 00:00:00+02:00,,,Serbia,Brazil,0,2,TEAM_B_WIN,True,False,False,cleaned_finished,2026-05-30 11:23:13.602358+02:00,False,False,NONE,Serbia,Brazil,0,2,2,2,1.573,1.0766,0.4964,12.0,14.5,-2.5,2.5,4.0,-1.5,1.0,1.0,0.0,2,2,2.4815,0.3154,2.1661,22.0,5.5,16.5,6.5,1.0,5.5,1.5,0.5,1.0
7882,7882,7566,matched_direct,2018-06-27,FIFA World Cup,FIFA World Cup,2018,Mexico,Sweden,0,3,TEAM_B_WIN,True,True,False,7882,7882,national_v1_elo_form,national,10.000,7.000,23.000,19.000,1.700,2.300,0.700,0.800,,153.185,True,False,False,TEAM_B_WIN,2026-05-30 12:22:31.707169+02:00,False,False,NONE,7882,17793,WC,FIFA World Cup,2018,2018-06-27 00:00:00+02:00,,,Mexico,Sweden,0,3,TEAM_B_WIN,True,False,False,cleaned_finished,2026-05-30 11:23:13.602358+02:00,False,False,NONE,Mexico,Sweden,0,3,2,2,1.4354,1.5606,-0.1252,13.0,21.5,-8.5,4.5,7.5,-3.0,1.5,0.5,1.0,2,2,1.4151,0.8662,0.5489,11.5,11.5,0.0,5.0,2.5,2.5,1.0,1.0,0.0
7881,7881,7567,matched_direct,2018-06-27,FIFA World Cup,FIFA World Cup,2018,South Korea,Germany,2,0,TEAM_A_WIN,True,False,False,7881,7881,national_v1_elo_form,national,2.000,12.000,11.000,27.000,0.900,3.900,1.100,0.600,,-345.650,True,False,False,TEAM_A_WIN,2026-05-30 12:22:31.707169+02:00,False,False,NONE,7881,17792,WC,FIFA World Cup,2018,2018-06-27 00:00:00+02:00,,,South Korea,Germany,2,0,TEAM_A_WIN,True,False,False,cleaned_finished,2026-05-30 11:23:13.602358+02:00,False,False,NONE,South Korea,Germany,2,0,2,2,0.6181,1.9463,-1.3282,11.0,15.0,-4.0,3.0,4.5,-1.5,0.5,1.5,-1.0,2,2,1.8087,0.9042,0.9045,22.0,9.5,12.5,7.0,5.0,2.0,1.0,1.0,0.0
7884,7884,7568,matched_direct,2018-06-27,FIFA World Cup,FIFA World Cup,2018,Switzerland,Costa Rica,2,2,DRAW,True,True,True,7884,7884,national_v1_elo_form,national,8.000,2.000,23.000,10.000,1.800,0.800,0.600,1.100,,47.406,True,False,False,DRAW,2026-05-30 12:22:31.707169+02:00,False,False,NONE,7884,17795,WC,FIFA World Cup,2018,2018-06-27 00:00:00+02:00,,,Switzerland,Costa Rica,2,2,DRAW,True,False,False,cleaned_finished,2026-05-30 11:23:13.602358+02:00,False,False,NONE,Switzerland,Costa Rica,2,2,2,2,1.0147,1.5101,-0.4954,13.0,16.5,-3.5,3.5,3.5,0.0,1.5,1.0,0.5,2,2,0.3773,2.5445,-2.1672,7.0,17.5,-10.5,1.5,5.5,-4.0,0.0,1.5,-1.5
7887,7887,7569,matched_direct,2018-06-28,FIFA World Cup,FIFA World Cup,2018,Panama,Tunisia,1,2,TEAM_B_WIN,True,True,True,7887,7887,national_v1_elo_form,national,6.000,5.000,9.000,20.000,0.900,1.800,1.900,1.300,,-49.404,True,False,False,TEAM_B_WIN,2026-05-30 12:22:31.707169+02:00,False,False,NONE,7887,17798,WC,FIFA World Cup,2018,2018-06-28 00:00:00+02:00,,,Panama,Tunisia,1,2,TEAM_B_WIN,True,False,False,cleaned_finished,2026-05-30 11:23:13.602358+02:00,False,False,NONE,Panama,Tunisia,1,2,2,2,0.8527,2.1902,-1.3375,7.5,13.0,-5.5,2.0,6.5,-4.5,0.5,4.5,-4.0,2,2,1.0669,3.9814,-2.9145,11.5,20.5,-9.0,3.0,9.0,-6.0,1.5,3.5,-2.0
7888,7888,7570,matched_direct,2018-06-28,FIFA World Cup,FIFA World Cup,2018,England,Belgium,0,1,TEAM_B_WIN,False,False,False,7888,7888,national_v1_elo_form,national,15.000,15.000,26.000,28.000,2.300,4.400,0.500,0.800,,-43.866,True,False,False,TEAM_B_WIN,2026-05-30 12:22:31.707169+02:00,False,False,NONE,7888,17799,WC,FIFA World Cup,2018,2018-06-28 00:00:00+02:00,,,England,Belgium,0,1,TEAM_B_WIN,True,False,False,cleaned_finished,2026-05-30 11:23:13.602358+02:00,False,False,NONE,England,Belgium,0,1,2,2,2.8973,1.0129,1.8844,14.5,7.0,7.5,7.0,1.5,5.5,4.0,1.0,3.0,2,2,3.2743,0.9068,2.3675,19.0,12.0,7.0,8.5,3.5,5.0,4.0,1.0,3.0
7886,7886,7571,matched_direct,2018-06-28,FIFA World Cup,FIFA World Cup,2018,Senegal,Colombia,0,1,TEAM_B_WIN,False,False,False,7886,7886,national_v1_elo_form,national,13.000,5.000,22.000,13.000,1.900,1.000,0.800,0.900,,6.844,True,False,False,TEAM_B_WIN,2026-05-30 12:22:31.707169+02:00,False,False,NONE,7886,17797,WC,FIFA World Cup,2018,2018-06-28 00:00:00+02:00,,,Senegal,Colombia,0,1,TEAM_B_WIN,True,False,False,cleaned_finished,2026-05-30 11:23:13.602358+02:00,False,False,NONE,Senegal,Colombia,0,1,2,2,1.653,1.0122,0.6408,11.0,8.5,2.5,4.0,3.0,1.0,2.0,1.5,0.5,2,2,1.0966,1.7174,-0.6208,11.5,12.5,-1.0,3.0,4.0,-1.0,2.0,1.0,1.0
7885,7885,7572,matched_direct,2018-06-28,FIFA World Cup,FIFA World Cup,2018,Japan,Poland,0,1,TEAM_B_WIN,False,False,False,7885,7885,national_v1_elo_form,national,8.000,9.000,21.000,21.000,1.800,2.400,0.800,1.500,,187.600,True,False,False,TEAM_B_WIN,2026-05-30 12:22:31.707169+02:00,False,False,NONE,7885,17796,WC,FIFA World Cup,2018,2018-06-28 00:00:00+02:00,,,Japan,Poland,0,1,TEAM_B_WIN,True,False,False,cleaned_finished,2026-05-30 11:23:13.602358+02:00,False,False,NONE,Japan,Poland,0,1,2,2,1.6515,1.3423,0.3092,10.5,12.5,-2.0,4.5,5.0,-0.5,2.0,1.5,0.5,2,2,1.0783,1.4074,-0.3291,10.5,10.0,0.5,2.5,2.0,0.5,0.5,2.5,-2.0
7890,7890,7579,matched_direct,2018-06-30,FIFA World Cup,FIFA World Cup,2018,Uruguay,Portugal,2,1,TEAM_A_WIN,True,True,True,7890,7890,national_v1_elo_form,national,13.000,11.000,17.000,26.000,1.400,2.500,1.200,0.600,,-30.129,True,False,False,TEAM_A_WIN,2026-05-30 12:22:31.707169+02:00,False,False,NONE,7890,17801,WC,FIFA World Cup,2018,2018-06-30 00:00:00+02:00,,,Uruguay,Portugal,2,1,TEAM_A_WIN,True,False,False,cleaned_finished,2026-05-30 11:23:13.602358+02:00,False,False,NONE,Uruguay,Portugal,2,1,3,3,2.0769,0.2727,1.8042,15.3333,6.3333,9.0,4.3333,2.0,2.3333,1.6667,0.0,1.6667,3,3,1.2807,1.5643,-0.2836,12.3333,12.6667,-0.3334,3.0,3.6667,-0.6667,1.6667,1.3333,0.3334
7889,7889,7580,matched_direct,2018-06-30,FIFA World Cup,FIFA World Cup,2018,France,Argentina,4,3,TEAM_A_WIN,True,True,True,7889,7889,national_v1_elo_form,national,13.000,8.000,23.000,16.000,1.600,1.100,0.600,0.900,,97.672,True,False,False,TEAM_A_WIN,2026-05-30 12:22:31.707169+02:00,False,False,NONE,7889,17800,WC,FIFA World Cup,2018,2018-06-30 00:00:00+02:00,,,France,Argentina,4,3,TEAM_A_WIN,True,False,False,cleaned_finished,2026-05-30 11:23:13.602358+02:00,False,False,NONE,France,Argentina,4,3,3,3,1.2807,0.5814,0.6993,11.6667,7.3333,4.3334,4.0,1.6667,2.3333,1.0,0.3333,0.6667,3,3,1.3831,1.3897,-0.0066,15.3333,10.6667,4.6666,4.3333,3.3333,1.0,1.0,1.6667,-0.6667
7892,7892,7581,matched_direct,2018-07-01,FIFA World Cup,FIFA World Cup,2018,Croatia,Denmark,1,1,DRAW,True,False,True,7892,7892,national_v1_elo_form,national,13.000,9.000,20.000,22.000,1.500,2.000,0.500,0.500,,52.287,True,False,False,DRAW,2026-05-30 12:22:31.707169+02:00,False,False,NONE,7892,17803,WC,FIFA World Cup,2018,2018-07-01 00:00:00+02:00,,,Croatia,Denmark,1,1,DRAW,True,False,False,cleaned_finished,2026-05-30 11:23:13.602358+02:00,False,False,NONE,Croatia,Denmark,1,1,3,3,1.4,1.371,0.029,12.6667,13.3333,-0.6666,3.0,3.6667,-0.6667,2.3333,0.3333,2.0,3,3,0.7583,1.2522,-0.4939,8.6667,13.6667,-5.0,3.0,5.0,-2.0,0.6667,0.3333,0.3334
7891,7891,7582,matched_reversed,2018-07-01,FIFA World Cup,FIFA World Cup,2018,Russia,Spain,1,1,DRAW,True,False,True,7891,7891,national_v1_elo_form,national,7.000,11.000,18.000,26.000,2.200,3.100,1.000,0.700,,-252.432,False,False,False,DRAW,2026-05-30 12:22:31.707169+02:00,True,False,TEAM_A,7891,17802,WC,FIFA World Cup,2018,2018-07-01 00:00:00+02:00,,,Russia,Spain,1,1,DRAW,False,False,False,cleaned_finished,2026-05-30 11:23:13.602358+02:00,True,False,TEAM_A,Russia,Spain,1,1,3,3,0.8143,1.4763,-0.662,9.6667,12.3333,-2.6666,4.0,2.6667,1.3333,2.6667,1.3333,1.3334,3,3,2.1541,0.9776,1.1765,16.0,8.0,8.0,3.6667,2.0,1.6667,2.0,1.6667,0.3333
7893,7893,7583,matched_direct,2018-07-02,FIFA World Cup,FIFA World Cup,2018,Brazil,Mexico,2,0,TEAM_A_WIN,True,False,False,7893,7893,national_v1_elo_form,national,11.000,9.000,24.000,20.000,2.000,1.500,0.300,1.000,,33.480,True,False,False,TEAM_A_WIN,2026-05-30 12:22:31.707169+02:00,False,False,NONE,7893,17804,WC,FIFA World Cup,2018,2018-07-02 00:00:00+02:00,,,Brazil,Mexico,2,0,TEAM_A_WIN,True,False,False,cleaned_finished,2026-05-30 11:23:13.602358+02:00,False,False,NONE,Brazil,Mexico,2,0,3,3,2.1276,0.5264,1.6012,19.6667,7.3333,12.3334,6.6667,1.0,5.6667,1.6667,0.3333,1.3334,3,3,1.4939,1.9705,-0.4766,16.0,19.3333,-3.3333,4.0,6.6667,-2.6667,1.0,1.3333,-0.3333
7894,7894,7584,matched_direct,2018-07-02,FIFA World Cup,FIFA World Cup,2018,Belgium,Japan,3,2,TEAM_A_WIN,True,True,True,7894,7894,national_v1_elo_form,national,15.000,7.000,28.000,18.000,3.900,1.600,0.800,0.800,,155.004,True,False,False,TEAM_A_WIN,2026-05-30 12:22:31.707169+02:00,False,False,NONE,7894,17805,WC,FIFA World Cup,2018,2018-07-02 00:00:00+02:00,,,Belgium,Japan,3,2,TEAM_A_WIN,True,False,False,cleaned_finished,2026-05-30 11:23:13.602358+02:00,False,False,NONE,Belgium,Japan,3,2,3,3,2.5046,1.0048,1.4998,17.3333,12.0,5.3333,6.6667,2.6667,4.0,3.0,0.6667,2.3333,3,3,1.3978,1.2418,0.156,10.6667,12.0,-1.3333,4.0,4.0,0.0,1.3333,1.3333,0.0
7896,7896,7585,matched_direct,2018-07-03,FIFA World Cup,FIFA World Cup,2018,Colombia,England,1,1,DRAW,True,False,True,7896,7896,national_v1_elo_form,national,7.000,12.000,15.000,25.000,1.100,2.300,0.900,0.600,,-38.817,True,False,False,DRAW,2026-05-30 12:22:31.707169+02:00,False,False,NONE,7896,17807,WC,FIFA World Cup,2018,2018-07-03 00:00:00+02:00,,,Colombia,England,1,1,DRAW,True,False,False,cleaned_finished,2026-05-30 11:23:13.602358+02:00,False,False,NONE,Colombia,England,1,1,3,3,0.826,1.2653,-0.4393,9.0,10.6667,-1.6667,2.6667,3.6667,-1.0,1.6667,0.6667,1.0,3,3,2.3318,0.997,1.3348,13.6667,9.3333,4.3334,5.0,2.0,3.0,2.6667,1.0,1.6667
7895,7895,7586,matched_direct,2018-07-03,FIFA World Cup,FIFA World Cup,2018,Sweden,Switzerland,1,0,TEAM_A_WIN,False,False,False,7895,7895,national_v1_elo_form,national,10.000,9.000,19.000,21.000,2.200,1.900,0.800,0.800,,18.208,True,False,False,TEAM_A_WIN,2026-05-30 12:22:31.707169+02:00,False,False,NONE,7895,17806,WC,FIFA World Cup,2018,2018-07-03 00:00:00+02:00,,,Sweden,Switzerland,1,0,TEAM_A_WIN,True,False,False,cleaned_finished,2026-05-30 11:23:13.602358+02:00,False,False,NONE,Sweden,Switzerland,1,0,3,3,1.8736,1.1144,0.7592,12.6667,15.0,-2.3333,5.0,2.6667,2.3333,1.6667,0.6667,1.0,3,3,1.083,1.5321,-0.4491,13.0,15.6667,-2.6667,3.3333,4.3333,-1.0,1.6667,1.3333,0.3334
7897,7897,8649,matched_direct,2018-07-06,FIFA World Cup,FIFA World Cup,2018,Uruguay,France,0,2,TEAM_B_WIN,True,False,False,7897,7897,national_v1_elo_form,national,15.000,13.000,20.000,23.000,1.500,1.800,1.000,0.800,,-35.396,True,False,False,TEAM_B_WIN,2026-05-30 12:22:31.707169+02:00,False,False,NONE,7897,17808,WC,FIFA World Cup,2018,2018-07-06 00:00:00+02:00,,,Uruguay,France,0,2,TEAM_B_WIN,True,False,False,cleaned_finished,2026-05-30 11:23:13.602358+02:00,False,False,NONE,Uruguay,France,0,2,4,4,1.6767,0.4535,1.2232,13.25,10.0,3.25,4.0,2.5,1.5,1.75,0.25,1.5,4,4,1.37,0.7977,0.5723,11.0,8.5,2.5,4.0,2.25,1.75,1.75,1.0,0.75
7898,7898,8650,matched_direct,2018-07-06,FIFA World Cup,FIFA World Cup,2018,Brazil,Belgium,1,2,TEAM_B_WIN,True,True,True,7898,7898,national_v1_elo_form,national,13.000,15.000,24.000,28.000,2.000,3.400,0.300,0.900,,18.542,True,False,False,TEAM_B_WIN,2026-05-30 12:22:31.707169+02:00,False,False,NONE,7898,17809,WC,FIFA World Cup,2018,2018-07-06 00:00:00+02:00,,,Brazil,Belgium,1,2,TEAM_B_WIN,True,False,False,cleaned_finished,2026-05-30 11:23:13.602358+02:00,False,False,NONE,Brazil,Belgium,1,2,4,4,2.4258,0.5405,1.8853,19.5,9.0,10.5,7.5,1.0,6.5,1.75,0.25,1.5,4,4,2.6079,0.927,1.6809,20.0,12.0,8.0,6.75,3.0,3.75,3.0,1.0,2.0
7899,7899,8651,matched_direct,2018-07-07,FIFA World Cup,FIFA World Cup,2018,Sweden,England,0,2,TEAM_B_WIN,True,False,False,7899,7899,national_v1_elo_form,national,10.000,10.000,19.000,23.000,2.100,2.100,0.700,0.700,,35.159,True,False,False,TEAM_B_WIN,2026-05-30 12:22:31.707169+02:00,False,False,NONE,7899,17810,WC,FIFA World Cup,2018,2018-07-07 00:00:00+02:00,,,Sweden,England,0,2,TEAM_B_WIN,True,False,False,cleaned_finished,2026-05-30 11:23:13.602358+02:00,False,False,NONE,Sweden,England,0,2,4,4,1.6328,0.969,0.6638,12.5,15.25,-2.75,4.5,2.75,1.75,1.5,0.5,1.0,4,4,3.2893,1.9349,1.3544,15.75,11.75,4.0,5.5,3.5,2.0,2.25,1.0,1.25
7900,7900,8652,matched_direct,2018-07-07,FIFA World Cup,FIFA World Cup,2018,Russia,Croatia,2,2,DRAW,True,True,True,7900,7900,national_v1_elo_form,national,8.000,11.000,16.000,21.000,1.900,1.600,1.000,0.500,,-102.933,False,False,False,DRAW,2026-05-30 12:22:31.707169+02:00,True,False,TEAM_A,7900,17811,WC,FIFA World Cup,2018,2018-07-07 00:00:00+02:00,,,Russia,Croatia,2,2,DRAW,False,False,False,cleaned_finished,2026-05-30 11:23:13.602358+02:00,True,False,TEAM_A,Russia,Croatia,2,2,4,4,1.7458,2.4469,-0.7011,10.25,16.5,-6.25,4.25,5.5,-1.25,2.25,1.25,1.0,4,4,2.572,2.1818,0.3902,16.0,14.75,1.25,5.0,4.75,0.25,2.0,0.5,1.5
7901,7901,8655,matched_direct,2018-07-10,FIFA World Cup,FIFA World Cup,2018,France,Belgium,1,0,TEAM_A_WIN,False,False,False,7901,7901,national_v1_elo_form,national,13.000,15.000,23.000,30.000,1.700,3.500,0.700,0.900,,-33.158,True,False,False,TEAM_A_WIN,2026-05-30 12:22:31.707169+02:00,False,False,NONE,7901,17812,WC,FIFA World Cup,2018,2018-07-10 00:00:00+02:00,,,France,Belgium,1,0,TEAM_A_WIN,True,False,False,cleaned_finished,2026-05-30 11:23:13.602358+02:00,False,False,NONE,France,Belgium,1,0,5,5,1.2038,0.7768,0.427,11.0,8.8,2.2,3.6,2.6,1.0,1.8,0.8,1.0,5,5,2.1674,1.2635,0.9039,17.6,14.6,3.0,6.0,4.2,1.8,2.8,1.0,1.8
7902,7902,8656,matched_direct,2018-07-11,FIFA World Cup,FIFA World Cup,2018,Croatia,England,2,1,TEAM_A_WIN,True,True,True,7902,7902,national_v1_elo_form,national,11.000,10.000,19.000,23.000,1.700,2.100,0.700,0.700,,-42.742,True,False,False,TEAM_A_WIN,2026-05-30 12:22:31.707169+02:00,False,False,NONE,7902,17813,WC,FIFA World Cup,2018,2018-07-11 00:00:00+02:00,,,Croatia,England,2,1,TEAM_A_WIN,True,False,False,cleaned_finished,2026-05-30 11:23:13.602358+02:00,False,False,NONE,Croatia,England,2,1,5,5,3.1712,2.7431,0.4281,17.4,15.4,2.0,5.8,5.8,0.0,2.0,0.8,1.2,5,5,2.7831,1.7148,1.0683,15.0,11.0,4.0,4.8,3.4,1.4,2.2,0.8,1.4
7903,7903,8657,matched_direct,2018-07-14,FIFA World Cup,FIFA World Cup,2018,Belgium,England,2,0,TEAM_A_WIN,True,False,False,7903,7903,national_v1_elo_form,national,12.000,7.000,27.000,22.000,3.300,2.000,1.000,0.700,,116.499,True,False,False,TEAM_A_WIN,2026-05-30 12:22:31.707169+02:00,False,False,NONE,7903,17814,WC,FIFA World Cup,2018,2018-07-14 00:00:00+02:00,,,Belgium,England,2,0,TEAM_A_WIN,True,False,False,cleaned_finished,2026-05-30 11:23:13.602358+02:00,False,False,NONE,Belgium,England,2,0,6,5,2.0383,1.4747,0.5636,16.4,17.0,-0.6,5.2,4.8,0.4,2.2,1.2,1.0,6,5,2.3671,1.9539,0.4132,13.6,14.2,-0.6,3.6,4.6,-1.0,2.0,1.0,1.0
7904,7904,8658,matched_direct,2018-07-15,FIFA World Cup,FIFA World Cup,2018,France,Croatia,4,2,TEAM_A_WIN,True,True,True,7904,7904,national_v1_elo_form,national,13.000,11.000,26.000,22.000,1.700,1.900,0.500,0.700,,124.449,True,False,False,TEAM_A_WIN,2026-05-30 12:22:31.707169+02:00,False,False,NONE,7904,17815,WC,FIFA World Cup,2018,2018-07-15 00:00:00+02:00,,,France,Croatia,4,2,TEAM_A_WIN,True,False,False,cleaned_finished,2026-05-30 11:23:13.602358+02:00,False,False,NONE,France,Croatia,4,2,6,5,1.2278,0.6942,0.5336,12.4,9.6,2.8,3.8,2.6,1.2,1.6,0.6,1.0,6,5,3.2605,2.7,0.5605,19.6,15.0,4.6,6.8,5.6,1.2,2.0,1.0,1.0
8771,8771,3857286,matched_direct,2022-11-20,FIFA World Cup,FIFA World Cup,2022,Qatar,Ecuador,0,2,TEAM_B_WIN,True,False,False,8771,8771,national_v1_elo_form,national,15.000,6.000,22.000,13.000,2.000,1.100,0.600,0.900,,0.654,False,False,False,TEAM_B_WIN,2026-05-30 12:22:31.707169+02:00,True,False,TEAM_A,8771,18682,WC,FIFA World Cup,2022,2022-11-20 00:00:00+01:00,,,Qatar,Ecuador,0,2,TEAM_B_WIN,False,False,False,cleaned_finished,2026-05-30 11:23:13.602358+02:00,True,False,TEAM_A,Qatar,Ecuador,0,2,0,0,0.0,0.0,0.0,0.0,0.0,0.0,0.0,0.0,0.0,0.0,0.0,0.0,0,0,0.0,0.0,0.0,0.0,0.0,0.0,0.0,0.0,0.0,0.0,0.0,0.0
8773,8773,3857271,matched_direct,2022-11-21,FIFA World Cup,FIFA World Cup,2022,England,Iran,6,2,TEAM_A_WIN,True,True,True,8773,8773,national_v1_elo_form,national,11.000,12.000,26.000,25.000,3.900,1.500,0.300,0.400,,-47.843,True,False,False,TEAM_A_WIN,2026-05-30 12:22:31.707169+02:00,False,False,NONE,8773,18684,WC,FIFA World Cup,2022,2022-11-21 00:00:00+01:00,,,England,Iran,6,2,TEAM_A_WIN,True,False,False,cleaned_finished,2026-05-30 11:23:13.602358+02:00,False,False,NONE,England,Iran,6,2,14,5,2.083,1.6328,0.4502,10.6,10.6,0.0,5.8,4.2,1.6,2.0,0.4,1.6,3,3,0.9004,1.5929,-0.6925,7.6667,15.6667,-8.0,1.3333,3.3333,-2.0,0.6667,0.6667,0.0
8774,8774,3857282,matched_direct,2022-11-21,FIFA World Cup,FIFA World Cup,2022,United States,Wales,1,1,DRAW,True,False,True,8774,8774,national_v1_elo_form,national,7.000,13.000,17.000,21.000,1.400,1.700,0.800,1.000,,117.843,True,False,False,DRAW,2026-05-30 12:22:31.707169+02:00,False,False,NONE,8774,18685,WC,FIFA World Cup,2022,2022-11-21 00:00:00+01:00,,,United States,Wales,1,1,DRAW,True,False,False,cleaned_finished,2026-05-30 11:23:13.602358+02:00,False,False,NONE,United States,Wales,1,1,0,0,0.0,0.0,0.0,0.0,0.0,0.0,0.0,0.0,0.0,0.0,0.0,0.0,4,4,1.0722,1.6737,-0.6015,9.75,18.75,-9.0,2.75,6.0,-3.25,0.75,1.5,-0.75
8772,8772,3857285,matched_direct,2022-11-21,FIFA World Cup,FIFA World Cup,2022,Senegal,Netherlands,0,2,TEAM_B_WIN,True,False,False,8772,8772,national_v1_elo_form,national,10.000,13.000,20.000,23.000,1.800,3.300,0.800,0.800,,-157.114,True,False,False,TEAM_B_WIN,2026-05-30 12:22:31.707169+02:00,False,False,NONE,8772,18683,WC,FIFA World Cup,2022,2022-11-21 00:00:00+01:00,,,Senegal,Netherlands,0,2,TEAM_B_WIN,True,False,False,cleaned_finished,2026-05-30 11:23:13.602358+02:00,False,False,NONE,Senegal,Netherlands,0,2,3,3,1.2223,0.7698,0.4525,9.6667,7.0,2.6667,3.6667,2.6667,1.0,1.3333,1.3333,0.0,4,4,2.2063,0.7523,1.454,13.0,10.25,2.75,4.25,3.0,1.25,2.0,1.0,1.0
8777,8777,3857254,matched_direct,2022-11-22,FIFA World Cup,FIFA World Cup,2022,Denmark,Tunisia,0,0,DRAW,False,False,False,8777,8777,national_v1_elo_form,national,12.000,8.000,27.000,20.000,3.000,1.600,0.300,0.800,,64.842,True,False,False,DRAW,2026-05-30 12:22:31.707169+02:00,False,False,NONE,8777,18688,WC,FIFA World Cup,2022,2022-11-22 00:00:00+01:00,,,Denmark,Tunisia,0,0,DRAW,True,False,False,cleaned_finished,2026-05-30 11:23:13.602358+02:00,False,False,NONE,Denmark,Tunisia,0,0,10,5,1.5392,1.3906,0.1486,14.0,12.0,2.0,6.6,4.4,2.2,2.4,1.2,1.2,3,3,1.6621,2.8845,-1.2224,12.6667,16.6667,-4.0,4.0,7.3333,-3.3333,1.6667,2.6667,-1.0
8776,8776,3857265,matched_direct,2022-11-22,FIFA World Cup,FIFA World Cup,2022,Mexico,Poland,0,0,DRAW,False,False,False,8776,8776,national_v1_elo_form,national,11.000,12.000,20.000,22.000,1.200,2.900,0.500,0.800,,176.236,True,False,False,DRAW,2026-05-30 12:22:31.707169+02:00,False,False,NONE,8776,18687,WC,FIFA World Cup,2022,2022-11-22 00:00:00+01:00,,,Mexico,Poland,0,0,DRAW,True,False,False,cleaned_finished,2026-05-30 11:23:13.602358+02:00,False,False,NONE,Mexico,Poland,0,0,4,4,1.2661,2.308,-1.0419,15.5,19.25,-3.75,3.25,7.5,-4.25,0.75,1.5,-0.75,6,5,1.1514,1.2576,-0.1062,12.6,11.6,1.0,3.2,3.4,-0.2,1.0,1.8,-0.8
8778,8778,3857279,matched_direct,2022-11-22,FIFA World Cup,FIFA World Cup,2022,France,Australia,4,1,TEAM_A_WIN,True,True,True,8778,8778,national_v1_elo_form,national,11.000,5.000,24.000,13.000,2.300,1.300,0.500,1.000,,189.719,True,False,False,TEAM_A_WIN,2026-05-30 12:22:31.707169+02:00,False,False,NONE,8778,18689,WC,FIFA World Cup,2022,2022-11-22 00:00:00+01:00,,,France,Australia,4,1,TEAM_A_WIN,True,False,False,cleaned_finished,2026-05-30 11:23:13.602358+02:00,False,False,NONE,France,Australia,4,1,11,5,2.2608,2.1186,0.1422,14.2,11.6,2.6,6.0,4.4,1.6,2.2,1.6,0.6,3,3,1.3405,0.9708,0.3697,11.3333,8.6667,2.6666,3.0,4.0,-1.0,0.6667,1.6667,-1.0
8775,8775,3857300,matched_direct,2022-11-22,FIFA World Cup,FIFA World Cup,2022,Argentina,Saudi Arabia,1,2,TEAM_B_WIN,True,True,True,8775,8775,national_v1_elo_form,national,11.000,10.000,24.000,23.000,1.500,1.200,0.200,0.600,,48.358,True,False,False,TEAM_B_WIN,2026-05-30 12:22:31.707169+02:00,False,False,NONE,8775,18686,WC,FIFA World Cup,2022,2022-11-22 00:00:00+01:00,,,Argentina,Saudi Arabia,1,2,TEAM_B_WIN,True,False,False,cleaned_finished,2026-05-30 11:23:13.602358+02:00,False,False,NONE,Argentina,Saudi Arabia,1,2,4,4,1.3989,1.4518,-0.0529,14.5,10.25,4.25,4.25,3.5,0.75,1.5,2.25,-0.75,3,3,1.0227,1.3376,-0.3149,11.6667,12.0,-0.3333,3.0,3.6667,-0.6667,0.6667,2.3333,-1.6666
8782,8782,3857268,matched_direct,2022-11-23,FIFA World Cup,FIFA World Cup,2022,Belgium,Canada,1,0,TEAM_A_WIN,False,False,False,8782,8782,national_v1_elo_form,national,13.000,9.000,23.000,22.000,2.700,1.700,0.700,0.400,,155.694,True,False,False,TEAM_A_WIN,2026-05-30 12:22:31.707169+02:00,False,False,NONE,8782,18693,WC,FIFA World Cup,2022,2022-11-23 00:00:00+01:00,,,Belgium,Canada,1,0,TEAM_A_WIN,True,False,False,cleaned_finished,2026-05-30 11:23:13.602358+02:00,False,False,NONE,Belgium,Canada,1,0,12,5,1.1226,0.8956,0.227,9.6,14.0,-4.4,3.8,3.0,0.8,1.8,0.6,1.2,0,0,0.0,0.0,0.0,0.0,0.0,0.0,0.0,0.0,0.0,0.0,0.0,0.0
8781,8781,3857277,matched_direct,2022-11-23,FIFA World Cup,FIFA World Cup,2022,Morocco,Croatia,0,0,DRAW,False,False,False,8781,8781,national_v1_elo_form,national,13.000,13.000,23.000,23.000,2.700,2.100,0.600,0.400,,-91.481,True,False,False,DRAW,2026-05-30 12:22:31.707169+02:00,False,False,NONE,8781,18692,WC,FIFA World Cup,2022,2022-11-23 00:00:00+01:00,,,Morocco,Croatia,0,0,DRAW,True,False,False,cleaned_finished,2026-05-30 11:23:13.602358+02:00,False,False,NONE,Morocco,Croatia,0,0,3,3,1.1954,1.3957,-0.2003,13.0,12.6667,0.3333,3.3333,2.3333,1.0,0.6667,1.3333,-0.6666,11,5,1.2761,1.5218,-0.2457,11.2,12.4,-1.2,4.0,4.4,-0.4,1.8,2.4,-0.6
8779,8779,3857284,matched_direct,2022-11-23,FIFA World Cup,FIFA World Cup,2022,Germany,Japan,1,2,TEAM_B_WIN,True,True,True,8779,8779,national_v1_elo_form,national,15.000,13.000,27.000,22.000,3.600,1.200,0.400,0.400,,129.980,True,False,False,TEAM_B_WIN,2026-05-30 12:22:31.707169+02:00,False,False,NONE,8779,18690,WC,FIFA World Cup,2022,2022-11-23 00:00:00+01:00,,,Germany,Japan,1,2,TEAM_B_WIN,True,False,False,cleaned_finished,2026-05-30 11:23:13.602358+02:00,False,False,NONE,Germany,Japan,1,2,7,5,1.7637,1.2114,0.5523,15.8,7.4,8.4,4.6,3.0,1.6,1.2,1.8,-0.6,4,4,1.2218,1.6608,-0.439,11.0,16.0,-5.0,4.0,4.75,-0.75,1.5,1.75,-0.25
8780,8780,3857291,matched_direct,2022-11-23,FIFA World Cup,FIFA World Cup,2022,Spain,Costa Rica,7,0,TEAM_A_WIN,True,True,False,8780,8780,national_v1_elo_form,national,12.000,15.000,21.000,22.000,1.800,1.100,0.800,0.500,,97.555,True,False,False,TEAM_A_WIN,2026-05-30 12:22:31.707169+02:00,False,False,NONE,8780,18691,WC,FIFA World Cup,2022,2022-11-23 00:00:00+01:00,,,Spain,Costa Rica,7,0,TEAM_A_WIN,True,False,False,cleaned_finished,2026-05-30 11:23:13.602358+02:00,False,False,NONE,Spain,Costa Rica,7,0,10,5,4.0164,2.3414,1.675,21.8,8.6,13.2,9.2,4.6,4.6,2.6,1.2,1.4,3,3,0.777,2.1029,-1.3259,9.3333,16.0,-6.6667,3.0,4.6667,-1.6667,0.6667,1.6667,-1.0
8784,8784,3857258,matched_direct,2022-11-24,FIFA World Cup,FIFA World Cup,2022,Brazil,Serbia,2,0,TEAM_A_WIN,True,False,False,8784,8784,national_v1_elo_form,national,11.000,13.000,24.000,20.000,2.300,1.900,0.300,1.300,,234.959,True,False,False,TEAM_A_WIN,2026-05-30 12:22:31.707169+02:00,False,False,NONE,8784,18695,WC,FIFA World Cup,2022,2022-11-24 00:00:00+01:00,,,Brazil,Serbia,2,0,TEAM_A_WIN,True,False,False,cleaned_finished,2026-05-30 11:23:13.602358+02:00,False,False,NONE,Brazil,Serbia,2,0,5,5,2.4625,0.5134,1.9491,20.6,8.8,11.8,7.8,1.4,6.4,1.6,0.6,1.0,3,3,1.3648,1.191,0.1738,11.6667,14.6667,-3.0,2.0,5.0,-3.0,0.6667,1.3333,-0.6666
8785,8785,3857287,matched_direct,2022-11-24,FIFA World Cup,FIFA World Cup,2022,Uruguay,South Korea,0,0,DRAW,False,False,False,8785,8785,national_v1_elo_form,national,12.000,12.000,16.000,23.000,1.000,1.300,1.200,0.300,,-29.827,True,False,False,DRAW,2026-05-30 12:22:31.707169+02:00,False,False,NONE,8785,18696,WC,FIFA World Cup,2022,2022-11-24 00:00:00+01:00,,,Uruguay,South Korea,0,0,DRAW,True,False,False,cleaned_finished,2026-05-30 11:23:13.602358+02:00,False,False,NONE,Uruguay,South Korea,0,0,5,5,1.48,0.4705,1.0095,12.6,10.2,2.4,4.0,2.4,1.6,1.4,0.6,0.8,3,3,1.0036,2.1997,-1.1961,11.3333,19.6667,-8.3334,3.6667,5.0,-1.3333,1.0,1.0,0.0
8783,8783,3857290,matched_direct,2022-11-24,FIFA World Cup,FIFA World Cup,2022,Switzerland,Cameroon,1,0,TEAM_A_WIN,False,False,False,8783,8783,national_v1_elo_form,national,11.000,12.000,19.000,22.000,1.700,1.800,0.500,0.700,,89.454,True,False,False,TEAM_A_WIN,2026-05-30 12:22:31.707169+02:00,False,False,NONE,8783,18694,WC,FIFA World Cup,2022,2022-11-24 00:00:00+01:00,,,Switzerland,Cameroon,1,0,TEAM_A_WIN,True,False,False,cleaned_finished,2026-05-30 11:23:13.602358+02:00,False,False,NONE,Switzerland,Cameroon,1,0,9,5,2.7214,3.4036,-0.6822,15.4,21.4,-6.0,6.0,7.8,-1.8,1.6,1.8,-0.2,0,0,0.0,0.0,0.0,0.0,0.0,0.0,0.0,0.0,0.0,0.0,0.0,0.0
8786,8786,3857298,matched_direct,2022-11-24,FIFA World Cup,FIFA World Cup,2022,Portugal,Ghana,3,2,TEAM_A_WIN,True,True,True,8786,8786,national_v1_elo_form,national,10.000,9.000,23.000,17.000,2.200,0.900,0.700,0.500,,126.147,True,False,False,TEAM_A_WIN,2026-05-30 12:22:31.707169+02:00,False,False,NONE,8786,18697,WC,FIFA World Cup,2022,2022-11-24 00:00:00+01:00,,,Portugal,Ghana,3,2,TEAM_A_WIN,True,False,False,cleaned_finished,2026-05-30 11:23:13.602358+02:00,False,False,NONE,Portugal,Ghana,3,2,8,5,1.7739,0.907,0.8669,14.4,8.4,6.0,4.4,4.0,0.4,1.6,1.8,-0.2,0,0,0.0,0.0,0.0,0.0,0.0,0.0,0.0,0.0,0.0,0.0,0.0,0.0
8790,8790,3857272,matched_direct,2022-11-25,FIFA World Cup,FIFA World Cup,2022,England,United States,0,0,DRAW,False,False,False,8790,8790,national_v1_elo_form,national,13.000,8.000,26.000,18.000,4.000,1.500,0.500,0.800,,70.537,True,False,False,DRAW,2026-05-30 12:22:31.707169+02:00,False,False,NONE,8790,18701,WC,FIFA World Cup,2022,2022-11-25 00:00:00+01:00,,,England,United States,0,0,DRAW,True,False,False,cleaned_finished,2026-05-30 11:23:13.602358+02:00,False,False,NONE,England,United States,0,0,15,5,2.352,1.8453,0.5067,12.0,10.8,1.2,6.6,4.6,2.0,3.0,0.8,2.2,1,1,0.6025,1.3953,-0.7928,6.0,7.0,-1.0,1.0,3.0,-2.0,1.0,1.0,0.0
8789,8789,3857273,matched_direct,2022-11-25,FIFA World Cup,FIFA World Cup,2022,Wales,Iran,0,2,TEAM_B_WIN,True,False,False,8789,8789,national_v1_elo_form,national,11.000,9.000,22.000,22.000,1.700,1.600,0.800,1.000,,-148.407,True,False,False,TEAM_B_WIN,2026-05-30 12:22:31.707169+02:00,False,False,NONE,8789,18700,WC,FIFA World Cup,2022,2022-11-25 00:00:00+01:00,,,Wales,Iran,0,2,TEAM_B_WIN,True,False,False,cleaned_finished,2026-05-30 11:23:13.602358+02:00,False,False,NONE,Wales,Iran,0,2,5,5,1.1369,1.4594,-0.3225,9.2,16.2,-7.0,2.8,5.0,-2.2,0.8,1.4,-0.6,4,4,1.0392,1.6915,-0.6523,7.75,15.0,-7.25,1.75,4.25,-2.5,1.0,2.0,-1.0
8788,8788,3857274,matched_direct,2022-11-25,FIFA World Cup,FIFA World Cup,2022,Netherlands,Ecuador,1,1,DRAW,True,False,True,8788,8788,national_v1_elo_form,national,13.000,6.000,26.000,16.000,3.300,1.300,0.400,0.800,,218.856,True,False,False,DRAW,2026-05-30 12:22:31.707169+02:00,False,False,NONE,8788,18699,WC,FIFA World Cup,2022,2022-11-25 00:00:00+01:00,,,Netherlands,Ecuador,1,1,DRAW,True,False,False,cleaned_finished,2026-05-30 11:23:13.602358+02:00,False,False,NONE,Netherlands,Ecuador,1,1,5,5,1.9898,0.7401,1.2497,12.4,11.2,1.2,4.0,3.2,0.8,2.0,0.8,1.2,1,1,1.154,0.3042,0.8498,6.0,5.0,1.0,3.0,0.0,3.0,2.0,0.0,2.0
8787,8787,3857301,matched_direct,2022-11-25,FIFA World Cup,FIFA World Cup,2022,Qatar,Senegal,1,3,TEAM_B_WIN,True,True,True,8787,8787,national_v1_elo_form,national,12.000,7.000,22.000,19.000,1.900,1.600,0.500,0.800,,-95.197,False,False,False,TEAM_B_WIN,2026-05-30 12:22:31.707169+02:00,True,False,TEAM_A,8787,18698,WC,FIFA World Cup,2022,2022-11-25 00:00:00+01:00,,,Qatar,Senegal,1,3,TEAM_B_WIN,False,False,False,cleaned_finished,2026-05-30 11:23:13.602358+02:00,True,False,TEAM_A,Qatar,Senegal,1,3,1,1,0.3042,1.154,-0.8498,5.0,6.0,-1.0,0.0,3.0,-3.0,0.0,2.0,-2.0,4,4,1.0896,0.8583,0.2313,11.0,7.75,3.25,3.75,2.75,1.0,1.0,1.5,-0.5
8794,8794,3857266,matched_direct,2022-11-26,FIFA World Cup,FIFA World Cup,2022,France,Denmark,2,1,TEAM_A_WIN,True,True,True,8794,8794,national_v1_elo_form,national,13.000,10.000,24.000,25.000,2.600,2.800,0.600,0.300,,186.878,True,False,False,TEAM_A_WIN,2026-05-30 12:22:31.707169+02:00,False,False,NONE,8794,18705,WC,FIFA World Cup,2022,2022-11-26 00:00:00+01:00,,,France,Denmark,2,1,TEAM_A_WIN,True,False,False,cleaned_finished,2026-05-30 11:23:13.602358+02:00,False,False,NONE,France,Denmark,2,1,12,5,2.6753,1.8872,0.7881,17.2,9.4,7.8,6.0,4.0,2.0,2.2,1.4,0.8,11,5,1.528,1.3922,0.1358,12.0,13.4,-1.4,6.6,3.8,2.8,2.2,0.8,1.4
8793,8793,3857288,matched_direct,2022-11-26,FIFA World Cup,FIFA World Cup,2022,Tunisia,Australia,0,1,TEAM_B_WIN,False,False,False,8793,8793,national_v1_elo_form,national,8.000,4.000,21.000,10.000,1.400,1.100,0.300,1.300,,-20.785,True,False,False,TEAM_B_WIN,2026-05-30 12:22:31.707169+02:00,False,False,NONE,8793,18704,WC,FIFA World Cup,2022,2022-11-26 00:00:00+01:00,,,Tunisia,Australia,0,1,TEAM_B_WIN,True,False,False,cleaned_finished,2026-05-30 11:23:13.602358+02:00,False,False,NONE,Tunisia,Australia,0,1,4,4,1.5116,2.5551,-1.0435,12.75,15.25,-2.5,3.25,6.75,-3.5,1.25,2.0,-0.75,4,4,1.0862,1.5207,-0.4345,9.5,12.25,-2.75,2.5,4.5,-2.0,0.75,2.25,-1.5
8792,8792,3857289,matched_direct,2022-11-26,FIFA World Cup,FIFA World Cup,2022,Argentina,Mexico,2,0,TEAM_A_WIN,True,False,False,8792,8792,national_v1_elo_form,national,10.000,11.000,21.000,18.000,1.300,0.900,0.400,0.500,,-12.724,True,False,False,TEAM_A_WIN,2026-05-30 12:22:31.707169+02:00,False,False,NONE,8792,18703,WC,FIFA World Cup,2022,2022-11-26 00:00:00+01:00,,,Argentina,Mexico,2,0,TEAM_A_WIN,True,False,False,cleaned_finished,2026-05-30 11:23:13.602358+02:00,False,False,NONE,Argentina,Mexico,2,0,5,5,1.6175,1.1921,0.4254,14.6,8.8,5.8,4.6,3.2,1.4,1.4,2.2,-0.8,5,5,1.1187,2.074,-0.9553,14.6,16.6,-2.0,3.4,6.4,-3.0,0.6,1.2,-0.6
8791,8791,3857297,matched_direct,2022-11-26,FIFA World Cup,FIFA World Cup,2022,Poland,Saudi Arabia,2,0,TEAM_A_WIN,True,False,False,8791,8791,national_v1_elo_form,national,10.000,10.000,20.000,23.000,2.600,1.100,0.800,0.600,,-155.384,True,False,False,TEAM_A_WIN,2026-05-30 12:22:31.707169+02:00,False,False,NONE,8791,18702,WC,FIFA World Cup,2022,2022-11-26 00:00:00+01:00,,,Poland,Saudi Arabia,2,0,TEAM_A_WIN,True,False,False,cleaned_finished,2026-05-30 11:23:13.602358+02:00,False,False,NONE,Poland,Saudi Arabia,2,0,7,5,1.1561,1.086,0.0701,11.6,11.2,0.4,3.2,3.6,-0.4,1.0,1.2,-0.2,4,4,0.8054,1.6261,-0.8207,9.5,12.75,-3.25,2.75,4.25,-1.5,1.0,2.0,-1.0
8796,8796,3857263,matched_direct,2022-11-27,FIFA World Cup,FIFA World Cup,2022,Spain,Germany,1,1,DRAW,True,False,True,8796,8796,national_v1_elo_form,national,15.000,12.000,23.000,24.000,2.300,3.400,0.600,0.600,,19.255,True,False,False,DRAW,2026-05-30 12:22:31.707169+02:00,False,False,NONE,8796,18707,WC,FIFA World Cup,2022,2022-11-27 00:00:00+01:00,,,Spain,Germany,1,1,DRAW,True,False,False,cleaned_finished,2026-05-30 11:23:13.602358+02:00,False,False,NONE,Spain,Germany,1,1,11,5,4.0458,2.2309,1.8149,22.8,7.6,15.2,9.8,4.2,5.6,3.8,1.0,2.8,8,5,1.776,1.1063,0.6697,15.2,7.4,7.8,5.2,2.8,2.4,1.4,1.8,-0.4
8798,8798,3857281,matched_direct,2022-11-27,FIFA World Cup,FIFA World Cup,2022,Croatia,Canada,4,1,TEAM_A_WIN,True,True,True,8798,8798,national_v1_elo_form,national,11.000,6.000,24.000,21.000,2.100,1.700,0.300,0.500,,43.815,True,False,False,TEAM_A_WIN,2026-05-30 12:22:31.707169+02:00,False,False,NONE,8798,18709,WC,FIFA World Cup,2022,2022-11-27 00:00:00+01:00,,,Croatia,Canada,4,1,TEAM_A_WIN,True,False,False,cleaned_finished,2026-05-30 11:23:13.602358+02:00,False,False,NONE,Croatia,Canada,4,1,12,5,1.15,1.3747,-0.2247,9.2,12.4,-3.2,3.6,3.6,0.0,1.4,1.6,-0.2,1,1,2.5462,0.67,1.8762,22.0,9.0,13.0,3.0,3.0,0.0,0.0,1.0,-1.0
8797,8797,3857283,matched_direct,2022-11-27,FIFA World Cup,FIFA World Cup,2022,Belgium,Morocco,0,2,TEAM_B_WIN,True,False,False,8797,8797,national_v1_elo_form,national,13.000,11.000,26.000,24.000,2.800,2.700,0.600,0.500,,222.696,True,False,False,TEAM_B_WIN,2026-05-30 12:22:31.707169+02:00,False,False,NONE,8797,18708,WC,FIFA World Cup,2022,2022-11-27 00:00:00+01:00,,,Belgium,Morocco,0,2,TEAM_B_WIN,True,False,False,cleaned_finished,2026-05-30 11:23:13.602358+02:00,False,False,NONE,Belgium,Morocco,0,2,13,5,0.9779,1.3534,-0.3755,9.6,17.4,-7.8,3.6,3.4,0.2,1.4,0.6,0.8,4,4,0.9872,1.2592,-0.272,11.75,10.75,1.0,3.0,2.0,1.0,0.5,1.0,-0.5
8795,8795,3857295,matched_direct,2022-11-27,FIFA World Cup,FIFA World Cup,2022,Japan,Costa Rica,0,1,TEAM_B_WIN,False,False,False,8795,8795,national_v1_elo_form,national,13.000,12.000,25.000,22.000,1.400,1.000,0.400,1.000,,73.356,True,False,False,TEAM_B_WIN,2026-05-30 12:22:31.707169+02:00,False,False,NONE,8795,18706,WC,FIFA World Cup,2022,2022-11-27 00:00:00+01:00,,,Japan,Costa Rica,0,1,TEAM_B_WIN,True,False,False,cleaned_finished,2026-05-30 11:23:13.602358+02:00,False,False,NONE,Japan,Costa Rica,0,1,5,5,1.2273,1.8822,-0.6549,11.2,18.0,-6.8,4.0,5.6,-1.6,1.6,1.6,0.0,4,4,0.5827,2.2676,-1.6849,7.0,16.25,-9.25,2.25,5.5,-3.25,0.5,3.0,-2.5
8799,8799,3857259,matched_direct,2022-11-28,FIFA World Cup,FIFA World Cup,2022,Cameroon,Serbia,3,3,DRAW,True,True,True,8799,8799,national_v1_elo_form,national,9.000,10.000,19.000,20.000,1.600,1.800,0.800,1.300,,-47.385,True,False,False,DRAW,2026-05-30 12:22:31.707169+02:00,False,False,NONE,8799,18710,WC,FIFA World Cup,2022,2022-11-28 00:00:00+01:00,,,Cameroon,Serbia,3,3,DRAW,True,False,False,cleaned_finished,2026-05-30 11:23:13.602358+02:00,False,False,NONE,Cameroon,Serbia,3,3,1,1,0.6131,1.4265,-0.8134,8.0,7.0,1.0,5.0,3.0,2.0,0.0,1.0,-1.0,4,4,1.0644,1.4243,-0.3599,10.0,16.75,-6.75,1.5,6.0,-4.5,0.5,1.5,-1.0
8800,8800,3857269,matched_direct,2022-11-28,FIFA World Cup,FIFA World Cup,2022,Brazil,Switzerland,1,0,TEAM_A_WIN,False,False,False,8800,8800,national_v1_elo_form,national,13.000,13.000,24.000,21.000,2.300,1.600,0.300,0.300,,172.660,True,False,False,TEAM_A_WIN,2026-05-30 12:22:31.707169+02:00,False,False,NONE,8800,18711,WC,FIFA World Cup,2022,2022-11-28 00:00:00+01:00,,,Brazil,Switzerland,1,0,TEAM_A_WIN,True,False,False,cleaned_finished,2026-05-30 11:23:13.602358+02:00,False,False,NONE,Brazil,Switzerland,1,0,6,5,2.5139,0.4517,2.0622,21.0,8.4,12.6,8.8,1.0,7.8,1.8,0.4,1.4,10,5,2.6947,3.411,-0.7163,13.2,21.2,-8.0,5.8,8.4,-2.6,1.6,1.6,0.0
8802,8802,3857270,matched_direct,2022-11-28,FIFA World Cup,FIFA World Cup,2022,Portugal,Uruguay,2,0,TEAM_A_WIN,True,False,False,8802,8802,national_v1_elo_form,national,10.000,13.000,23.000,14.000,2.400,0.900,0.900,1.200,,54.451,True,False,False,TEAM_A_WIN,2026-05-30 12:22:31.707169+02:00,False,False,NONE,8802,18713,WC,FIFA World Cup,2022,2022-11-28 00:00:00+01:00,,,Portugal,Uruguay,2,0,TEAM_A_WIN,True,False,False,cleaned_finished,2026-05-30 11:23:13.602358+02:00,False,False,NONE,Portugal,Uruguay,2,0,9,5,1.9942,0.9678,1.0264,12.4,8.8,3.6,4.6,4.0,0.6,2.0,1.8,0.2,6,5,1.1753,0.4962,0.6791,11.4,10.0,1.4,3.4,1.8,1.6,1.2,0.6,0.6
8801,8801,3857299,matched_direct,2022-11-28,FIFA World Cup,FIFA World Cup,2022,South Korea,Ghana,2,3,TEAM_B_WIN,True,True,True,8801,8801,national_v1_elo_form,national,10.000,6.000,23.000,16.000,1.300,1.100,0.300,0.800,,135.510,True,False,False,TEAM_B_WIN,2026-05-30 12:22:31.707169+02:00,False,False,NONE,8801,18712,WC,FIFA World Cup,2022,2022-11-28 00:00:00+01:00,,,South Korea,Ghana,2,3,TEAM_B_WIN,True,False,False,cleaned_finished,2026-05-30 11:23:13.602358+02:00,False,False,NONE,South Korea,Ghana,2,3,4,4,0.876,1.7541,-0.8781,10.25,17.25,-7.0,2.75,4.0,-1.25,0.75,0.75,0.0,1,1,0.78,2.0969,-1.3169,9.0,11.0,-2.0,3.0,5.0,-2.0,2.0,3.0,-1.0
8805,8805,3857261,matched_direct,2022-11-29,FIFA World Cup,FIFA World Cup,2022,Wales,England,0,3,TEAM_B_WIN,True,True,False,8805,8805,national_v1_elo_form,national,8.000,11.000,19.000,24.000,1.600,3.800,1.000,0.500,,-180.678,True,False,False,TEAM_B_WIN,2026-05-30 12:22:31.707169+02:00,False,False,NONE,8805,18716,WC,FIFA World Cup,2022,2022-11-29 00:00:00+01:00,,,Wales,England,0,3,TEAM_B_WIN,True,False,False,cleaned_finished,2026-05-30 11:23:13.602358+02:00,False,False,NONE,Wales,England,0,3,6,5,1.1448,1.4382,-0.2934,9.4,16.8,-7.4,3.2,5.4,-2.2,0.6,1.6,-1.0,16,5,2.2114,1.7365,0.4749,12.6,11.0,1.6,6.4,4.2,2.2,2.6,0.8,1.8
8803,8803,3857267,matched_direct,2022-11-29,FIFA World Cup,FIFA World Cup,2022,Ecuador,Senegal,1,2,TEAM_B_WIN,True,True,True,8803,8803,national_v1_elo_form,national,6.000,9.000,14.000,22.000,1.100,1.900,0.900,0.800,,-36.544,True,False,False,TEAM_B_WIN,2026-05-30 12:22:31.707169+02:00,False,False,NONE,8803,18714,WC,FIFA World Cup,2022,2022-11-29 00:00:00+01:00,,,Ecuador,Senegal,1,2,TEAM_B_WIN,True,False,False,cleaned_finished,2026-05-30 11:23:13.602358+02:00,False,False,NONE,Ecuador,Senegal,1,2,2,2,1.4025,0.2044,1.1981,10.5,3.5,7.0,3.5,0.5,3.0,1.5,0.5,1.0,5,5,1.0523,0.8787,0.1736,11.2,8.2,3.0,3.8,2.8,1.0,1.4,1.4,0.0
8806,8806,3857278,matched_direct,2022-11-29,FIFA World Cup,FIFA World Cup,2022,Iran,United States,0,1,TEAM_B_WIN,False,False,False,8806,8806,national_v1_elo_form,national,9.000,6.000,22.000,16.000,1.500,1.300,1.000,0.700,,62.072,True,False,False,TEAM_B_WIN,2026-05-30 12:22:31.707169+02:00,False,False,NONE,8806,18717,WC,FIFA World Cup,2022,2022-11-29 00:00:00+01:00,,,Iran,United States,0,1,TEAM_B_WIN,True,False,False,cleaned_finished,2026-05-30 11:23:13.602358+02:00,False,False,NONE,Iran,United States,0,1,5,5,1.1222,1.4763,-0.3541,10.4,14.0,-3.6,2.6,4.2,-1.6,1.2,1.6,-0.4,2,2,0.5584,0.928,-0.3696,8.0,7.5,0.5,1.0,3.0,-2.0,0.5,0.5,0.0
8804,8804,3857294,matched_reversed,2022-11-29,FIFA World Cup,FIFA World Cup,2022,Qatar,Netherlands,0,2,TEAM_B_WIN,True,False,False,8804,8804,national_v1_elo_form,national,9.000,11.000,22.000,24.000,1.900,3.200,0.600,0.500,,-296.267,False,False,False,TEAM_B_WIN,2026-05-30 12:22:31.707169+02:00,True,False,TEAM_A,8804,18715,WC,FIFA World Cup,2022,2022-11-29 00:00:00+01:00,,,Qatar,Netherlands,0,2,TEAM_B_WIN,False,False,False,cleaned_finished,2026-05-30 11:23:13.602358+02:00,True,False,TEAM_A,Qatar,Netherlands,0,2,2,2,0.6321,1.0285,-0.3964,7.5,9.0,-1.5,1.5,3.5,-2.0,0.5,2.5,-2.0,6,5,1.7248,0.9516,0.7732,9.8,12.8,-3.0,2.8,3.0,-0.2,1.6,0.6,1.0
8809,8809,3857257,matched_direct,2022-11-30,FIFA World Cup,FIFA World Cup,2022,Australia,Denmark,1,0,TEAM_A_WIN,False,False,False,8809,8809,national_v1_elo_form,national,7.000,7.000,13.000,22.000,1.100,2.100,1.100,0.500,,10.479,True,False,False,TEAM_A_WIN,2026-05-30 12:22:31.707169+02:00,False,False,NONE,8809,18720,WC,FIFA World Cup,2022,2022-11-30 00:00:00+01:00,,,Australia,Denmark,1,0,TEAM_A_WIN,True,False,False,cleaned_finished,2026-05-30 11:23:13.602358+02:00,False,False,NONE,Australia,Denmark,1,0,5,5,0.9408,1.427,-0.4862,9.4,12.6,-3.2,2.4,4.4,-2.0,0.8,1.8,-1.0,12,5,1.2396,1.5608,-0.3212,10.8,16.4,-5.6,5.2,4.6,0.6,1.6,1.0,0.6
8808,8808,3857260,matched_direct,2022-11-30,FIFA World Cup,FIFA World Cup,2022,Saudi Arabia,Mexico,1,2,TEAM_B_WIN,True,True,True,8808,8808,national_v1_elo_form,national,7.000,8.000,20.000,15.000,1.000,0.700,0.800,0.700,,-4.274,True,False,False,TEAM_B_WIN,2026-05-30 12:22:31.707169+02:00,False,False,NONE,8808,18719,WC,FIFA World Cup,2022,2022-11-30 00:00:00+01:00,,,Saudi Arabia,Mexico,1,2,TEAM_B_WIN,True,False,False,cleaned_finished,2026-05-30 11:23:13.602358+02:00,False,False,NONE,Saudi Arabia,Mexico,1,2,5,5,1.0387,1.6477,-0.609,11.0,12.0,-1.0,3.2,4.0,-0.8,0.8,2.0,-1.2,6,5,0.9613,1.6792,-0.7179,13.0,12.4,0.6,2.8,5.0,-2.2,0.4,1.6,-1.2
8807,8807,3857264,matched_direct,2022-11-30,FIFA World Cup,FIFA World Cup,2022,Poland,Argentina,0,2,TEAM_B_WIN,True,False,False,8807,8807,national_v1_elo_form,national,10.000,10.000,23.000,23.000,2.700,1.500,0.600,0.400,,-123.953,True,False,False,TEAM_B_WIN,2026-05-30 12:22:31.707169+02:00,False,False,NONE,8807,18718,WC,FIFA World Cup,2022,2022-11-30 00:00:00+01:00,,,Poland,Argentina,0,2,TEAM_B_WIN,True,False,False,cleaned_finished,2026-05-30 11:23:13.602358+02:00,False,False,NONE,Poland,Argentina,0,2,8,5,1.2948,1.3023,-0.0075,11.2,12.4,-1.2,3.4,4.0,-0.6,1.2,1.2,0.0,6,5,1.2664,1.027,0.2394,10.0,7.8,2.2,3.6,3.0,0.6,1.6,2.0,-0.4
8810,8810,3857275,matched_direct,2022-11-30,FIFA World Cup,FIFA World Cup,2022,Tunisia,France,1,0,TEAM_A_WIN,False,False,False,8810,8810,national_v1_elo_form,national,8.000,15.000,18.000,24.000,1.200,2.400,0.300,0.500,,-284.117,True,False,False,TEAM_A_WIN,2026-05-30 12:22:31.707169+02:00,False,False,NONE,8810,18721,WC,FIFA World Cup,2022,2022-11-30 00:00:00+01:00,,,Tunisia,France,1,0,TEAM_A_WIN,True,False,False,cleaned_finished,2026-05-30 11:23:13.602358+02:00,False,False,NONE,Tunisia,France,1,0,5,5,1.4197,2.1158,-0.6961,13.0,14.0,-1.0,3.4,5.8,-2.4,1.0,1.8,-0.8,13,5,2.9728,1.8998,1.073,20.6,9.4,11.2,7.0,4.2,2.8,2.4,1.6,0.8
8811,8811,3857255,matched_direct,2022-12-01,FIFA World Cup,FIFA World Cup,2022,Japan,Spain,2,1,TEAM_A_WIN,True,True,True,8811,8811,national_v1_elo_form,national,10.000,13.000,22.000,23.000,1.300,2.300,0.500,0.600,,-102.361,True,False,False,TEAM_A_WIN,2026-05-30 12:22:31.707169+02:00,False,False,NONE,8811,18722,WC,FIFA World Cup,2022,2022-12-01 00:00:00+01:00,,,Japan,Spain,2,1,TEAM_A_WIN,True,False,False,cleaned_finished,2026-05-30 11:23:13.602358+02:00,False,False,NONE,Japan,Spain,2,1,6,5,0.9179,1.7608,-0.8429,11.0,16.8,-5.8,3.4,5.2,-1.8,1.2,1.6,-0.4,12,5,3.5291,2.4417,1.0874,20.4,9.2,11.2,8.6,4.8,3.8,3.0,1.2,1.8
8814,8814,3857276,matched_direct,2022-12-01,FIFA World Cup,FIFA World Cup,2022,Canada,Morocco,1,2,TEAM_B_WIN,True,True,True,8814,8814,national_v1_elo_form,national,3.000,11.000,18.000,26.000,1.400,2.700,0.800,0.300,,-40.980,True,False,False,TEAM_B_WIN,2026-05-30 12:22:31.707169+02:00,False,False,NONE,8814,18725,WC,FIFA World Cup,2022,2022-12-01 00:00:00+01:00,,,Canada,Morocco,1,2,TEAM_B_WIN,True,False,False,cleaned_finished,2026-05-30 11:23:13.602358+02:00,False,False,NONE,Canada,Morocco,1,2,2,2,1.4165,1.6401,-0.2236,15.0,11.0,4.0,2.5,6.5,-4.0,0.5,2.5,-2.0,5,5,0.988,1.1359,-0.1479,11.4,10.6,0.8,3.2,2.4,0.8,0.8,0.8,0.0
8812,8812,3857292,matched_direct,2022-12-01,FIFA World Cup,FIFA World Cup,2022,Costa Rica,Germany,2,4,TEAM_B_WIN,True,True,True,8812,8812,national_v1_elo_form,national,12.000,10.000,25.000,22.000,1.100,3.400,0.900,0.700,,-87.301,True,False,False,TEAM_B_WIN,2026-05-30 12:22:31.707169+02:00,False,False,NONE,8812,18723,WC,FIFA World Cup,2022,2022-12-01 00:00:00+01:00,,,Costa Rica,Germany,2,4,TEAM_B_WIN,True,False,False,cleaned_finished,2026-05-30 11:23:13.602358+02:00,False,False,NONE,Costa Rica,Germany,2,4,5,5,0.5061,1.9688,-1.4627,6.4,15.6,-9.2,2.0,5.0,-3.0,0.6,2.4,-1.8,9,5,1.8403,1.145,0.6953,15.4,8.0,7.4,5.8,3.2,2.6,1.6,1.8,-0.2
8813,8813,3857296,matched_direct,2022-12-01,FIFA World Cup,FIFA World Cup,2022,Croatia,Belgium,0,0,DRAW,False,False,False,8813,8813,national_v1_elo_form,national,11.000,10.000,24.000,23.000,2.400,2.600,0.400,0.800,,-73.454,True,False,False,DRAW,2026-05-30 12:22:31.707169+02:00,False,False,NONE,8813,18724,WC,FIFA World Cup,2022,2022-12-01 00:00:00+01:00,,,Croatia,Belgium,0,0,DRAW,True,False,False,cleaned_finished,2026-05-30 11:23:13.602358+02:00,False,False,NONE,Croatia,Belgium,0,0,13,5,1.604,1.2907,0.3133,10.2,12.4,-2.2,5.4,3.6,1.8,2.2,1.6,0.6,14,5,0.896,1.227,-0.331,10.4,15.2,-4.8,3.6,3.2,0.4,1.0,0.8,0.2
8815,8815,3857256,matched_direct,2022-12-02,FIFA World Cup,FIFA World Cup,2022,Serbia,Switzerland,2,3,TEAM_B_WIN,True,True,True,8815,8815,national_v1_elo_form,national,10.000,10.000,21.000,21.000,2.100,1.600,1.400,0.300,,-74.810,True,False,False,TEAM_B_WIN,2026-05-30 12:22:31.707169+02:00,False,False,NONE,8815,18726,WC,FIFA World Cup,2022,2022-12-02 00:00:00+01:00,,,Serbia,Switzerland,2,3,TEAM_B_WIN,True,False,False,cleaned_finished,2026-05-30 11:23:13.602358+02:00,False,False,NONE,Serbia,Switzerland,2,3,5,5,1.1992,1.5535,-0.3543,11.0,16.0,-5.0,2.2,6.4,-4.2,1.0,1.8,-0.8,11,5,2.6857,3.2544,-0.5687,13.2,21.2,-8.0,5.6,8.8,-3.2,1.6,1.2,0.4
8818,8818,3857262,matched_direct,2022-12-02,FIFA World Cup,FIFA World Cup,2022,South Korea,Portugal,2,1,TEAM_A_WIN,True,True,True,8818,8818,national_v1_elo_form,national,7.000,12.000,20.000,25.000,1.400,2.400,0.600,0.700,,-96.239,True,False,False,TEAM_A_WIN,2026-05-30 12:22:31.707169+02:00,False,False,NONE,8818,18729,WC,FIFA World Cup,2022,2022-12-02 00:00:00+01:00,,,South Korea,Portugal,2,1,TEAM_A_WIN,True,False,False,cleaned_finished,2026-05-30 11:23:13.602358+02:00,False,False,NONE,South Korea,Portugal,2,1,5,5,0.9743,1.6394,-0.6651,12.4,15.2,-2.8,3.4,3.8,-0.4,1.0,1.2,-0.2,10,5,1.7007,1.1716,0.5291,13.2,10.0,3.2,3.8,4.0,-0.2,1.8,1.8,0.0
8816,8816,3857280,matched_direct,2022-12-02,FIFA World Cup,FIFA World Cup,2022,Cameroon,Brazil,1,0,TEAM_A_WIN,False,False,False,8816,8816,national_v1_elo_form,national,7.000,15.000,19.000,24.000,1.700,2.100,0.900,0.200,,-319.141,True,False,False,TEAM_A_WIN,2026-05-30 12:22:31.707169+02:00,False,False,NONE,8816,18727,WC,FIFA World Cup,2022,2022-12-02 00:00:00+01:00,,,Cameroon,Brazil,1,0,TEAM_A_WIN,True,False,False,cleaned_finished,2026-05-30 11:23:13.602358+02:00,False,False,NONE,Cameroon,Brazil,1,0,2,2,1.3417,1.5823,-0.2406,10.5,11.0,-0.5,6.5,4.0,2.5,1.5,2.0,-0.5,7,5,2.0792,0.4777,1.6015,19.0,8.8,10.2,8.0,1.0,7.0,1.6,0.4,1.2
8817,8817,3857293,matched_direct,2022-12-02,FIFA World Cup,FIFA World Cup,2022,Ghana,Uruguay,0,2,TEAM_B_WIN,True,False,False,8817,8817,national_v1_elo_form,national,8.000,10.000,18.000,13.000,1.300,0.900,0.900,1.400,,-44.343,True,False,False,TEAM_B_WIN,2026-05-30 12:22:31.707169+02:00,False,False,NONE,8817,18728,WC,FIFA World Cup,2022,2022-12-02 00:00:00+01:00,,,Ghana,Uruguay,0,2,TEAM_B_WIN,True,False,False,cleaned_finished,2026-05-30 11:23:13.602358+02:00,False,False,NONE,Ghana,Uruguay,0,2,2,2,0.9803,1.7324,-0.7521,8.0,16.0,-8.0,3.0,5.5,-2.5,2.5,2.5,0.0,7,5,1.0572,0.6843,0.3729,10.8,11.4,-0.6,3.4,2.0,1.4,1.0,1.0,0.0
8819,8819,3869117,matched_direct,2022-12-03,FIFA World Cup,FIFA World Cup,2022,Netherlands,United States,3,1,TEAM_A_WIN,True,True,True,8819,8819,national_v1_elo_form,national,11.000,8.000,24.000,16.000,2.700,1.200,0.500,0.700,,110.046,True,False,False,TEAM_A_WIN,2026-05-30 12:22:31.707169+02:00,False,False,NONE,8819,18730,WC,FIFA World Cup,2022,2022-12-03 00:00:00+01:00,,,Netherlands,United States,3,1,TEAM_A_WIN,True,False,False,cleaned_finished,2026-05-30 11:23:13.602358+02:00,False,False,NONE,Netherlands,United States,3,1,7,5,1.4001,0.9007,0.4994,9.6,12.0,-2.4,3.0,3.4,-0.4,1.6,0.6,1.0,3,3,0.7622,0.9256,-0.1634,9.3333,6.3333,3.0,2.3333,2.3333,0.0,0.6667,0.3333,0.3334
8820,8820,3869151,matched_direct,2022-12-03,FIFA World Cup,FIFA World Cup,2022,Argentina,Australia,2,1,TEAM_A_WIN,True,True,True,8820,8820,national_v1_elo_form,national,10.000,10.000,23.000,15.000,1.400,1.200,0.400,1.100,,68.047,True,False,False,TEAM_A_WIN,2026-05-30 12:22:31.707169+02:00,False,False,NONE,8820,18731,WC,FIFA World Cup,2022,2022-12-03 00:00:00+01:00,,,Argentina,Australia,2,1,TEAM_A_WIN,True,False,False,cleaned_finished,2026-05-30 11:23:13.602358+02:00,False,False,NONE,Argentina,Australia,2,1,7,5,1.6381,0.7002,0.9379,12.8,5.8,7.0,5.6,2.0,3.6,2.0,1.4,0.6,6,5,0.8387,1.2621,-0.4234,10.0,13.0,-3.0,2.8,4.4,-1.6,0.8,1.4,-0.6
8822,8822,3869118,matched_direct,2022-12-04,FIFA World Cup,FIFA World Cup,2022,England,Senegal,3,0,TEAM_A_WIN,True,True,False,8822,8822,national_v1_elo_form,national,13.000,9.000,24.000,22.000,3.900,1.900,0.400,0.900,,62.515,True,False,False,TEAM_A_WIN,2026-05-30 12:22:31.707169+02:00,False,False,NONE,8822,18733,WC,FIFA World Cup,2022,2022-12-04 00:00:00+01:00,,,England,Senegal,3,0,TEAM_A_WIN,True,False,False,cleaned_finished,2026-05-30 11:23:13.602358+02:00,False,False,NONE,England,Senegal,3,0,17,5,2.5514,1.7106,0.8408,14.2,11.0,3.2,6.6,4.0,2.6,2.4,0.8,1.6,6,5,1.1082,0.8706,0.2376,12.4,8.0,4.4,4.2,3.0,1.2,1.4,1.4,0.0
8821,8821,3869152,matched_direct,2022-12-04,FIFA World Cup,FIFA World Cup,2022,France,Poland,3,1,TEAM_A_WIN,True,True,True,8821,8821,national_v1_elo_form,national,12.000,7.000,23.000,20.000,2.300,2.300,0.500,0.700,,222.969,True,False,False,TEAM_A_WIN,2026-05-30 12:22:31.707169+02:00,False,False,NONE,8821,18732,WC,FIFA World Cup,2022,2022-12-04 00:00:00+01:00,,,France,Poland,3,1,TEAM_A_WIN,True,False,False,cleaned_finished,2026-05-30 11:23:13.602358+02:00,False,False,NONE,France,Poland,3,1,14,5,2.7302,1.8648,0.8654,19.2,9.4,9.8,6.8,4.2,2.6,2.2,1.6,0.6,9,5,1.0566,1.8469,-0.7903,8.4,15.0,-6.6,2.6,6.2,-3.6,1.0,1.2,-0.2
8823,8823,3869219,matched_direct,2022-12-05,FIFA World Cup,FIFA World Cup,2022,Japan,Croatia,1,1,DRAW,True,False,True,8823,8823,national_v1_elo_form,national,10.000,11.000,25.000,22.000,1.500,2.100,0.500,0.400,,41.065,True,False,False,DRAW,2026-05-30 12:22:31.707169+02:00,False,False,NONE,8823,18734,WC,FIFA World Cup,2022,2022-12-05 00:00:00+01:00,,,Japan,Croatia,1,1,DRAW,True,False,False,cleaned_finished,2026-05-30 11:23:13.602358+02:00,False,False,NONE,Japan,Croatia,1,1,7,5,0.953,1.5567,-0.6037,10.8,16.2,-5.4,3.4,4.8,-1.4,1.2,1.4,-0.2,14,5,1.545,1.3845,0.1605,10.2,13.4,-3.2,5.6,4.0,1.6,2.0,1.4,0.6
8824,8824,3869253,matched_direct,2022-12-05,FIFA World Cup,FIFA World Cup,2022,Brazil,South Korea,4,1,TEAM_A_WIN,True,True,True,8824,8824,national_v1_elo_form,national,12.000,7.000,23.000,20.000,2.100,1.400,0.300,0.600,,149.045,True,False,False,TEAM_A_WIN,2026-05-30 12:22:31.707169+02:00,False,False,NONE,8824,18735,WC,FIFA World Cup,2022,2022-12-05 00:00:00+01:00,,,Brazil,South Korea,4,1,TEAM_A_WIN,True,False,False,cleaned_finished,2026-05-30 11:23:13.602358+02:00,False,False,NONE,Brazil,South Korea,4,1,8,5,2.2709,0.3647,1.9062,20.2,8.0,12.2,8.2,1.4,6.8,1.2,0.6,0.6,6,5,1.1712,1.4311,-0.2599,13.8,14.6,-0.8,4.6,4.2,0.4,1.4,1.2,0.2
8825,8825,3869220,matched_direct,2022-12-06,FIFA World Cup,FIFA World Cup,2022,Morocco,Spain,0,0,DRAW,False,False,False,8825,8825,national_v1_elo_form,national,11.000,10.000,26.000,22.000,2.700,2.300,0.400,0.700,,-101.324,True,False,False,DRAW,2026-05-30 12:22:31.707169+02:00,False,False,NONE,8825,18736,WC,FIFA World Cup,2022,2022-12-06 00:00:00+01:00,,,Morocco,Spain,0,0,DRAW,True,False,False,cleaned_finished,2026-05-30 11:23:13.602358+02:00,False,False,NONE,Morocco,Spain,0,0,6,5,0.8614,1.2155,-0.3541,10.0,10.0,0.0,3.0,2.0,1.0,1.2,0.8,0.4,13,5,3.1447,2.1157,1.029,18.0,8.2,9.8,7.6,4.2,3.4,2.2,1.0,1.2
8826,8826,3869254,matched_direct,2022-12-06,FIFA World Cup,FIFA World Cup,2022,Portugal,Switzerland,6,1,TEAM_A_WIN,True,True,True,8826,8826,national_v1_elo_form,national,12.000,10.000,22.000,21.000,2.200,1.600,0.800,0.400,,0.669,True,False,False,TEAM_A_WIN,2026-05-30 12:22:31.707169+02:00,False,False,NONE,8826,18737,WC,FIFA World Cup,2022,2022-12-06 00:00:00+01:00,,,Portugal,Switzerland,6,1,TEAM_A_WIN,True,False,False,cleaned_finished,2026-05-30 11:23:13.602358+02:00,False,False,NONE,Portugal,Switzerland,6,1,11,5,1.5083,1.0253,0.483,14.4,9.8,4.6,4.6,3.8,0.8,1.6,1.4,0.2,12,5,2.9096,3.2433,-0.3337,11.4,19.6,-8.2,5.0,8.4,-3.4,1.6,1.4,0.2
8828,8828,3869321,matched_direct,2022-12-09,FIFA World Cup,FIFA World Cup,2022,Netherlands,Argentina,2,2,DRAW,True,True,True,8828,8828,national_v1_elo_form,national,13.000,10.000,26.000,23.000,2.900,1.500,0.500,0.500,,38.220,True,False,False,DRAW,2026-05-30 12:22:31.707169+02:00,False,False,NONE,8828,18739,WC,FIFA World Cup,2022,2022-12-09 00:00:00+01:00,,,Netherlands,Argentina,2,2,DRAW,True,False,False,cleaned_finished,2026-05-30 11:23:13.602358+02:00,False,False,NONE,Netherlands,Argentina,2,2,8,5,1.0525,1.0823,-0.0298,8.4,13.0,-4.6,2.8,4.4,-1.6,1.6,0.8,0.8,8,5,1.7643,0.5243,1.24,14.0,5.0,9.0,6.0,1.6,4.4,2.0,1.4,0.6
8827,8827,3869420,matched_direct,2022-12-09,FIFA World Cup,FIFA World Cup,2022,Croatia,Brazil,1,1,DRAW,True,False,True,8827,8827,national_v1_elo_form,national,9.000,12.000,22.000,23.000,2.200,2.100,0.500,0.300,,-130.542,True,False,False,DRAW,2026-05-30 12:22:31.707169+02:00,False,False,NONE,8827,18738,WC,FIFA World Cup,2022,2022-12-09 00:00:00+01:00,,,Croatia,Brazil,1,1,DRAW,True,False,False,cleaned_finished,2026-05-30 11:23:13.602358+02:00,False,False,NONE,Croatia,Brazil,1,1,15,5,2.1863,2.0028,0.1835,12.2,14.6,-2.4,5.6,5.0,0.6,1.6,1.4,0.2,9,5,2.2591,0.3171,1.942,20.0,6.8,13.2,8.2,2.4,5.8,1.6,0.8,0.8
8830,8830,3869354,matched_direct,2022-12-10,FIFA World Cup,FIFA World Cup,2022,England,France,1,2,TEAM_B_WIN,True,True,True,8830,8830,national_v1_elo_form,national,13.000,12.000,24.000,23.000,3.800,2.400,0.400,0.600,,-77.462,True,False,False,TEAM_B_WIN,2026-05-30 12:22:31.707169+02:00,False,False,NONE,8830,18741,WC,FIFA World Cup,2022,2022-12-10 00:00:00+01:00,,,England,France,1,2,TEAM_B_WIN,True,False,False,cleaned_finished,2026-05-30 11:23:13.602358+02:00,False,False,NONE,England,France,1,2,18,5,2.1454,1.83,0.3154,11.6,11.8,-0.2,5.4,3.4,2.0,2.6,0.6,2.0,15,5,2.6542,1.775,0.8792,20.2,9.8,10.4,7.2,3.6,3.6,2.4,1.4,1.0
8829,8829,3869486,matched_direct,2022-12-10,FIFA World Cup,FIFA World Cup,2022,Morocco,Portugal,1,0,TEAM_A_WIN,False,False,False,8829,8829,national_v1_elo_form,national,11.000,12.000,24.000,22.000,2.200,2.600,0.400,0.800,,-43.706,True,False,False,TEAM_A_WIN,2026-05-30 12:22:31.707169+02:00,False,False,NONE,8829,18740,WC,FIFA World Cup,2022,2022-12-10 00:00:00+01:00,,,Morocco,Portugal,1,0,TEAM_A_WIN,True,False,False,cleaned_finished,2026-05-30 11:23:13.602358+02:00,False,False,NONE,Morocco,Portugal,1,0,7,5,1.3113,1.6076,-0.2963,8.6,10.6,-2.0,3.6,2.2,1.4,1.2,0.6,0.6,12,5,1.5567,0.9784,0.5783,15.4,9.6,5.8,5.4,3.2,2.2,2.4,1.2,1.2
8831,8831,3869519,matched_direct,2022-12-13,FIFA World Cup,FIFA World Cup,2022,Argentina,Croatia,3,0,TEAM_A_WIN,True,True,False,8831,8831,national_v1_elo_form,national,10.000,7.000,21.000,20.000,1.600,2.200,0.700,0.600,,52.033,True,False,False,TEAM_A_WIN,2026-05-30 12:22:31.707169+02:00,False,False,NONE,8831,18742,WC,FIFA World Cup,2022,2022-12-13 00:00:00+01:00,,,Argentina,Croatia,3,0,TEAM_A_WIN,True,False,False,cleaned_finished,2026-05-30 11:23:13.602358+02:00,False,False,NONE,Argentina,Croatia,3,0,9,5,2.6464,1.0941,1.5523,15.4,5.6,9.8,7.0,2.2,4.8,1.8,1.0,0.8,16,5,2.3821,2.4369,-0.0548,12.6,14.6,-2.0,5.4,5.8,-0.4,1.2,0.6,0.6
8832,8832,3869552,matched_direct,2022-12-14,FIFA World Cup,FIFA World Cup,2022,France,Morocco,2,0,TEAM_A_WIN,True,False,False,8832,8832,national_v1_elo_form,national,12.000,11.000,23.000,24.000,2.500,2.000,0.700,0.400,,127.658,True,False,False,TEAM_A_WIN,2026-05-30 12:22:31.707169+02:00,False,False,NONE,8832,18743,WC,FIFA World Cup,2022,2022-12-14 00:00:00+01:00,,,France,Morocco,2,0,TEAM_A_WIN,True,False,False,cleaned_finished,2026-05-30 11:23:13.602358+02:00,False,False,NONE,France,Morocco,2,0,16,5,1.5094,1.0912,0.4182,15.6,9.4,6.2,5.6,3.0,2.6,2.2,1.0,1.2,8,5,1.2913,1.2355,0.0558,8.8,9.4,-0.6,3.6,2.2,1.4,1.0,0.2,0.8
8833,8833,3869684,matched_direct,2022-12-17,FIFA World Cup,FIFA World Cup,2022,Croatia,Morocco,2,1,TEAM_A_WIN,True,True,True,8833,8833,national_v1_elo_form,national,6.000,10.000,17.000,21.000,1.900,1.600,0.900,0.500,,1.024,True,False,False,TEAM_A_WIN,2026-05-30 12:22:31.707169+02:00,False,False,NONE,8833,18744,WC,FIFA World Cup,2022,2022-12-17 00:00:00+01:00,,,Croatia,Morocco,2,1,TEAM_A_WIN,True,False,False,cleaned_finished,2026-05-30 11:23:13.602358+02:00,False,False,NONE,Croatia,Morocco,2,1,17,5,2.2941,2.7373,-0.4432,14.0,14.8,-0.8,5.6,6.8,-1.2,1.2,1.2,0.0,9,5,1.4649,1.466,-0.0011,9.8,11.2,-1.4,3.6,2.4,1.2,1.0,0.6,0.4
8834,8834,3869685,matched_direct,2022-12-18,FIFA World Cup,FIFA World Cup,2022,Argentina,France,3,3,DRAW,True,True,True,8834,8834,national_v1_elo_form,national,13.000,12.000,23.000,25.000,1.900,2.600,0.700,0.600,,-62.417,True,False,False,DRAW,2026-05-30 12:22:31.707169+02:00,False,False,NONE,8834,18745,WC,FIFA World Cup,2022,2022-12-18 00:00:00+01:00,,,Argentina,France,3,3,DRAW,True,False,False,cleaned_finished,2026-05-30 11:23:13.602358+02:00,False,False,NONE,Argentina,France,3,3,10,5,2.5209,1.1454,1.3755,14.2,7.4,6.8,7.2,2.2,5.0,2.2,0.6,1.6,17,5,1.2758,1.2727,0.0031,13.8,11.2,2.6,4.8,3.2,1.6,1.8,0.8,1.0
